ISO-10303-21;
HEADER;
FILE_DESCRIPTION (( 'STEP AP214' ),
    '1' );
FILE_NAME ('KMS2x1GPxxx.STEP',
    '2026-04-16T19:03:02',
    ( '' ),
    ( '' ),
    'SwSTEP 2.0',
    'SolidWorks 2021',
    '' );
FILE_SCHEMA (( 'AUTOMOTIVE_DESIGN' ));
ENDSEC;

DATA;
#1 = DIRECTION ( 'NONE',  ( 0.000000000000000000, -1.000000000000000000, 0.000000000000000000 ) ) ;
#2 = ORIENTED_EDGE ( 'NONE', *, *, #8196, .T. ) ;
#3 = VERTEX_POINT ( 'NONE', #4488 ) ;
#4 = VECTOR ( 'NONE', #2260, 1000.000000000000114 ) ;
#5 = FACE_OUTER_BOUND ( 'NONE', #416, .T. ) ;
#6 = CARTESIAN_POINT ( 'NONE',  ( 2.018831043489715427, -0.6790934208649843651, 0.3871486632666570893 ) ) ;
#7 = CARTESIAN_POINT ( 'NONE',  ( -1.867386645469348405, -0.1499999999999996891, -0.4218284553639134460 ) ) ;
#8 = DIRECTION ( 'NONE',  ( -0.000000000000000000, -0.1564615434407232442, 0.9876840514173279573 ) ) ;
#9 = CYLINDRICAL_SURFACE ( 'NONE', #4296, 0.04999999999999991257 ) ;
#11 = ORIENTED_EDGE ( 'NONE', *, *, #1414, .F. ) ;
#10 = CARTESIAN_POINT ( 'NONE',  ( -1.699999999999999734, -0.1499999999999999667, -1.200000000000000178 ) ) ;
#12 = EDGE_CURVE ( 'NONE', #9147, #4443, #2777, .T. ) ;
#13 = DIRECTION ( 'NONE',  ( 1.000000000000000000, 3.252606517456510147E-15, -0.000000000000000000 ) ) ;
#14 = ORIENTED_EDGE ( 'NONE', *, *, #5123, .F. ) ;
#15 = LINE ( 'NONE', #3056, #4065 ) ;
#16 = ORIENTED_EDGE ( 'NONE', *, *, #7316, .T. ) ;
#17 = CIRCLE ( 'NONE', #4174, 0.04999999999999991257 ) ;
#18 = ORIENTED_EDGE ( 'NONE', *, *, #4966, .T. ) ;
#19 = EDGE_CURVE ( 'NONE', #4725, #9034, #5341, .T. ) ;
#20 = DIRECTION ( 'NONE',  ( -0.000000000000000000, 0.000000000000000000, -1.000000000000000000 ) ) ;
#21 = CARTESIAN_POINT ( 'NONE',  ( 1.867386645469348405, 1.897353801849632760E-16, 0.3974207797200597914 ) ) ;
#22 = AXIS2_PLACEMENT_3D ( 'NONE', #397, #1940, #346 ) ;
#23 = DIRECTION ( 'NONE',  ( 0.000000000000000000, 1.000000000000000000, -0.000000000000000000 ) ) ;
#24 = CARTESIAN_POINT ( 'NONE',  ( 0.6506347602098602190, -0.1000000000000000472, -1.349999999999999867 ) ) ;
#25 = EDGE_CURVE ( 'NONE', #2943, #716, #6035, .T. ) ;
#26 = FACE_OUTER_BOUND ( 'NONE', #2551, .T. ) ;
#27 = CARTESIAN_POINT ( 'NONE',  ( -1.499999999999999112, -1.419999999999999929, 1.099999999999999867 ) ) ;
#28 = ORIENTED_EDGE ( 'NONE', *, *, #4224, .T. ) ;
#29 = EDGE_LOOP ( 'NONE', ( #5810, #8288 ) ) ;
#30 = EDGE_LOOP ( 'NONE', ( #959, #6655, #2600, #6036 ) ) ;
#31 = EDGE_CURVE ( 'NONE', #7323, #3832, #6076, .T. ) ;
#32 = CARTESIAN_POINT ( 'NONE',  ( -1.849999999999999867, -0.1000000000000000472, 1.200189261712071964 ) ) ;
#33 = CARTESIAN_POINT ( 'NONE',  ( -1.921691279069815517, -0.7227925212916085362, 0.3377779411007548194 ) ) ;
#34 = CARTESIAN_POINT ( 'NONE',  ( 1.917386645469349338, -0.6876468598588639791, -0.3925329102575299545 ) ) ;
#35 = ADVANCED_FACE ( 'NONE', ( #8260 ), #5983, .T. ) ;
#36 = DIRECTION ( 'NONE',  ( 0.000000000000000000, 1.000000000000000000, -0.000000000000000000 ) ) ;
#37 = AXIS2_PLACEMENT_3D ( 'NONE', #9615, #7337, #3367 ) ;
#38 = ORIENTED_EDGE ( 'NONE', *, *, #7599, .T. ) ;
#39 = CARTESIAN_POINT ( 'NONE',  ( 1.917386645469350004, -0.7077984389976353929, -0.9252069843308823316 ) ) ;
#40 = AXIS2_PLACEMENT_3D ( 'NONE', #858, #158, #7825 ) ;
#41 = CARTESIAN_POINT ( 'NONE',  ( 0.6461224367392621737, 0.000000000000000000, -1.201033706287569558 ) ) ;
#42 = PRESENTATION_STYLE_ASSIGNMENT (( #6942 ) ) ;
#43 = ORIENTED_EDGE ( 'NONE', *, *, #2793, .F. ) ;
#44 = VECTOR ( 'NONE', #3721, 1000.000000000000000 ) ;
#45 = AXIS2_PLACEMENT_3D ( 'NONE', #5705, #4161, #8789 ) ;
#46 = CARTESIAN_POINT ( 'NONE',  ( -1.224999999999999867, -0.1499999999999998002, 2.099119630351393706 ) ) ;
#47 = CARTESIAN_POINT ( 'NONE',  ( 1.499999999999999556, -1.419999999999999929, 0.6999999999999999556 ) ) ;
#48 = EDGE_CURVE ( 'NONE', #633, #9301, #5264, .T. ) ;
#49 = CARTESIAN_POINT ( 'NONE',  ( -1.232565600935420003, -0.1024085865361475250, 2.113214074152566457 ) ) ;
#50 = EDGE_CURVE ( 'NONE', #186, #3707, #2255, .T. ) ;
#51 = DIRECTION ( 'NONE',  ( -0.000000000000000000, -1.000000000000000000, 0.000000000000000000 ) ) ;
#52 = CIRCLE ( 'NONE', #5527, 0.2999999999999999334 ) ;
#53 = ORIENTED_EDGE ( 'NONE', *, *, #5731, .F. ) ;
#54 = VECTOR ( 'NONE', #3626, 1000.000000000000000 ) ;
#55 = DIRECTION ( 'NONE',  ( -0.4148739022949276545, -0.9098789178756583329, 8.673617379884035472E-16 ) ) ;
#56 = ORIENTED_EDGE ( 'NONE', *, *, #458, .F. ) ;
#57 = VERTEX_POINT ( 'NONE', #27 ) ;
#58 = CARTESIAN_POINT ( 'NONE',  ( 1.235655076249961626, -0.1023877124351942891, 2.110053038921174906 ) ) ;
#59 = CARTESIAN_POINT ( 'NONE',  ( 2.018396645469350048, -0.6727266346300249111, 0.3909983590177221191 ) ) ;
#60 = CARTESIAN_POINT ( 'NONE',  ( 1.250000000000000000, 0.000000000000000000, 1.875000000000000222 ) ) ;
#61 = DIRECTION ( 'NONE',  ( -1.000000000000000000, 0.000000000000000000, 0.000000000000000000 ) ) ;
#62 = CARTESIAN_POINT ( 'NONE',  ( -2.100000000000000089, -0.6548169886614644275, 0.3499999999999999778 ) ) ;
#64 = ORIENTED_EDGE ( 'NONE', *, *, #6409, .T. ) ;
#63 = DIRECTION ( 'NONE',  ( 0.000000000000000000, 0.000000000000000000, -1.000000000000000000 ) ) ;
#65 = CARTESIAN_POINT ( 'NONE',  ( 1.917386645469350004, -0.6650180178729041547, -1.510468355502019744 ) ) ;
#66 = ORIENTED_EDGE ( 'NONE', *, *, #1392, .T. ) ;
#67 = FACE_OUTER_BOUND ( 'NONE', #3694, .T. ) ;
#68 = AXIS2_PLACEMENT_3D ( 'NONE', #8087, #1057, #7381 ) ;
#69 = ORIENTED_EDGE ( 'NONE', *, *, #7035, .T. ) ;
#70 = ORIENTED_EDGE ( 'NONE', *, *, #6158, .F. ) ;
#71 = LINE ( 'NONE', #5660, #2261 ) ;
#72 = DIRECTION ( 'NONE',  ( -1.000000000000000000, 0.000000000000000000, 0.000000000000000000 ) ) ;
#73 = VECTOR ( 'NONE', #9192, 1000.000000000000000 ) ;
#74 = FILL_AREA_STYLE ('',( #3312 ) ) ;
#75 = DIRECTION ( 'NONE',  ( 0.000000000000000000, 1.000000000000000000, 0.000000000000000000 ) ) ;
#76 = CARTESIAN_POINT ( 'NONE',  ( 1.967815858791149175, -0.03858198928555468116, -0.9911694704943525558 ) ) ;
#77 = CARTESIAN_POINT ( 'NONE',  ( -1.700001432804958412, -0.1000000000000000472, 1.200757046848291099 ) ) ;
#78 = DIRECTION ( 'NONE',  ( -1.000000000000000000, 0.000000000000000000, 0.000000000000000000 ) ) ;
#79 = EDGE_CURVE ( 'NONE', #8238, #1125, #822, .T. ) ;
#80 = ORIENTED_EDGE ( 'NONE', *, *, #8315, .F. ) ;
#81 = ORIENTED_EDGE ( 'NONE', *, *, #4749, .F. ) ;
#82 = VERTEX_POINT ( 'NONE', #3065 ) ;
#83 = EDGE_CURVE ( 'NONE', #4971, #1345, #1465, .T. ) ;
#84 = CARTESIAN_POINT ( 'NONE',  ( 2.299999999999999822, -1.419999999999999929, -0.4999999999999997780 ) ) ;
#85 = CARTESIAN_POINT ( 'NONE',  ( -1.926660414300833013, -0.7505243155457407278, -0.9204838419810618122 ) ) ;
#86 = CARTESIAN_POINT ( 'NONE',  ( 1.274999999999999911, -1.050000000000000044, 2.083410071915998252 ) ) ;
#87 = FACE_OUTER_BOUND ( 'NONE', #7958, .T. ) ;
#88 = ORIENTED_EDGE ( 'NONE', *, *, #7756, .T. ) ;
#89 = EDGE_CURVE ( 'NONE', #7619, #5439, #4848, .T. ) ;
#90 = CARTESIAN_POINT ( 'NONE',  ( -1.199999999999999956, -0.1314971447477521482, 2.075000000000000178 ) ) ;
#91 = CARTESIAN_POINT ( 'NONE',  ( -1.989074743118145472, -0.8874080328634453840, 0.1447648332056534759 ) ) ;
#92 = DIRECTION ( 'NONE',  ( 0.000000000000000000, 0.000000000000000000, 1.000000000000000000 ) ) ;
#93 = EDGE_CURVE ( 'NONE', #3999, #4923, #510, .T. ) ;
#94 = CYLINDRICAL_SURFACE ( 'NONE', #841, 0.1499999999999999667 ) ;
#95 = FACE_OUTER_BOUND ( 'NONE', #8382, .T. ) ;
#96 = CARTESIAN_POINT ( 'NONE',  ( 1.200000000000000178, -0.1314971447477521482, 2.125000000000000000 ) ) ;
#97 = CARTESIAN_POINT ( 'NONE',  ( -1.224999999999999645, -1.100000000000000089, 1.849999999999999867 ) ) ;
#98 = CARTESIAN_POINT ( 'NONE',  ( -1.228870331272065242, -0.1028974466340109445, 2.116066733387442333 ) ) ;
#99 = ADVANCED_FACE ( 'NONE', ( #3831 ), #6928, .T. ) ;
#100 = CARTESIAN_POINT ( 'NONE',  ( 2.018183949432011293, -0.6833873191595715157, -0.3877888494584237344 ) ) ;
#101 = ORIENTED_EDGE ( 'NONE', *, *, #2161, .F. ) ;
#102 = LINE ( 'NONE', #6950, #8456 ) ;
#103 = ORIENTED_EDGE ( 'NONE', *, *, #6561, .F. ) ;
#104 = ORIENTED_EDGE ( 'NONE', *, *, #4345, .T. ) ;
#105 = EDGE_CURVE ( 'NONE', #2962, #9896, #8503, .T. ) ;
#106 = CARTESIAN_POINT ( 'NONE',  ( 1.499999999999999556, -1.419999999999999929, 1.099999999999999867 ) ) ;
#107 = CARTESIAN_POINT ( 'NONE',  ( 2.021553393792745901, -0.7003219852149629165, 0.3534724863334479661 ) ) ;
#108 = CARTESIAN_POINT ( 'NONE',  ( -2.019922486465824285, -0.6968285706987509265, 0.3733776162567621903 ) ) ;
#109 = CARTESIAN_POINT ( 'NONE',  ( -1.914825147993092447, -0.4835307575317840389, 0.5089130437326940815 ) ) ;
#110 = FACE_OUTER_BOUND ( 'NONE', #2115, .T. ) ;
#111 = VERTEX_POINT ( 'NONE', #8553 ) ;
#112 = CARTESIAN_POINT ( 'NONE',  ( 2.031274207352990135, -0.9799576066991059209, -1.510468355502019744 ) ) ;
#113 = VECTOR ( 'NONE', #1719, 1000.000000000000000 ) ;
#114 = CARTESIAN_POINT ( 'NONE',  ( 1.944422970106652659, -0.7894801885613823567, 0.9157532022455918685 ) ) ;
#115 = ORIENTED_EDGE ( 'NONE', *, *, #7996, .F. ) ;
#116 = ORIENTED_EDGE ( 'NONE', *, *, #7267, .F. ) ;
#117 = EDGE_CURVE ( 'NONE', #8233, #165, #1617, .T. ) ;
#118 = VECTOR ( 'NONE', #5732, 1000.000000000000000 ) ;
#119 = CARTESIAN_POINT ( 'NONE',  ( 1.699999999999999734, -1.269999999999999796, 0.5000000000000001110 ) ) ;
#120 = FACE_OUTER_BOUND ( 'NONE', #3663, .T. ) ;
#121 = DIRECTION ( 'NONE',  ( -0.000000000000000000, -0.000000000000000000, -1.000000000000000000 ) ) ;
#122 = LINE ( 'NONE', #6361, #6313 ) ;
#123 = LINE ( 'NONE', #4539, #6875 ) ;
#124 = ORIENTED_EDGE ( 'NONE', *, *, #9390, .T. ) ;
#125 = VECTOR ( 'NONE', #4767, 1000.000000000000000 ) ;
#126 = ORIENTED_EDGE ( 'NONE', *, *, #3260, .F. ) ;
#127 = ORIENTED_EDGE ( 'NONE', *, *, #9597, .T. ) ;
#128 = CARTESIAN_POINT ( 'NONE',  ( -1.899999999999999467, -0.1499999999999999667, -1.200000000000000178 ) ) ;
#129 = DIRECTION ( 'NONE',  ( 0.000000000000000000, 0.1132032137679068184, -0.9935718556765874565 ) ) ;
#130 = VECTOR ( 'NONE', #886, 1000.000000000000000 ) ;
#131 = FILL_AREA_STYLE ('',( #974 ) ) ;
#132 = PLANE ( 'NONE',  #8970 ) ;
#133 = AXIS2_PLACEMENT_3D ( 'NONE', #6831, #5225, #1525 ) ;
#134 = CARTESIAN_POINT ( 'NONE',  ( -0.4961224367392622625, -0.1000000000000000056, 1.247023181841393047 ) ) ;
#135 = ORIENTED_EDGE ( 'NONE', *, *, #4128, .T. ) ;
#136 = DIRECTION ( 'NONE',  ( 0.000000000000000000, 0.000000000000000000, -1.000000000000000000 ) ) ;
#137 = CARTESIAN_POINT ( 'NONE',  ( 1.917386645469348005, 6.561764951283327056E-15, -0.4218284553639131129 ) ) ;
#138 = ADVANCED_FACE ( 'NONE', ( #4900 ), #4074, .T. ) ;
#139 = ORIENTED_EDGE ( 'NONE', *, *, #5277, .F. ) ;
#140 = VECTOR ( 'NONE', #597, 1000.000000000000000 ) ;
#141 = ADVANCED_FACE ( 'NONE', ( #2658 ), #1850, .F. ) ;
#142 = CARTESIAN_POINT ( 'NONE',  ( -0.9749999999999999778, -1.919999999999999929, 0.7500000000000000000 ) ) ;
#143 = DIRECTION ( 'NONE',  ( 0.000000000000000000, 0.000000000000000000, 1.000000000000000000 ) ) ;
#144 = CIRCLE ( 'NONE', #8110, 0.04999999999999991257 ) ;
#145 = DIRECTION ( 'NONE',  ( 0.000000000000000000, 0.000000000000000000, 1.000000000000000000 ) ) ;
#146 = VECTOR ( 'NONE', #4841, 1000.000000000000114 ) ;
#147 = EDGE_CURVE ( 'NONE', #8218, #7101, #7235, .T. ) ;
#148 = ORIENTED_EDGE ( 'NONE', *, *, #464, .T. ) ;
#149 = DIRECTION ( 'NONE',  ( 0.9098789178756583329, -0.4148739022949274324, -0.000000000000000000 ) ) ;
#150 = ORIENTED_EDGE ( 'NONE', *, *, #4762, .T. ) ;
#151 = ORIENTED_EDGE ( 'NONE', *, *, #5568, .T. ) ;
#152 = ADVANCED_FACE ( 'NONE', ( #2561 ), #2712, .T. ) ;
#153 = FACE_OUTER_BOUND ( 'NONE', #3035, .T. ) ;
#154 = CARTESIAN_POINT ( 'NONE',  ( 1.845392560103486179, -0.1000000000000000056, -1.138612766526183595 ) ) ;
#155 = DIRECTION ( 'NONE',  ( 0.9098789178756584439, 0.4148739022949274324, 0.000000000000000000 ) ) ;
#156 = CARTESIAN_POINT ( 'NONE',  ( 1.845392560103486179, 0.000000000000000000, 1.138612766526183817 ) ) ;
#157 = CARTESIAN_POINT ( 'NONE',  ( -0.9749999999999999778, -1.919999999999999929, 0.9249999999999998224 ) ) ;
#159 = VERTEX_POINT ( 'NONE', #7283 ) ;
#158 = DIRECTION ( 'NONE',  ( 0.000000000000000000, 1.000000000000000000, 0.000000000000000000 ) ) ;
#160 = ADVANCED_FACE ( 'NONE', ( #8090 ), #4231, .T. ) ;
#161 = CARTESIAN_POINT ( 'NONE',  ( 1.917386645469349560, -0.4676805559526494016, -0.4218284553639131129 ) ) ;
#162 = ORIENTED_EDGE ( 'NONE', *, *, #2301, .T. ) ;
#163 = AXIS2_PLACEMENT_3D ( 'NONE', #4822, #6345, #5644 ) ;
#164 = DIRECTION ( 'NONE',  ( 0.000000000000000000, -1.000000000000000000, -0.000000000000000000 ) ) ;
#165 = VERTEX_POINT ( 'NONE', #3473 ) ;
#166 = EDGE_LOOP ( 'NONE', ( #1894, #8736, #148, #2515, #3242, #6306 ) ) ;
#167 = CARTESIAN_POINT ( 'NONE',  ( 1.917386645469350226, -0.7078323662991689025, -0.9252032356380572864 ) ) ;
#168 = CARTESIAN_POINT ( 'NONE',  ( -1.224999999999999645, -0.4499999999999999001, 0.7500000000000002220 ) ) ;
#169 = AXIS2_PLACEMENT_3D ( 'NONE', #4198, #3492, #3444 ) ;
#170 = LINE ( 'NONE', #8641, #146 ) ;
#171 = EDGE_CURVE ( 'NONE', #5353, #2895, #9387, .T. ) ;
#172 = DIRECTION ( 'NONE',  ( 0.000000000000000000, 0.000000000000000000, 1.000000000000000000 ) ) ;
#173 = ADVANCED_FACE ( 'NONE', ( #8804 ), #4843, .T. ) ;
#174 = ORIENTED_EDGE ( 'NONE', *, *, #2052, .T. ) ;
#175 =( BOUNDED_CURVE ( )  B_SPLINE_CURVE ( 3, ( #4911, #7244, #9520, #6475 ),
 .UNSPECIFIED., .F., .F. ) 
 B_SPLINE_CURVE_WITH_KNOTS ( ( 4, 4 ),
 ( 1.570796326794896558, 3.141592653589793116 ),
 .UNSPECIFIED. ) 
 CURVE ( )  GEOMETRIC_REPRESENTATION_ITEM ( )  RATIONAL_B_SPLINE_CURVE ( ( 1.000000000000000000, 0.8047378541243649375, 0.8047378541243649375, 1.000000000000000000 ) ) 
 REPRESENTATION_ITEM ( '' )  );
#176 = VERTEX_POINT ( 'NONE', #2510 ) ;
#177 = ORIENTED_EDGE ( 'NONE', *, *, #4658, .F. ) ;
#178 = AXIS2_PLACEMENT_3D ( 'NONE', #3276, #8708, #2520 ) ;
#179 = LINE ( 'NONE', #5569, #2710 ) ;
#180 = CARTESIAN_POINT ( 'NONE',  ( 1.949402302898350259, -0.1000000000000000056, -0.4218284553639131129 ) ) ;
#181 = LINE ( 'NONE', #3982, #2795 ) ;
#182 = DIRECTION ( 'NONE',  ( 0.9098789178756583329, -0.4148739022949275435, 1.610483921709693877E-16 ) ) ;
#183 = ORIENTED_EDGE ( 'NONE', *, *, #5209, .F. ) ;
#184 = CARTESIAN_POINT ( 'NONE',  ( 1.922222661990952375, -0.7186949277385837886, -0.3639190926818535177 ) ) ;
#185 = DIRECTION ( 'NONE',  ( 0.000000000000000000, 0.000000000000000000, 1.000000000000000000 ) ) ;
#186 = VERTEX_POINT ( 'NONE', #4175 ) ;
#187 = DIRECTION ( 'NONE',  ( -2.710505431213762564E-16, 0.000000000000000000, 1.000000000000000000 ) ) ;
#188 = SURFACE_STYLE_FILL_AREA ( #1637 ) ;
#189 = CARTESIAN_POINT ( 'NONE',  ( 1.679389374268562163, -0.3314104039620722753, -1.099999999999999423 ) ) ;
#190 = CARTESIAN_POINT ( 'NONE',  ( 2.017573512165822258, -0.6746909890969964296, -0.3925184911853430991 ) ) ;
#191 = EDGE_LOOP ( 'NONE', ( #6766, #3380, #5974, #6191, #6996 ) ) ;
#192 = EDGE_CURVE ( 'NONE', #1807, #4324, #2419, .T. ) ;
#193 = FACE_OUTER_BOUND ( 'NONE', #3603, .T. ) ;
#194 = ORIENTED_EDGE ( 'NONE', *, *, #2151, .T. ) ;
#195 = ORIENTED_EDGE ( 'NONE', *, *, #8617, .T. ) ;
#196 = CARTESIAN_POINT ( 'NONE',  ( 1.499999999999999556, -1.269999999999999796, -0.6999999999999999556 ) ) ;
#197 = CARTESIAN_POINT ( 'NONE',  ( 2.017386645469348316, -0.1499999999999991895, 0.4218284553639137235 ) ) ;
#198 = CARTESIAN_POINT ( 'NONE',  ( -1.823837256205526502, -0.5250181477612768655, -0.5089130437326950807 ) ) ;
#199 = VECTOR ( 'NONE', #3082, 1000.000000000000000 ) ;
#200 = CIRCLE ( 'NONE', #8427, 0.1499999999999999667 ) ;
#201 = EDGE_LOOP ( 'NONE', ( #1361, #4410, #2755, #3550, #3429 ) ) ;
#202 = ADVANCED_FACE ( 'NONE', ( #5721 ), #311, .F. ) ;
#203 = LINE ( 'NONE', #6456, #4553 ) ;
#204 = ORIENTED_EDGE ( 'NONE', *, *, #2695, .T. ) ;
#205 = VECTOR ( 'NONE', #7494, 1000.000000000000000 ) ;
#206 = EDGE_LOOP ( 'NONE', ( #6932, #1186, #3686, #7703, #9056 ) ) ;
#207 = AXIS2_PLACEMENT_3D ( 'NONE', #2184, #7626, #3050 ) ;
#208 = VECTOR ( 'NONE', #7139, 1000.000000000000000 ) ;
#209 = ADVANCED_FACE ( 'NONE', ( #2611 ), #8040, .T. ) ;
#210 = LINE ( 'NONE', #2353, #3727 ) ;
#211 = SURFACE_STYLE_FILL_AREA ( #4790 ) ;
#212 = FACE_OUTER_BOUND ( 'NONE', #3503, .T. ) ;
#213 = DIRECTION ( 'NONE',  ( -0.9098789178756583329, 0.4148739022949275435, 4.553896008972792495E-16 ) ) ;
#214 = ORIENTED_EDGE ( 'NONE', *, *, #4287, .F. ) ;
#215 = EDGE_LOOP ( 'NONE', ( #7021, #1873, #859, #8589, #4884 ) ) ;
#216 = ORIENTED_EDGE ( 'NONE', *, *, #8545, .F. ) ;
#217 = CIRCLE ( 'NONE', #5869, 0.3750000000000001665 ) ;
#218 = EDGE_CURVE ( 'NONE', #5894, #1296, #9510, .T. ) ;
#219 = DIRECTION ( 'NONE',  ( 0.000000000000000000, 1.626303258728256020E-14, 1.000000000000000000 ) ) ;
#220 = CARTESIAN_POINT ( 'NONE',  ( -1.899999999999999689, -1.420000000000000151, 0.5000000000000000000 ) ) ;
#221 = LINE ( 'NONE', #5528, #7138 ) ;
#222 = LINE ( 'NONE', #1869, #7705 ) ;
#223 = LINE ( 'NONE', #3278, #6392 ) ;
#224 = VERTEX_POINT ( 'NONE', #8967 ) ;
#225 = CARTESIAN_POINT ( 'NONE',  ( 1.919008633460187907, -0.6968259340499196597, -0.3856769226567975384 ) ) ;
#226 = CARTESIAN_POINT ( 'NONE',  ( 2.299999999999999822, -1.269999999999999796, 0.4999999999999995559 ) ) ;
#227 =( BOUNDED_SURFACE ( )  B_SPLINE_SURFACE ( 3, 2, ( 
 ( #9134, #3747, #6781 ),
 ( #635, #9086, #9894 ),
 ( #9035, #2070, #9748 ),
 ( #8271, #2882, #6838 ) ),
 .UNSPECIFIED., .F., .F., .T. ) 
 B_SPLINE_SURFACE_WITH_KNOTS ( ( 4, 4 ),
 ( 3, 3 ),
 ( 1.973546295927915514E-05, 0.0001197354629648677952 ),
 ( 0.000000000000000000, 1.000000000000000000 ),
 .UNSPECIFIED. ) 
 GEOMETRIC_REPRESENTATION_ITEM ( )  RATIONAL_B_SPLINE_SURFACE ( (
 ( 1.000000000000000000, 0.8891885633483870288, 1.000000000000000000),
 ( 1.000000000000000000, 0.8891885633483870288, 1.000000000000000000),
 ( 1.000000000000000000, 0.8891885633483868068, 1.000000000000000000),
 ( 1.000000000000000000, 0.8891885633483868068, 1.000000000000000000) ) ) 
 REPRESENTATION_ITEM ( '' )  SURFACE ( )  );
#228 = TOROIDAL_SURFACE ( 'NONE', #9767, 0.1499999999999999944, 0.05000000000000000278 ) ;
#229 = ORIENTED_EDGE ( 'NONE', *, *, #7097, .T. ) ;
#230 = EDGE_CURVE ( 'NONE', #5418, #8795, #5970, .T. ) ;
#231 = DIRECTION ( 'NONE',  ( -0.000000000000000000, 9.346570452461245599E-18, 1.000000000000000000 ) ) ;
#232 = DIRECTION ( 'NONE',  ( 0.000000000000000000, 0.000000000000000000, 1.000000000000000000 ) ) ;
#233 = LINE ( 'NONE', #8013, #7379 ) ;
#234 = ORIENTED_EDGE ( 'NONE', *, *, #7731, .T. ) ;
#235 = DIRECTION ( 'NONE',  ( -1.000000000000000000, 0.000000000000000000, 2.352799587455083312E-16 ) ) ;
#236 = ORIENTED_EDGE ( 'NONE', *, *, #7187, .T. ) ;
#237 = ORIENTED_EDGE ( 'NONE', *, *, #3515, .T. ) ;
#238 = PLANE ( 'NONE',  #4328 ) ;
#239 = DIRECTION ( 'NONE',  ( 1.000000000000000000, 0.000000000000000000, 0.000000000000000000 ) ) ;
#240 = DIRECTION ( 'NONE',  ( -0.000000000000000000, 0.000000000000000000, 1.000000000000000000 ) ) ;
#241 = CYLINDRICAL_SURFACE ( 'NONE', #604, 0.2999999999999999334 ) ;
#243 = ORIENTED_EDGE ( 'NONE', *, *, #9063, .F. ) ;
#242 = CARTESIAN_POINT ( 'NONE',  ( 1.274999999999999911, -0.1499999999999997446, 0.7500000000000002220 ) ) ;
#244 = CARTESIAN_POINT ( 'NONE',  ( -2.017386645469348316, -0.4676805559526505118, -0.02182845536391307684 ) ) ;
#245 = ORIENTED_EDGE ( 'NONE', *, *, #9307, .F. ) ;
#246 = FACE_OUTER_BOUND ( 'NONE', #5234, .T. ) ;
#247 = EDGE_LOOP ( 'NONE', ( #3097, #7955, #7874, #4920, #897, #4202, #4023, #8162, #8426, #3909 ) ) ;
#248 = ADVANCED_FACE ( 'NONE', ( #9869 ), #2909, .T. ) ;
#249 = EDGE_LOOP ( 'NONE', ( #8477, #5603, #2025, #4913 ) ) ;
#250 = CIRCLE ( 'NONE', #8642, 0.05000000000000002359 ) ;
#251 = FACE_OUTER_BOUND ( 'NONE', #4208, .T. ) ;
#252 = EDGE_CURVE ( 'NONE', #6150, #7945, #6797, .T. ) ;
#253 = CARTESIAN_POINT ( 'NONE',  ( 1.916386645469350336, -0.7079750834503688584, -0.9252032351977836910 ) ) ;
#254 = CARTESIAN_POINT ( 'NONE',  ( 1.274999999999999911, 0.000000000000000000, 0.000000000000000000 ) ) ;
#255 = FILL_AREA_STYLE_COLOUR ( '', #6418 ) ;
#256 = AXIS2_PLACEMENT_3D ( 'NONE', #6537, #1822, #4201 ) ;
#257 = CARTESIAN_POINT ( 'NONE',  ( 1.274999999999999911, -0.1499999999999998002, 2.099119630351393706 ) ) ;
#258 = CARTESIAN_POINT ( 'NONE',  ( -1.274999999999999911, -0.4499999999999999001, 0.7500000000000002220 ) ) ;
#259 = DIRECTION ( 'NONE',  ( 0.000000000000000000, 0.000000000000000000, -1.000000000000000000 ) ) ;
#260 = EDGE_LOOP ( 'NONE', ( #647, #9873, #5689, #7763 ) ) ;
#261 = EDGE_CURVE ( 'NONE', #6803, #1878, #5107, .T. ) ;
#262 = ORIENTED_EDGE ( 'NONE', *, *, #415, .T. ) ;
#263 = ORIENTED_EDGE ( 'NONE', *, *, #4776, .T. ) ;
#264 = VECTOR ( 'NONE', #1324, 1000.000000000000000 ) ;
#265 = CARTESIAN_POINT ( 'NONE',  ( -1.926660414300833457, -0.7505243155457418380, 0.9204838419810615902 ) ) ;
#266 = ADVANCED_FACE ( 'NONE', ( #1407 ), #4280, .T. ) ;
#267 = CARTESIAN_POINT ( 'NONE',  ( -1.917386645469350226, -0.6799648765719980004, -0.2733295117989499867 ) ) ;
#268 = CARTESIAN_POINT ( 'NONE',  ( 1.499999999999999556, -1.419999999999999929, 0.6999999999999998446 ) ) ;
#269 = CARTESIAN_POINT ( 'NONE',  ( -1.799402302898350348, -0.1000000000000000056, 0.2718284553639131462 ) ) ;
#270 = CARTESIAN_POINT ( 'NONE',  ( -0.9749999999999999778, -1.919999999999999929, 1.125000000000000222 ) ) ;
#271 = CARTESIAN_POINT ( 'NONE',  ( 1.845392560103486179, -0.1000000000000000056, 1.399999999999999245 ) ) ;
#272 = VERTEX_POINT ( 'NONE', #5252 ) ;
#273 = CARTESIAN_POINT ( 'NONE',  ( 1.922763643651558274, -0.7215653221533490091, -0.3498825380801601215 ) ) ;
#274 = CIRCLE ( 'NONE', #1553, 0.4464636981603574695 ) ;
#275 = LINE ( 'NONE', #8819, #7294 ) ;
#276 = EDGE_CURVE ( 'NONE', #3196, #9737, #8346, .T. ) ;
#277 = ORIENTED_EDGE ( 'NONE', *, *, #3073, .T. ) ;
#278 = CARTESIAN_POINT ( 'NONE',  ( 1.977825392665262250, -0.8627365682081508114, -8.673617379884035472E-16 ) ) ;
#279 = CARTESIAN_POINT ( 'NONE',  ( 1.700001432804957968, -0.1000000000000000472, 1.200757046848291543 ) ) ;
#280 = EDGE_LOOP ( 'NONE', ( #4644, #7809, #5557, #4516 ) ) ;
#281 = CARTESIAN_POINT ( 'NONE',  ( 1.894963346781685098, -0.002556703968168737903, 1.027194755811738691 ) ) ;
#282 = ADVANCED_FACE ( 'NONE', ( #7385 ), #6623, .F. ) ;
#283 = ORIENTED_EDGE ( 'NONE', *, *, #1130, .F. ) ;
#284 = VECTOR ( 'NONE', #9028, 1000.000000000000000 ) ;
#285 = VERTEX_POINT ( 'NONE', #1263 ) ;
#286 = VERTEX_POINT ( 'NONE', #514 ) ;
#287 = EDGE_CURVE ( 'NONE', #3585, #8715, #3646, .T. ) ;
#288 = CIRCLE ( 'NONE', #3163, 0.1499999999999999667 ) ;
#289 = FACE_OUTER_BOUND ( 'NONE', #2137, .T. ) ;
#290 = DIRECTION ( 'NONE',  ( 0.000000000000000000, -1.000000000000000000, -0.000000000000000000 ) ) ;
#291 = AXIS2_PLACEMENT_3D ( 'NONE', #6944, #2326, #2377 ) ;
#292 = DIRECTION ( 'NONE',  ( 1.000000000000000000, -0.000000000000000000, -0.000000000000000000 ) ) ;
#293 = DIRECTION ( 'NONE',  ( 3.333062883800339130E-16, -1.000000000000000000, 0.000000000000000000 ) ) ;
#294 = DIRECTION ( 'NONE',  ( 0.000000000000000000, 0.000000000000000000, 1.000000000000000000 ) ) ;
#295 = DIRECTION ( 'NONE',  ( -0.000000000000000000, -0.000000000000000000, -1.000000000000000000 ) ) ;
#297 = ORIENTED_EDGE ( 'NONE', *, *, #6245, .F. ) ;
#296 = CARTESIAN_POINT ( 'NONE',  ( -1.274999999999999911, -1.050000000000000044, 1.849999999999999867 ) ) ;
#298 = CYLINDRICAL_SURFACE ( 'NONE', #9460, 0.04999999999999991257 ) ;
#299 = ORIENTED_EDGE ( 'NONE', *, *, #690, .F. ) ;
#300 = CARTESIAN_POINT ( 'NONE',  ( 0.4031328269139798914, 0.000000000000000000, 1.284067340000763613 ) ) ;
#301 = EDGE_LOOP ( 'NONE', ( #2648, #2465, #468, #5587 ) ) ;
#302 = ORIENTED_EDGE ( 'NONE', *, *, #3190, .T. ) ;
#303 = AXIS2_PLACEMENT_3D ( 'NONE', #2304, #7075, #7734 ) ;
#304 = CARTESIAN_POINT ( 'NONE',  ( 1.716333248810664402, -0.1076264815836660560, 1.376542135125506272 ) ) ;
#305 = FACE_OUTER_BOUND ( 'NONE', #4077, .T. ) ;
#306 = LINE ( 'NONE', #2556, #3424 ) ;
#307 = EDGE_CURVE ( 'NONE', #493, #8135, #529, .T. ) ;
#308 = CARTESIAN_POINT ( 'NONE',  ( -1.401148175457528122, -0.1499999999999999667, 1.400000000000000133 ) ) ;
#309 = AXIS2_PLACEMENT_3D ( 'NONE', #972, #4701, #1672 ) ;
#310 = PLANE ( 'NONE',  #3797 ) ;
#311 = CYLINDRICAL_SURFACE ( 'NONE', #5181, 0.2000000000000000944 ) ;
#312 = EDGE_LOOP ( 'NONE', ( #885, #2700, #9219, #7089 ) ) ;
#313 = EDGE_LOOP ( 'NONE', ( #7905, #6426, #7258, #1837 ) ) ;
#314 = EDGE_CURVE ( 'NONE', #8290, #2899, #7701, .T. ) ;
#315 =( LENGTH_UNIT ( ) NAMED_UNIT ( * ) SI_UNIT ( .MILLI., .METRE. ) );
#316 = AXIS2_PLACEMENT_3D ( 'NONE', #3026, #7649, #729 ) ;
#317 = CARTESIAN_POINT ( 'NONE',  ( -1.699999999999999734, -1.419999999999999929, 0.4999999999999997780 ) ) ;
#318 = CARTESIAN_POINT ( 'NONE',  ( 1.799402302898350348, 0.000000000000000000, -0.2718284553639131462 ) ) ;
#319 = EDGE_CURVE ( 'NONE', #1746, #7323, #4038, .T. ) ;
#320 = CARTESIAN_POINT ( 'NONE',  ( 1.949402302898350259, -0.02440767564660382277, 0.4218284553639137235 ) ) ;
#321 = DIRECTION ( 'NONE',  ( -0.000000000000000000, 8.673617379884038628E-15, 1.000000000000000000 ) ) ;
#322 = DIRECTION ( 'NONE',  ( 1.000000000000000000, 0.000000000000000000, -3.614007241618346306E-16 ) ) ;
#323 = CARTESIAN_POINT ( 'NONE',  ( 0.2464402437188723538, -0.1000000000000000056, 1.346488774451193748 ) ) ;
#324 = ORIENTED_EDGE ( 'NONE', *, *, #1609, .F. ) ;
#325 = CARTESIAN_POINT ( 'NONE',  ( 1.679389374268562163, -0.3314104039620753284, -1.299999999999999600 ) ) ;
#326 = CARTESIAN_POINT ( 'NONE',  ( 1.499999999999999556, -1.269999999999999796, 0.6999999999999998446 ) ) ;
#327 = EDGE_CURVE ( 'NONE', #5293, #5493, #7144, .T. ) ;
#328 = ORIENTED_EDGE ( 'NONE', *, *, #8604, .F. ) ;
#329 = AXIS2_PLACEMENT_3D ( 'NONE', #3376, #1913, #3434 ) ;
#330 = DIRECTION ( 'NONE',  ( 3.231698293335027359E-15, -0.9935718556765874565, 0.1132032137679068184 ) ) ;
#331 = EDGE_CURVE ( 'NONE', #4233, #9907, #8462, .T. ) ;
#332 = FACE_OUTER_BOUND ( 'NONE', #6596, .T. ) ;
#333 = VECTOR ( 'NONE', #6074, 999.9999999999998863 ) ;
#334 = VERTEX_POINT ( 'NONE', #5534 ) ;
#335 = DIRECTION ( 'NONE',  ( -2.710505431213762564E-16, 0.000000000000000000, 1.000000000000000000 ) ) ;
#336 = VERTEX_POINT ( 'NONE', #8659 ) ;
#337 = DIRECTION ( 'NONE',  ( 0.000000000000000000, 0.000000000000000000, -1.000000000000000000 ) ) ;
#338 = ORIENTED_EDGE ( 'NONE', *, *, #5681, .T. ) ;
#339 = ORIENTED_EDGE ( 'NONE', *, *, #8938, .F. ) ;
#340 = AXIS2_PLACEMENT_3D ( 'NONE', #537, #5737, #8873 ) ;
#341 = ADVANCED_FACE ( 'NONE', ( #3183 ), #784, .F. ) ;
#342 = CARTESIAN_POINT ( 'NONE',  ( -2.031274207352990135, -0.9799576066991059209, -1.510468355502019744 ) ) ;
#343 = CARTESIAN_POINT ( 'NONE',  ( -0.6006347602098600635, -1.420000000000000151, -1.399999999999999689 ) ) ;
#344 = DIRECTION ( 'NONE',  ( -1.000000000000000000, 0.000000000000000000, 0.000000000000000000 ) ) ;
#345 = PLANE ( 'NONE',  #3261 ) ;
#346 = DIRECTION ( 'NONE',  ( 0.000000000000000000, 0.000000000000000000, 1.000000000000000000 ) ) ;
#347 = DIRECTION ( 'NONE',  ( -0.000000000000000000, 1.000000000000000000, -0.000000000000000000 ) ) ;
#349 = ORIENTED_EDGE ( 'NONE', *, *, #6866, .T. ) ;
#348 = DIRECTION ( 'NONE',  ( 0.000000000000000000, 0.000000000000000000, 1.000000000000000000 ) ) ;
#350 = LINE ( 'NONE', #1098, #3466 ) ;
#351 = EDGE_LOOP ( 'NONE', ( #4837, #4098, #607, #3476 ) ) ;
#352 = VECTOR ( 'NONE', #5612, 1000.000000000000000 ) ;
#353 = DIRECTION ( 'NONE',  ( -0.000000000000000000, -1.000000000000000000, -0.000000000000000000 ) ) ;
#354 = ORIENTED_EDGE ( 'NONE', *, *, #4427, .T. ) ;
#355 = EDGE_LOOP ( 'NONE', ( #487, #9672, #1945, #2166 ) ) ;
#356 = CARTESIAN_POINT ( 'NONE',  ( 1.717263660643458367, -0.1334618792486684247, 1.397185702940768159 ) ) ;
#357 = AXIS2_PLACEMENT_3D ( 'NONE', #1531, #1679, #4756 ) ;
#358 = LINE ( 'NONE', #564, #1961 ) ;
#359 = AXIS2_PLACEMENT_3D ( 'NONE', #9670, #8858, #5919 ) ;
#360 = CARTESIAN_POINT ( 'NONE',  ( 1.900001432804957702, -1.419999999999999929, 1.099999999999999867 ) ) ;
#361 = DIRECTION ( 'NONE',  ( 0.000000000000000000, 1.000000000000000000, 0.000000000000000000 ) ) ;
#362 = CYLINDRICAL_SURFACE ( 'NONE', #7690, 0.04999999999999991257 ) ;
#363 = DIRECTION ( 'NONE',  ( -0.000000000000000000, 1.000000000000000000, -9.346570452461247140E-18 ) ) ;
#364 = CARTESIAN_POINT ( 'NONE',  ( -1.401148175457528344, -0.1000000000000000472, 1.350000000000000533 ) ) ;
#365 = ORIENTED_EDGE ( 'NONE', *, *, #7120, .T. ) ;
#366 = VECTOR ( 'NONE', #6811, 1000.000000000000000 ) ;
#367 = DIRECTION ( 'NONE',  ( -1.000000000000000000, 0.000000000000000000, -5.449175095217500610E-16 ) ) ;
#368 = LINE ( 'NONE', #3478, #8856 ) ;
#369 = AXIS2_PLACEMENT_3D ( 'NONE', #1771, #4143, #1924 ) ;
#370 = EDGE_CURVE ( 'NONE', #3438, #4099, #3234, .T. ) ;
#371 = CARTESIAN_POINT ( 'NONE',  ( 1.679389374268562163, -0.3619385925135184534, -1.398442674066171509 ) ) ;
#372 = LINE ( 'NONE', #6725, #7122 ) ;
#373 = CARTESIAN_POINT ( 'NONE',  ( 0.9237652542620762297, -0.1000000000000000056, -1.399999999999999467 ) ) ;
#374 = CARTESIAN_POINT ( 'NONE',  ( 1.224999999999999867, -0.1499999999999998002, 2.099119630351393706 ) ) ;
#375 = VERTEX_POINT ( 'NONE', #226 ) ;
#376 = LINE ( 'NONE', #6531, #3968 ) ;
#377 = DIRECTION ( 'NONE',  ( 1.694818351060767551E-32, 1.000000000000000000, 1.848892746611746419E-32 ) ) ;
#378 = ORIENTED_EDGE ( 'NONE', *, *, #4810, .T. ) ;
#379 = AXIS2_PLACEMENT_3D ( 'NONE', #7474, #9003, #4938 ) ;
#380 = CARTESIAN_POINT ( 'NONE',  ( 1.200000000000000178, -0.05000000000000002359, 1.875000000000000222 ) ) ;
#381 = CARTESIAN_POINT ( 'NONE',  ( -1.749182945851139648, -0.3612903674784972985, -1.344633953694285511 ) ) ;
#382 = EDGE_CURVE ( 'NONE', #3212, #7878, #3940, .T. ) ;
#383 = AXIS2_PLACEMENT_3D ( 'NONE', #7461, #2168, #1383 ) ;
#384 = LINE ( 'NONE', #5837, #750 ) ;
#385 = VERTEX_POINT ( 'NONE', #41 ) ;
#386 = FACE_OUTER_BOUND ( 'NONE', #2317, .T. ) ;
#387 = EDGE_LOOP ( 'NONE', ( #3006, #1363, #772 ) ) ;
#388 = CARTESIAN_POINT ( 'NONE',  ( -1.917386645469350004, -0.6650180178729041547, -0.9299338753735266749 ) ) ;
#389 = ORIENTED_EDGE ( 'NONE', *, *, #2206, .T. ) ;
#390 = EDGE_CURVE ( 'NONE', #5084, #2799, #3842, .T. ) ;
#391 = ORIENTED_EDGE ( 'NONE', *, *, #3133, .T. ) ;
#392 = CARTESIAN_POINT ( 'NONE',  ( 1.867386645469348405, 1.897353801849632760E-16, -1.060417588806084277 ) ) ;
#393 = DIRECTION ( 'NONE',  ( 1.445602896647339508E-15, 0.000000000000000000, -1.000000000000000000 ) ) ;
#394 = EDGE_CURVE ( 'NONE', #6538, #2799, #5191, .T. ) ;
#395 = CARTESIAN_POINT ( 'NONE',  ( -1.224999999999999645, -0.1499999999999998002, 2.099119630351393706 ) ) ;
#396 = DIRECTION ( 'NONE',  ( 7.216449660063510610E-16, 1.844077921750776687E-32, -1.000000000000000000 ) ) ;
#397 = CARTESIAN_POINT ( 'NONE',  ( 1.499999999999999556, -1.269999999999999796, 0.6999999999999999556 ) ) ;
#398 = PLANE ( 'NONE',  #3653 ) ;
#400 = ORIENTED_EDGE ( 'NONE', *, *, #1769, .T. ) ;
#399 = FACE_OUTER_BOUND ( 'NONE', #1852, .T. ) ;
#401 = LINE ( 'NONE', #7324, #2321 ) ;
#402 = B_SPLINE_SURFACE_WITH_KNOTS ( 'NONE', 1, 3, ( 
 ( #6757, #2951, #2855, #507, #2804, #6662, #5912, #1306, #9009, #9059, #2093, #6058, #4520, #8388, #2001, #3520, #2045, #4329 ),
 ( #9862, #9149, #5201, #3570, #5152, #8240, #4378, #7480, #563, #8294, #9108, #3623, #5245, #1257, #8338, #5102, #9714, #3668 ),
 ( #1352, #5864, #2901, #8962, #4422, #1399, #4472, #7576, #1449, #8187, #7528, #610, #1648, #4673, #1501, #5446, #2235, #6955 ),
 ( #9296, #59, #6, #7011, #5346, #4572, #7821, #8532, #800, #853, #6252, #1691, #7668, #107, #3911, #3102, #3151, #2288 ) ),
 .UNSPECIFIED., .F., .F., .F.,
 ( 2, 1, 1, 2 ),
 ( 4, 2, 2, 2, 2, 2, 2, 2, 4 ),
 ( -0.01000000000000000021, 0.000000000000000000, 1.000000000000000000, 1.010099999999999998 ),
 ( 0.000000000000000000, 0.2500000000000000000, 0.3750000000000000000, 0.4375000000000000000, 0.5000000000000000000, 0.6250000000000000000, 0.6875000000000000000, 0.7500000000000000000, 1.000000000000000000 ),
 .UNSPECIFIED. ) ;
#403 = CARTESIAN_POINT ( 'NONE',  ( -1.867386645469348405, -0.1499999999999996891, 0.4218284553639132239 ) ) ;
#404 = EDGE_LOOP ( 'NONE', ( #151, #6043, #2145, #9944 ) ) ;
#405 = ADVANCED_FACE ( 'NONE', ( #6235 ), #2423, .T. ) ;
#406 = EDGE_LOOP ( 'NONE', ( #2159, #6508, #8172, #9522 ) ) ;
#407 = CARTESIAN_POINT ( 'NONE',  ( 1.717344770150591726, -0.1387386730252278266, 1.399035166808375585 ) ) ;
#408 = CARTESIAN_POINT ( 'NONE',  ( -1.199999999999999956, -0.05000000000000002359, 2.125000000000000000 ) ) ;
#409 = CARTESIAN_POINT ( 'NONE',  ( -1.250000000000000000, -0.1066987298107780202, 1.875000000000000000 ) ) ;
#410 = LINE ( 'NONE', #5867, #3738 ) ;
#411 = CARTESIAN_POINT ( 'NONE',  ( -2.019069387458964915, -0.6909074978839706560, -0.3809424425353362675 ) ) ;
#412 = CARTESIAN_POINT ( 'NONE',  ( 1.949402302898350259, -0.1000000000000000056, -0.2718284553639131462 ) ) ;
#413 = DIRECTION ( 'NONE',  ( -0.000000000000000000, 1.000000000000000000, -0.000000000000000000 ) ) ;
#414 = ORIENTED_EDGE ( 'NONE', *, *, #4465, .T. ) ;
#415 = EDGE_CURVE ( 'NONE', #7223, #5651, #9281, .T. ) ;
#416 = EDGE_LOOP ( 'NONE', ( #8618, #3953, #6851, #8544 ) ) ;
#417 = DIRECTION ( 'NONE',  ( 0.000000000000000000, 0.000000000000000000, 1.000000000000000000 ) ) ;
#418 = CARTESIAN_POINT ( 'NONE',  ( -0.9749999999999999778, -1.419999999999999929, 0.7500000000000000000 ) ) ;
#419 = AXIS2_PLACEMENT_3D ( 'NONE', #9706, #9000, #3561 ) ;
#420 = LINE ( 'NONE', #318, #1415 ) ;
#421 = CARTESIAN_POINT ( 'NONE',  ( -2.035410861894218382, -0.7479927983318898077, -0.9157532022455918685 ) ) ;
#422 = FACE_OUTER_BOUND ( 'NONE', #9194, .T. ) ;
#423 = FACE_OUTER_BOUND ( 'NONE', #3046, .T. ) ;
#424 = DIRECTION ( 'NONE',  ( -6.933940174168159771E-16, 0.9998476951563912696, 0.01745240643728358104 ) ) ;
#425 = VERTEX_POINT ( 'NONE', #91 ) ;
#426 = CARTESIAN_POINT ( 'NONE',  ( -1.224999999999999645, -1.050000000000000044, 2.083410071915997808 ) ) ;
#427 = CARTESIAN_POINT ( 'NONE',  ( 0.4961224367392622625, -0.3314104039620722753, -1.099999999999999423 ) ) ;
#428 = AXIS2_PLACEMENT_3D ( 'NONE', #6231, #182, #4708 ) ;
#429 = EDGE_LOOP ( 'NONE', ( #6441, #3882, #7186, #1819 ) ) ;
#430 = CARTESIAN_POINT ( 'NONE',  ( 1.401148175457528122, -0.1500000000000000777, 1.350000000000000311 ) ) ;
#431 = CARTESIAN_POINT ( 'NONE',  ( 1.499999999999999556, -1.269999999999999796, 0.6999999999999999556 ) ) ;
#432 = AXIS2_PLACEMENT_3D ( 'NONE', #271, #8765, #8923 ) ;
#433 = EDGE_CURVE ( 'NONE', #2789, #286, #2103, .T. ) ;
#434 = CYLINDRICAL_SURFACE ( 'NONE', #256, 0.4000000000000001332 ) ;
#435 = ORIENTED_EDGE ( 'NONE', *, *, #3654, .T. ) ;
#436 = LINE ( 'NONE', #5586, #5121 ) ;
#437 = EDGE_LOOP ( 'NONE', ( #8137, #9279, #850, #3642 ) ) ;
#438 = CARTESIAN_POINT ( 'NONE',  ( 2.020357956093344232, -0.6993961484754370739, 0.3641016704982205088 ) ) ;
#439 = ORIENTED_EDGE ( 'NONE', *, *, #5200, .F. ) ;
#440 = VERTEX_POINT ( 'NONE', #5430 ) ;
#441 = EDGE_CURVE ( 'NONE', #9723, #5304, #1630, .T. ) ;
#442 = CARTESIAN_POINT ( 'NONE',  ( -1.199999999999999956, -0.05000000000000002359, 2.075000000000000178 ) ) ;
#443 = CARTESIAN_POINT ( 'NONE',  ( -1.884356122115069310, -0.0005728072820761798438, -1.036755824277823868 ) ) ;
#444 = DIRECTION ( 'NONE',  ( -4.237045877651918877E-33, 1.000000000000000000, -1.213335864963958587E-32 ) ) ;
#445 = EDGE_CURVE ( 'NONE', #3551, #1602, #3894, .T. ) ;
#446 = FACE_OUTER_BOUND ( 'NONE', #6583, .T. ) ;
#447 = VECTOR ( 'NONE', #1026, 1000.000000000000000 ) ;
#448 = DIRECTION ( 'NONE',  ( 0.000000000000000000, 0.000000000000000000, -1.000000000000000000 ) ) ;
#450 = ORIENTED_EDGE ( 'NONE', *, *, #6495, .F. ) ;
#449 = CARTESIAN_POINT ( 'NONE',  ( -1.917386645469349782, -0.4676805559526505118, -0.02182845536391307684 ) ) ;
#451 = VECTOR ( 'NONE', #9139, 1000.000000000000000 ) ;
#452 = DIRECTION ( 'NONE',  ( 5.551115123125779004E-17, -1.222965514685893946E-32, 1.000000000000000000 ) ) ;
#453 = VECTOR ( 'NONE', #4188, 1000.000000000000000 ) ;
#454 = ORIENTED_EDGE ( 'NONE', *, *, #8165, .T. ) ;
#455 = CARTESIAN_POINT ( 'NONE',  ( -1.845392560103486179, -0.1000000000000000056, 1.399999999999999245 ) ) ;
#456 = ORIENTED_EDGE ( 'NONE', *, *, #5833, .T. ) ;
#457 = EDGE_LOOP ( 'NONE', ( #8084, #9855, #7916, #9418 ) ) ;
#458 = EDGE_CURVE ( 'NONE', #9441, #8439, #6477, .T. ) ;
#459 = EDGE_LOOP ( 'NONE', ( #139, #9367, #8578, #4796 ) ) ;
#460 = VECTOR ( 'NONE', #9248, 1000.000000000000000 ) ;
#461 = LINE ( 'NONE', #2140, #6263 ) ;
#462 = CARTESIAN_POINT ( 'NONE',  ( -1.917386645469349560, -0.4676805559526472367, 0.4218284553639131129 ) ) ;
#463 = CARTESIAN_POINT ( 'NONE',  ( 1.499999999999999556, -1.269999999999999796, 0.6999999999999998446 ) ) ;
#464 = EDGE_CURVE ( 'NONE', #3119, #9659, #275, .T. ) ;
#465 = PLANE ( 'NONE',  #2830 ) ;
#466 = AXIS2_PLACEMENT_3D ( 'NONE', #6525, #8863, #9622 ) ;
#467 = LINE ( 'NONE', #6669, #4533 ) ;
#468 = ORIENTED_EDGE ( 'NONE', *, *, #3213, .T. ) ;
#469 = ORIENTED_EDGE ( 'NONE', *, *, #2401, .F. ) ;
#470 = FACE_OUTER_BOUND ( 'NONE', #1351, .T. ) ;
#471 = CARTESIAN_POINT ( 'NONE',  ( 1.200000000000000178, 0.000000000000000000, 2.075000000000000178 ) ) ;
#472 = CARTESIAN_POINT ( 'NONE',  ( -0.6006347602098600635, -0.1499999999999999667, -1.399999999999999689 ) ) ;
#473 = EDGE_CURVE ( 'NONE', #2042, #7729, #1176, .T. ) ;
#474 = ADVANCED_FACE ( 'NONE', ( #8929 ), #8714, .F. ) ;
#475 = DIRECTION ( 'NONE',  ( -0.000000000000000000, -1.000000000000000000, 0.000000000000000000 ) ) ;
#476 = DIRECTION ( 'NONE',  ( -0.000000000000000000, -1.000000000000000000, 0.000000000000000000 ) ) ;
#477 = CARTESIAN_POINT ( 'NONE',  ( 0.2595474544006036721, -1.129758684204758445, -1.305797609947138227 ) ) ;
#478 = ORIENTED_EDGE ( 'NONE', *, *, #8043, .F. ) ;
#479 = LINE ( 'NONE', #2874, #284 ) ;
#480 = PRODUCT_DEFINITION ( 'UNKNOWN', '', #8757, #2215 ) ;
#481 = AXIS2_PLACEMENT_3D ( 'NONE', #2815, #9020, #6499 ) ;
#482 = VERTEX_POINT ( 'NONE', #4192 ) ;
#483 = PLANE ( 'NONE',  #3003 ) ;
#484 = LINE ( 'NONE', #431, #2063 ) ;
#485 = EDGE_CURVE ( 'NONE', #7127, #4324, #1952, .T. ) ;
#486 = FACE_OUTER_BOUND ( 'NONE', #8054, .T. ) ;
#487 = ORIENTED_EDGE ( 'NONE', *, *, #3252, .F. ) ;
#488 = CARTESIAN_POINT ( 'NONE',  ( -0.4961224367392622625, -0.1000000000000003941, -1.250000000000000000 ) ) ;
#489 = VECTOR ( 'NONE', #1716, 1000.000000000000000 ) ;
#490 = ORIENTED_EDGE ( 'NONE', *, *, #9999, .T. ) ;
#491 = FACE_OUTER_BOUND ( 'NONE', #8221, .T. ) ;
#492 = ORIENTED_EDGE ( 'NONE', *, *, #2775, .T. ) ;
#493 = VERTEX_POINT ( 'NONE', #6585 ) ;
#494 = CARTESIAN_POINT ( 'NONE',  ( -1.867386645469348405, -0.1499999999999996891, -0.9886127665261839059 ) ) ;
#495 = CARTESIAN_POINT ( 'NONE',  ( -2.111012748687672858, -0.9137987518143190213, 0.3369225578399869803 ) ) ;
#496 = CIRCLE ( 'NONE', #4181, 0.3999999999999999112 ) ;
#497 = CARTESIAN_POINT ( 'NONE',  ( 1.499999999999999556, -1.419999999999999929, -1.099999999999999867 ) ) ;
#498 = CARTESIAN_POINT ( 'NONE',  ( 1.899999999999999245, -7.560171795458674460, 1.099999999999999867 ) ) ;
#499 = EDGE_CURVE ( 'NONE', #5746, #6151, #4964, .T. ) ;
#500 = CARTESIAN_POINT ( 'NONE',  ( 1.499999999999999556, -1.269999999999999796, -0.6999999999999999556 ) ) ;
#501 = CARTESIAN_POINT ( 'NONE',  ( 1.348948686836070721, -0.1107781323841481036, 1.344610933807925957 ) ) ;
#502 = ORIENTED_EDGE ( 'NONE', *, *, #3021, .F. ) ;
#503 = FACE_OUTER_BOUND ( 'NONE', #406, .T. ) ;
#504 = ORIENTED_EDGE ( 'NONE', *, *, #761, .F. ) ;
#505 = ORIENTED_EDGE ( 'NONE', *, *, #7009, .T. ) ;
#506 = ORIENTED_EDGE ( 'NONE', *, *, #5193, .T. ) ;
#507 = CARTESIAN_POINT ( 'NONE',  ( 1.918141528845867194, -0.6976968054736968350, 0.3815783491883482648 ) ) ;
#508 = FACE_OUTER_BOUND ( 'NONE', #5394, .T. ) ;
#509 = DIRECTION ( 'NONE',  ( 0.000000000000000000, 0.000000000000000000, 1.000000000000000000 ) ) ;
#510 = CIRCLE ( 'NONE', #4362, 0.3999999999999999112 ) ;
#511 = ADVANCED_FACE ( 'NONE', ( #7957 ), #4089, .T. ) ;
#512 = CIRCLE ( 'NONE', #3554, 0.07999999999999998779 ) ;
#513 = CARTESIAN_POINT ( 'NONE',  ( 1.917386645469350226, -0.6650180178729044878, -0.2471919620098809445 ) ) ;
#514 = CARTESIAN_POINT ( 'NONE',  ( 4.977744669216778095E-17, -0.1999999999999998168, 0.8420340378538883064 ) ) ;
#515 = PLANE ( 'NONE',  #8268 ) ;
#516 = ORIENTED_EDGE ( 'NONE', *, *, #5022, .F. ) ;
#517 = ORIENTED_EDGE ( 'NONE', *, *, #1895, .F. ) ;
#518 = EDGE_CURVE ( 'NONE', #8700, #7261, #6319, .T. ) ;
#519 = AXIS2_PLACEMENT_3D ( 'NONE', #5482, #8566, #6428 ) ;
#520 = VECTOR ( 'NONE', #3134, 1000.000000000000000 ) ;
#521 = CARTESIAN_POINT ( 'NONE',  ( 1.499999999999999556, -1.419999999999999929, 0.6999999999999998446 ) ) ;
#522 = CARTESIAN_POINT ( 'NONE',  ( 1.499999999999999556, -1.269999999999999796, 1.099999999999999867 ) ) ;
#523 = CARTESIAN_POINT ( 'NONE',  ( -1.344983577402405039, 0.000000000000000000, 1.247023181841393047 ) ) ;
#524 = EDGE_CURVE ( 'NONE', #8999, #1878, #7349, .T. ) ;
#525 = LINE ( 'NONE', #7443, #3696 ) ;
#526 = FACE_OUTER_BOUND ( 'NONE', #4219, .T. ) ;
#527 = FACE_OUTER_BOUND ( 'NONE', #7361, .T. ) ;
#528 = CARTESIAN_POINT ( 'NONE',  ( -1.867386645469348405, -0.09999999999999976963, -0.9886127665261839059 ) ) ;
#529 = CIRCLE ( 'NONE', #357, 0.2000000000000000944 ) ;
#530 = CARTESIAN_POINT ( 'NONE',  ( 1.845392560103486179, -0.1000000000000000056, -1.138612766526183595 ) ) ;
#531 = B_SPLINE_CURVE_WITH_KNOTS ( 'NONE', 3,
 ( #6925, #4691, #3876, #3015 ),
 .UNSPECIFIED., .F., .F.,
 ( 4, 4 ),
 ( 0.000000000000000000, 1.000000000000000000 ),
 .UNSPECIFIED. ) ;
#532 = ORIENTED_EDGE ( 'NONE', *, *, #5809, .T. ) ;
#533 = VECTOR ( 'NONE', #8049, 1000.000000000000000 ) ;
#534 = EDGE_CURVE ( 'NONE', #6750, #9428, #2676, .T. ) ;
#535 = VECTOR ( 'NONE', #9088, 1000.000000000000114 ) ;
#536 = VECTOR ( 'NONE', #4996, 1000.000000000000000 ) ;
#537 = CARTESIAN_POINT ( 'NONE',  ( 0.000000000000000000, -0.1999999999999998168, 1.208497736014245927 ) ) ;
#538 = AXIS2_PLACEMENT_3D ( 'NONE', #3377, #9472, #5572 ) ;
#539 = CARTESIAN_POINT ( 'NONE',  ( -1.717059920472701728, -0.1231553721425316938, 1.392551290672471298 ) ) ;
#540 = ORIENTED_EDGE ( 'NONE', *, *, #2357, .T. ) ;
#541 = DIRECTION ( 'NONE',  ( 0.000000000000000000, 0.000000000000000000, -1.000000000000000000 ) ) ;
#542 = AXIS2_PLACEMENT_3D ( 'NONE', #4789, #2506, #8695 ) ;
#543 = EDGE_LOOP ( 'NONE', ( #6892, #8383, #8304, #714 ) ) ;
#544 = DIRECTION ( 'NONE',  ( -1.000000000000000000, 0.000000000000000000, 0.000000000000000000 ) ) ;
#545 = EDGE_LOOP ( 'NONE', ( #8012, #5369, #5733, #3712 ) ) ;
#546 = EDGE_CURVE ( 'NONE', #2787, #8248, #4138, .T. ) ;
#547 = VECTOR ( 'NONE', #1996, 1000.000000000000000 ) ;
#548 = CARTESIAN_POINT ( 'NONE',  ( -2.017386645469349649, -0.5000000000000000000, -1.510468355502019744 ) ) ;
#549 = DIRECTION ( 'NONE',  ( 0.000000000000000000, 0.000000000000000000, 1.000000000000000000 ) ) ;
#550 = DIRECTION ( 'NONE',  ( -2.465190328815661892E-32, 1.000000000000000000, 1.848892746611746419E-32 ) ) ;
#551 = FACE_OUTER_BOUND ( 'NONE', #1112, .T. ) ;
#552 = DIRECTION ( 'NONE',  ( 1.000000000000000000, 0.000000000000000000, 0.000000000000000000 ) ) ;
#553 = VERTEX_POINT ( 'NONE', #8768 ) ;
#554 = CARTESIAN_POINT ( 'NONE',  ( 1.301148175457528255, -0.1737471464775021401, 1.313126426761247023 ) ) ;
#555 = EDGE_LOOP ( 'NONE', ( #9038, #1384, #7995, #2138 ) ) ;
#556 =( BOUNDED_SURFACE ( )  B_SPLINE_SURFACE ( 3, 3, ( 
 ( #1548, #3766, #5498, #9346 ),
 ( #8481, #2389, #705, #9392 ),
 ( #8581, #4728, #902, #4621 ),
 ( #3957, #753, #6854, #7059 ),
 ( #6908, #7720, #5549, #6300 ),
 ( #3859, #2442, #6206, #8629 ),
 ( #3809, #9959, #3049, #6157 ) ),
 .UNSPECIFIED., .T., .F., .T. ) 
 B_SPLINE_SURFACE_WITH_KNOTS ( ( 4, 3, 4 ),
 ( 4, 4 ),
 ( 0.000000000000000000, 0.5000000000000000000, 1.000000000000000000 ),
 ( 0.000000000000000000, 1.000000000000000000 ),
 .UNSPECIFIED. ) 
 GEOMETRIC_REPRESENTATION_ITEM ( )  RATIONAL_B_SPLINE_SURFACE ( (
 ( 1.000000000000000000, 1.000000000000000000, 1.000000000000000000, 1.000000000000000000),
 ( 0.3333333333333333703, 0.3333333333333333148, 0.3333333333333333148, 0.3333333333333333703),
 ( 0.3333333333333333703, 0.3333333333333333148, 0.3333333333333333148, 0.3333333333333333703),
 ( 1.000000000000000000, 1.000000000000000000, 1.000000000000000000, 1.000000000000000000),
 ( 0.3333333333333333703, 0.3333333333333333148, 0.3333333333333333148, 0.3333333333333333703),
 ( 0.3333333333333333703, 0.3333333333333333148, 0.3333333333333333148, 0.3333333333333333703),
 ( 1.000000000000000000, 1.000000000000000000, 1.000000000000000000, 1.000000000000000000) ) ) 
 REPRESENTATION_ITEM ( '' )  SURFACE ( )  );
#557 = LINE ( 'NONE', #2601, #547 ) ;
#558 = EDGE_LOOP ( 'NONE', ( #3208, #671, #6929, #4254 ) ) ;
#559 = VECTOR ( 'NONE', #1433, 1000.000000000000000 ) ;
#560 = VERTEX_POINT ( 'NONE', #1817 ) ;
#561 = ORIENTED_EDGE ( 'NONE', *, *, #738, .T. ) ;
#562 = B_SPLINE_CURVE_WITH_KNOTS ( 'NONE', 3,
 ( #3783, #770, #3830, #6927, #3365, #2559, #411, #4020, #1754, #5564, #7336, #9509, #2610, #964, #4792, #6362, #7125, #7937, #5613 ),
 .UNSPECIFIED., .F., .F.,
 ( 4, 3, 3, 3, 3, 3, 4 ),
 ( 0.000000000000000000, 1.522427464357020363E-05, 2.989102899399903747E-05, 4.525114805819983280E-05, 6.025619796841089087E-05, 7.492282364703844284E-05, 8.991861000433639263E-05 ),
 .UNSPECIFIED. ) ;
#563 = CARTESIAN_POINT ( 'NONE',  ( 1.920608344299921555, -0.7088942751202846893, 0.3742185336602723567 ) ) ;
#564 = CARTESIAN_POINT ( 'NONE',  ( -0.4961224367392622625, -1.419999999999999929, -1.099999999999999645 ) ) ;
#565 = LINE ( 'NONE', #1259, #7153 ) ;
#566 = DIRECTION ( 'NONE',  ( 0.7071067811865473507, -3.697785493223491196E-32, 0.7071067811865476838 ) ) ;
#567 = EDGE_CURVE ( 'NONE', #9208, #1687, #9395, .T. ) ;
#568 = DIRECTION ( 'NONE',  ( 0.000000000000000000, 0.000000000000000000, -1.000000000000000000 ) ) ;
#569 = CARTESIAN_POINT ( 'NONE',  ( -1.910795341982086226, -0.006045386851030985081, 1.014062276499380078 ) ) ;
#570 = CARTESIAN_POINT ( 'NONE',  ( -1.899999999999999689, -7.560171795458674460, 1.199999999999998845 ) ) ;
#571 = ORIENTED_EDGE ( 'NONE', *, *, #1353, .F. ) ;
#572 = VECTOR ( 'NONE', #4960, 1000.000000000000114 ) ;
#573 = ORIENTED_EDGE ( 'NONE', *, *, #7620, .F. ) ;
#574 = DIRECTION ( 'NONE',  ( 1.000000000000000000, 0.000000000000000000, 0.000000000000000000 ) ) ;
#575 = EDGE_CURVE ( 'NONE', #1724, #5642, #8005, .T. ) ;
#576 = DIRECTION ( 'NONE',  ( 1.000000000000000000, 0.000000000000000000, -0.000000000000000000 ) ) ;
#577 = FACE_OUTER_BOUND ( 'NONE', #6812, .T. ) ;
#578 = CARTESIAN_POINT ( 'NONE',  ( 2.299999999999999822, -1.419999999999999929, 0.4999999999999997780 ) ) ;
#579 = DIRECTION ( 'NONE',  ( 1.694818351060767551E-32, 1.000000000000000000, 1.848892746611746419E-32 ) ) ;
#580 = CARTESIAN_POINT ( 'NONE',  ( 0.9237652542620762297, -0.1000000000000000056, -1.399999999999999467 ) ) ;
#581 = EDGE_CURVE ( 'NONE', #8489, #9016, #5631, .T. ) ;
#582 = CARTESIAN_POINT ( 'NONE',  ( -1.995392560103486090, 0.000000000000000000, 1.138612766526183595 ) ) ;
#583 = LINE ( 'NONE', #8033, #2183 ) ;
#584 = VERTEX_POINT ( 'NONE', #1074 ) ;
#585 = EDGE_CURVE ( 'NONE', #9655, #1287, #8924, .T. ) ;
#586 = VECTOR ( 'NONE', #7432, 1000.000000000000000 ) ;
#587 = DIRECTION ( 'NONE',  ( 0.000000000000000000, 0.000000000000000000, -1.000000000000000000 ) ) ;
#588 = ADVANCED_FACE ( 'NONE', ( #5016 ), #8107, .F. ) ;
#589 = CARTESIAN_POINT ( 'NONE',  ( 1.845392560103486179, -0.1000000000000000056, -1.399999999999999245 ) ) ;
#590 = ORIENTED_EDGE ( 'NONE', *, *, #7881, .F. ) ;
#591 = DIRECTION ( 'NONE',  ( -1.000000000000000000, 2.465190328815661618E-32, 6.661338147750936284E-16 ) ) ;
#592 = TOROIDAL_SURFACE ( 'NONE', #5748, 0.3664636981603575094, 0.08000000000000000167 ) ;
#593 = CARTESIAN_POINT ( 'NONE',  ( 4.487885949557836048E-17, -0.1199999999999998290, 0.8420340378538884174 ) ) ;
#594 = VERTEX_POINT ( 'NONE', #8546 ) ;
#595 = VECTOR ( 'NONE', #6978, 1000.000000000000000 ) ;
#596 = DIRECTION ( 'NONE',  ( -6.106226635438355056E-16, -2.465190328815659702E-32, 1.000000000000000000 ) ) ;
#597 = DIRECTION ( 'NONE',  ( 0.000000000000000000, -0.9948089135539065486, 0.1017606285048205939 ) ) ;
#598 = DIRECTION ( 'NONE',  ( 0.000000000000000000, 1.000000000000000000, 0.000000000000000000 ) ) ;
#599 = EDGE_CURVE ( 'NONE', #810, #5789, #3923, .T. ) ;
#600 = LINE ( 'NONE', #6003, #818 ) ;
#601 = CARTESIAN_POINT ( 'NONE',  ( -2.217386645469349826, -0.3650180178729041658, -0.2774175960637574323 ) ) ;
#602 = ORIENTED_EDGE ( 'NONE', *, *, #2362, .F. ) ;
#603 = VERTEX_POINT ( 'NONE', #1010 ) ;
#604 = AXIS2_PLACEMENT_3D ( 'NONE', #1941, #4986, #5801 ) ;
#605 = EDGE_CURVE ( 'NONE', #584, #2660, #210, .T. ) ;
#606 = DIRECTION ( 'NONE',  ( 3.231698293335027359E-15, -0.9935718556765874565, 0.1132032137679068184 ) ) ;
#607 = ORIENTED_EDGE ( 'NONE', *, *, #5824, .F. ) ;
#608 = ORIENTED_EDGE ( 'NONE', *, *, #6217, .F. ) ;
#609 = ORIENTED_EDGE ( 'NONE', *, *, #2883, .T. ) ;
#610 = CARTESIAN_POINT ( 'NONE',  ( 2.020473593360363473, -0.7000238485475335226, 0.3599183875473372374 ) ) ;
#611 = CARTESIAN_POINT ( 'NONE',  ( 1.250000000000001554, -0.1066987298105928905, 1.873797655351680858 ) ) ;
#612 = CARTESIAN_POINT ( 'NONE',  ( -1.926818000675824649, -0.01170811296473280028, -0.4206195169135444334 ) ) ;
#613 = CARTESIAN_POINT ( 'NONE',  ( -2.217386645469349826, -0.9650180178729041991, -0.7718015200835192102 ) ) ;
#615 = ORIENTED_EDGE ( 'NONE', *, *, #5959, .F. ) ;
#614 = LINE ( 'NONE', #3771, #1946 ) ;
#616 = CARTESIAN_POINT ( 'NONE',  ( 1.499999999999999556, -1.269999999999999796, 0.6999999999999999556 ) ) ;
#617 = LINE ( 'NONE', #2298, #8428 ) ;
#618 = ORIENTED_EDGE ( 'NONE', *, *, #1855, .F. ) ;
#619 = ORIENTED_EDGE ( 'NONE', *, *, #605, .F. ) ;
#620 = VECTOR ( 'NONE', #290, 1000.000000000000000 ) ;
#621 = EDGE_CURVE ( 'NONE', #1825, #7729, #7933, .T. ) ;
#622 = DIRECTION ( 'NONE',  ( 0.000000000000000000, 0.000000000000000000, 1.000000000000000000 ) ) ;
#623 = AXIS2_PLACEMENT_3D ( 'NONE', #9599, #4156, #393 ) ;
#624 = CARTESIAN_POINT ( 'NONE',  ( 0.9749999999999999778, -1.719999999999999085, 0.3749999999999998335 ) ) ;
#625 = CIRCLE ( 'NONE', #169, 0.3464636981603574362 ) ;
#626 = DIRECTION ( 'NONE',  ( 0.000000000000000000, 0.000000000000000000, 1.000000000000000000 ) ) ;
#627 = DIRECTION ( 'NONE',  ( 0.000000000000000000, 0.9876840514173278462, 0.1564615434407230776 ) ) ;
#628 = EDGE_CURVE ( 'NONE', #9353, #6952, #6407, .T. ) ;
#629 = ORIENTED_EDGE ( 'NONE', *, *, #7009, .F. ) ;
#630 = PLANE ( 'NONE',  #5993 ) ;
#631 = DIRECTION ( 'NONE',  ( -5.449175095217500610E-16, 0.000000000000000000, -1.000000000000000000 ) ) ;
#632 = CARTESIAN_POINT ( 'NONE',  ( -1.715126993317818149, -0.09999999999999993616, 1.351487798242802851 ) ) ;
#633 = VERTEX_POINT ( 'NONE', #5461 ) ;
#634 = EDGE_CURVE ( 'NONE', #922, #7712, #8744, .T. ) ;
#635 = CARTESIAN_POINT ( 'NONE',  ( 1.974752267309037856, -0.7756510585122463608, -0.9157532022454868414 ) ) ;
#636 = VECTOR ( 'NONE', #2590, 1000.000000000000000 ) ;
#637 = CARTESIAN_POINT ( 'NONE',  ( -1.274999999999999911, -0.4499999999999999001, 1.800000000000000044 ) ) ;
#638 = ORIENTED_EDGE ( 'NONE', *, *, #5511, .F. ) ;
#639 = ADVANCED_FACE ( 'NONE', ( #962 ), #8153, .T. ) ;
#640 = VECTOR ( 'NONE', #8265, 1000.000000000000114 ) ;
#641 = DIRECTION ( 'NONE',  ( 2.775557561562887653E-17, -1.232595164407829304E-32, -1.000000000000000000 ) ) ;
#642 = CARTESIAN_POINT ( 'NONE',  ( -1.981122789428489739, -0.05134545591752558841, -0.9890978130802793311 ) ) ;
#643 = CARTESIAN_POINT ( 'NONE',  ( -2.018396645469350048, -0.6800067999774943583, -0.3925363245958181091 ) ) ;
#644 = PLANE ( 'NONE',  #3857 ) ;
#645 = CARTESIAN_POINT ( 'NONE',  ( -1.817386645469349915, -0.8650180178729042213, 0.7718015200835192102 ) ) ;
#646 = ORIENTED_EDGE ( 'NONE', *, *, #2357, .F. ) ;
#647 = ORIENTED_EDGE ( 'NONE', *, *, #6878, .F. ) ;
#648 = CARTESIAN_POINT ( 'NONE',  ( -1.199999999999999956, 0.000000000000000000, 2.125000000000000000 ) ) ;
#649 = ORIENTED_EDGE ( 'NONE', *, *, #2119, .F. ) ;
#650 = VERTEX_POINT ( 'NONE', #4069 ) ;
#651 = VERTEX_POINT ( 'NONE', #119 ) ;
#652 = EDGE_CURVE ( 'NONE', #3776, #7362, #2586, .T. ) ;
#653 = AXIS2_PLACEMENT_3D ( 'NONE', #3591, #7540, #8157 ) ;
#654 = DIRECTION ( 'NONE',  ( 0.000000000000000000, 1.000000000000000000, 0.000000000000000000 ) ) ;
#655 = DIRECTION ( 'NONE',  ( 0.000000000000000000, 0.000000000000000000, -1.000000000000000000 ) ) ;
#656 = CARTESIAN_POINT ( 'NONE',  ( 1.250000000000000000, -0.05000000000000002359, 1.875000000000000222 ) ) ;
#657 = DIRECTION ( 'NONE',  ( -4.237045877651918877E-33, 1.000000000000000000, -1.213335864963958587E-32 ) ) ;
#658 = ORIENTED_EDGE ( 'NONE', *, *, #4317, .F. ) ;
#659 = LINE ( 'NONE', #3674, #8327 ) ;
#660 = AXIS2_PLACEMENT_3D ( 'NONE', #9928, #9265, #768 ) ;
#661 = CARTESIAN_POINT ( 'NONE',  ( -1.199999999999999956, -0.05000000000000002359, 1.825000000000000178 ) ) ;
#662 = VERTEX_POINT ( 'NONE', #3872 ) ;
#663 = VERTEX_POINT ( 'NONE', #6218 ) ;
#664 = EDGE_CURVE ( 'NONE', #6007, #2943, #3310, .T. ) ;
#665 = CARTESIAN_POINT ( 'NONE',  ( -0.4961224367392622625, -0.1500000000000001610, -1.300000000000000044 ) ) ;
#666 = CARTESIAN_POINT ( 'NONE',  ( -1.941436894908140864, -0.01946894387299262508, 0.4216741231714154492 ) ) ;
#667 = CARTESIAN_POINT ( 'NONE',  ( -0.6461224367392621737, -0.1000000000000000056, -1.351033706287569469 ) ) ;
#668 = DIRECTION ( 'NONE',  ( 1.000000000000000000, -0.000000000000000000, 0.000000000000000000 ) ) ;
#669 = AXIS2_PLACEMENT_3D ( 'NONE', #9066, #3525, #2809 ) ;
#670 = CIRCLE ( 'NONE', #9078, 0.3999999999999999112 ) ;
#671 = ORIENTED_EDGE ( 'NONE', *, *, #8718, .T. ) ;
#672 = EDGE_LOOP ( 'NONE', ( #2385, #7781, #9239, #5213 ) ) ;
#673 = B_SPLINE_CURVE_WITH_KNOTS ( 'NONE', 3,
 ( #5554, #4109, #6351, #1001 ),
 .UNSPECIFIED., .F., .F.,
 ( 4, 4 ),
 ( 0.000000000000000000, 0.0001000000000000001268 ),
 .UNSPECIFIED. ) ;
#674 = EDGE_CURVE ( 'NONE', #1125, #4166, #9311, .T. ) ;
#675 = CARTESIAN_POINT ( 'NONE',  ( -1.499999999999999112, -1.269999999999999796, 1.099999999999999867 ) ) ;
#676 = CARTESIAN_POINT ( 'NONE',  ( -1.224999999999999645, -1.100000000000000089, 2.083410071915997808 ) ) ;
#677 = VECTOR ( 'NONE', #3263, 1000.000000000000000 ) ;
#678 = DIRECTION ( 'NONE',  ( 0.000000000000000000, 9.346570452461245599E-18, 1.000000000000000000 ) ) ;
#679 = AXIS2_PLACEMENT_3D ( 'NONE', #6239, #3944, #7755 ) ;
#680 = FACE_OUTER_BOUND ( 'NONE', #2969, .T. ) ;
#681 = LINE ( 'NONE', #9084, #8648 ) ;
#682 = VERTEX_POINT ( 'NONE', #8694 ) ;
#683 = DIRECTION ( 'NONE',  ( -1.000000000000000000, 0.000000000000000000, 0.000000000000000000 ) ) ;
#684 = EDGE_CURVE ( 'NONE', #7635, #3710, #71, .T. ) ;
#685 = VECTOR ( 'NONE', #9120, 1000.000000000000000 ) ;
#686 = DIRECTION ( 'NONE',  ( 1.000000000000000000, 3.252606517456510147E-15, -0.000000000000000000 ) ) ;
#687 = VERTEX_POINT ( 'NONE', #3164 ) ;
#688 = CIRCLE ( 'NONE', #4704, 0.1499999999999999667 ) ;
#689 = VECTOR ( 'NONE', #2928, 1000.000000000000000 ) ;
#690 = EDGE_CURVE ( 'NONE', #4377, #9512, #1780, .T. ) ;
#691 = DIRECTION ( 'NONE',  ( 0.000000000000000000, 0.01745240643728371288, -0.9998476951563912696 ) ) ;
#692 = CARTESIAN_POINT ( 'NONE',  ( -1.917386645469350004, -0.6650180178729041547, -0.2471919620098809445 ) ) ;
#693 = CARTESIAN_POINT ( 'NONE',  ( -1.344983577402405039, 0.000000000000000000, 1.397023181841392958 ) ) ;
#694 = LINE ( 'NONE', #6048, #6142 ) ;
#695 = CARTESIAN_POINT ( 'NONE',  ( -1.922518951142835109, -0.7202762928095697292, -0.3598673952971188639 ) ) ;
#696 = ORIENTED_EDGE ( 'NONE', *, *, #3988, .F. ) ;
#697 = EDGE_CURVE ( 'NONE', #5292, #823, #7732, .T. ) ;
#698 = ORIENTED_EDGE ( 'NONE', *, *, #2021, .T. ) ;
#699 = LINE ( 'NONE', #5957, #7638 ) ;
#700 = ORIENTED_EDGE ( 'NONE', *, *, #7776, .T. ) ;
#701 = ORIENTED_EDGE ( 'NONE', *, *, #3729, .T. ) ;
#702 = VECTOR ( 'NONE', #4220, 1000.000000000000000 ) ;
#703 = ADVANCED_FACE ( 'NONE', ( #9359 ), #866, .T. ) ;
#704 = CYLINDRICAL_SURFACE ( 'NONE', #1270, 0.1352350503700165685 ) ;
#705 = CARTESIAN_POINT ( 'NONE',  ( 1.684053312136017277, -0.3983513512062374917, 0.2774175960637573213 ) ) ;
#706 = DIRECTION ( 'NONE',  ( -0.000000000000000000, -0.000000000000000000, -1.000000000000000000 ) ) ;
#707 = DIRECTION ( 'NONE',  ( 1.000000000000000000, 0.000000000000000000, 0.000000000000000000 ) ) ;
#708 = VECTOR ( 'NONE', #7431, 999.9999999999998863 ) ;
#709 = DIRECTION ( 'NONE',  ( -1.000000000000000000, 0.000000000000000000, 0.000000000000000000 ) ) ;
#710 = ORIENTED_EDGE ( 'NONE', *, *, #9349, .F. ) ;
#711 = CIRCLE ( 'NONE', #9245, 0.2000000000000000944 ) ;
#712 = EDGE_CURVE ( 'NONE', #663, #6440, #1662, .T. ) ;
#713 = CARTESIAN_POINT ( 'NONE',  ( 0.000000000000000000, 0.000000000000000000, 0.7000000000000001776 ) ) ;
#714 = ORIENTED_EDGE ( 'NONE', *, *, #6787, .T. ) ;
#715 = DIRECTION ( 'NONE',  ( 0.000000000000000000, 0.000000000000000000, 1.000000000000000000 ) ) ;
#716 = VERTEX_POINT ( 'NONE', #8086 ) ;
#717 = ORIENTED_EDGE ( 'NONE', *, *, #2613, .T. ) ;
#718 = DIRECTION ( 'NONE',  ( -1.000000000000000000, 0.000000000000000000, -0.000000000000000000 ) ) ;
#719 = CARTESIAN_POINT ( 'NONE',  ( -1.889970947692899639, -0.001208938450525535177, 0.4101203423996151454 ) ) ;
#720 = CARTESIAN_POINT ( 'NONE',  ( 1.344983577402405039, -0.1000000000000000056, 1.397023181841392958 ) ) ;
#721 = FACE_OUTER_BOUND ( 'NONE', #5176, .T. ) ;
#722 = EDGE_CURVE ( 'NONE', #4051, #6949, #1107, .T. ) ;
#723 = CARTESIAN_POINT ( 'NONE',  ( -0.4961224367392622625, -0.1499999999999992450, -1.399999999999999911 ) ) ;
#724 = ORIENTED_EDGE ( 'NONE', *, *, #1522, .F. ) ;
#725 = EDGE_CURVE ( 'NONE', #4217, #7593, #52, .T. ) ;
#726 = VERTEX_POINT ( 'NONE', #9663 ) ;
#727 = ORIENTED_EDGE ( 'NONE', *, *, #1187, .F. ) ;
#728 = CARTESIAN_POINT ( 'NONE',  ( 1.823837256206633617, -0.5250181477607720471, -0.5089130437326958578 ) ) ;
#729 = DIRECTION ( 'NONE',  ( -1.000000000000000000, 0.000000000000000000, 0.000000000000000000 ) ) ;
#730 = CARTESIAN_POINT ( 'NONE',  ( 4.242956589728364716E-17, -0.1999999999999998168, 0.8620340378538884352 ) ) ;
#731 = CARTESIAN_POINT ( 'NONE',  ( 1.919736465895840238, -0.7097993822990157353, -0.3252409048719711038 ) ) ;
#732 = CARTESIAN_POINT ( 'NONE',  ( -1.716552841523021122, -0.1105938466199859471, 1.381279421572882304 ) ) ;
#733 = ORIENTED_EDGE ( 'NONE', *, *, #4124, .T. ) ;
#734 = DIRECTION ( 'NONE',  ( -1.000000000000000000, 2.773339119917619628E-32, -2.498001805406602216E-16 ) ) ;
#735 = CARTESIAN_POINT ( 'NONE',  ( 1.301148157059624388, -0.1804963128685756757, 1.319503687131402758 ) ) ;
#736 = VECTOR ( 'NONE', #3795, 1000.000000000000000 ) ;
#737 = LINE ( 'NONE', #637, #3917 ) ;
#738 = EDGE_CURVE ( 'NONE', #8880, #3776, #2652, .T. ) ;
#739 = CARTESIAN_POINT ( 'NONE',  ( 2.299999999999999378, -1.269999999999999796, -1.100000000000000089 ) ) ;
#740 = DIRECTION ( 'NONE',  ( 0.000000000000000000, 0.000000000000000000, 1.000000000000000000 ) ) ;
#741 = VECTOR ( 'NONE', #1131, 1000.000000000000000 ) ;
#742 = DIRECTION ( 'NONE',  ( 1.000000000000000000, 0.000000000000000000, 0.000000000000000000 ) ) ;
#743 = CARTESIAN_POINT ( 'NONE',  ( 1.679389374268562163, -1.392325851403162673, -1.246144590665586138 ) ) ;
#744 = ORIENTED_EDGE ( 'NONE', *, *, #6940, .T. ) ;
#745 = ORIENTED_EDGE ( 'NONE', *, *, #5847, .T. ) ;
#746 = ADVANCED_FACE ( 'NONE', ( #6515 ), #4119, .T. ) ;
#747 = CARTESIAN_POINT ( 'NONE',  ( -1.301148175457528033, -0.6083740602123943741, 0.7000000000000001776 ) ) ;
#748 = ORIENTED_EDGE ( 'NONE', *, *, #3903, .F. ) ;
#749 = ORIENTED_EDGE ( 'NONE', *, *, #9286, .T. ) ;
#750 = VECTOR ( 'NONE', #1872, 1000.000000000000000 ) ;
#751 = EDGE_CURVE ( 'NONE', #6541, #7079, #4169, .T. ) ;
#752 = DIRECTION ( 'NONE',  ( 0.000000000000000000, 0.000000000000000000, -1.000000000000000000 ) ) ;
#753 = CARTESIAN_POINT ( 'NONE',  ( 2.217386645469349826, -0.8983513512062376583, -0.7718015200835192102 ) ) ;
#754 = LINE ( 'NONE', #3000, #2111 ) ;
#755 = LINE ( 'NONE', #7578, #7944 ) ;
#756 = AXIS2_PLACEMENT_3D ( 'NONE', #2203, #1226, #2157 ) ;
#757 = CARTESIAN_POINT ( 'NONE',  ( 1.920725336924328674, -0.7096506070018766543, 0.3252409048719890339 ) ) ;
#758 = ORIENTED_EDGE ( 'NONE', *, *, #5351, .T. ) ;
#759 = DIRECTION ( 'NONE',  ( -0.000000000000000000, 1.000000000000000000, -9.346570452461247140E-18 ) ) ;
#760 = ORIENTED_EDGE ( 'NONE', *, *, #9751, .F. ) ;
#761 = EDGE_CURVE ( 'NONE', #1135, #2245, #6015, .T. ) ;
#762 = CARTESIAN_POINT ( 'NONE',  ( -1.944422970106652881, -0.7894801885613828007, 0.9157532022455919796 ) ) ;
#763 = VERTEX_POINT ( 'NONE', #7380 ) ;
#764 = EDGE_LOOP ( 'NONE', ( #3369, #4832, #1997, #1735 ) ) ;
#765 = AXIS2_PLACEMENT_3D ( 'NONE', #906, #1554, #9350 ) ;
#766 = EDGE_CURVE ( 'NONE', #1162, #3803, #2805, .T. ) ;
#767 = DIRECTION ( 'NONE',  ( 0.9098789178756583329, -0.4148739022949274324, -0.000000000000000000 ) ) ;
#768 = DIRECTION ( 'NONE',  ( 0.000000000000000000, -0.000000000000000000, 1.000000000000000000 ) ) ;
#769 = CARTESIAN_POINT ( 'NONE',  ( -1.499999999999999556, -1.269999999999999796, 0.6999999999999999556 ) ) ;
#770 = CARTESIAN_POINT ( 'NONE',  ( -2.017386645469349649, -0.6700269455968874688, -0.3941720208975116879 ) ) ;
#771 = VECTOR ( 'NONE', #9833, 1000.000000000000000 ) ;
#772 = ORIENTED_EDGE ( 'NONE', *, *, #3884, .F. ) ;
#773 = CIRCLE ( 'NONE', #8200, 0.04999999999999991257 ) ;
#774 = VERTEX_POINT ( 'NONE', #5814 ) ;
#775 = ORIENTED_EDGE ( 'NONE', *, *, #9724, .F. ) ;
#776 = ADVANCED_FACE ( 'NONE', ( #5052 ), #1056, .T. ) ;
#777 = ADVANCED_FACE ( 'NONE', ( #305 ), #8963, .F. ) ;
#778 = FACE_OUTER_BOUND ( 'NONE', #4256, .T. ) ;
#779 = FACE_OUTER_BOUND ( 'NONE', #7664, .T. ) ;
#780 = DIRECTION ( 'NONE',  ( -1.000000000000000000, 0.000000000000000000, -0.000000000000000000 ) ) ;
#781 = FACE_OUTER_BOUND ( 'NONE', #2703, .T. ) ;
#782 = VERTEX_POINT ( 'NONE', #462 ) ;
#783 = DIRECTION ( 'NONE',  ( 5.551115123125779004E-17, -1.222965514685893946E-32, 1.000000000000000000 ) ) ;
#784 = CYLINDRICAL_SURFACE ( 'NONE', #8743, 0.1499999999999999667 ) ;
#785 = VECTOR ( 'NONE', #6267, 1000.000000000000000 ) ;
#786 = FILL_AREA_STYLE_COLOUR ( '', #1507 ) ;
#787 = ORIENTED_EDGE ( 'NONE', *, *, #2331, .T. ) ;
#788 = EDGE_CURVE ( 'NONE', #8554, #5523, #8851, .T. ) ;
#789 = CARTESIAN_POINT ( 'NONE',  ( -1.301148175457528033, -0.1000000000000000472, 0.7000000000000001776 ) ) ;
#790 = LINE ( 'NONE', #7045, #7710 ) ;
#791 = CARTESIAN_POINT ( 'NONE',  ( 2.100000000000000089, -0.3653699307730465806, 0.3499999999999999778 ) ) ;
#792 = CARTESIAN_POINT ( 'NONE',  ( 0.000000000000000000, -0.1999999999999998168, 1.208497736014245927 ) ) ;
#793 = VERTEX_POINT ( 'NONE', #3573 ) ;
#794 = ORIENTED_EDGE ( 'NONE', *, *, #7993, .F. ) ;
#795 = CYLINDRICAL_SURFACE ( 'NONE', #1974, 0.04999999999999991257 ) ;
#796 = VERTEX_POINT ( 'NONE', #5865 ) ;
#797 = ORIENTED_EDGE ( 'NONE', *, *, #9971, .T. ) ;
#798 = AXIS2_PLACEMENT_3D ( 'NONE', #7608, #3753, #2986 ) ;
#799 = DIRECTION ( 'NONE',  ( 1.000000000000000000, -0.000000000000000000, 0.000000000000000000 ) ) ;
#800 = CARTESIAN_POINT ( 'NONE',  ( 2.020533598303667411, -0.6941211393050913392, 0.3742185336602723567 ) ) ;
#801 = EDGE_CURVE ( 'NONE', #3585, #7729, #688, .T. ) ;
#802 = CARTESIAN_POINT ( 'NONE',  ( -2.017877563216934345, -0.6790225206773830013, 0.3901627166969494076 ) ) ;
#803 = CARTESIAN_POINT ( 'NONE',  ( -2.217386645469349826, -0.4316846845395707621, 0.2774175960637573213 ) ) ;
#804 = CYLINDRICAL_SURFACE ( 'NONE', #765, 0.3999999999999999112 ) ;
#806 = ORIENTED_EDGE ( 'NONE', *, *, #5538, .T. ) ;
#805 = CARTESIAN_POINT ( 'NONE',  ( -0.9749999999999999778, -1.419999999999999929, 0.7500000000000000000 ) ) ;
#807 = FACE_OUTER_BOUND ( 'NONE', #8688, .T. ) ;
#808 = ORIENTED_EDGE ( 'NONE', *, *, #9317, .F. ) ;
#809 = CARTESIAN_POINT ( 'NONE',  ( 2.017386645469349649, -0.4676805559526490685, -0.4218284553639131129 ) ) ;
#810 = VERTEX_POINT ( 'NONE', #1258 ) ;
#811 = EDGE_CURVE ( 'NONE', #9588, #2930, #8143, .T. ) ;
#812 = AXIS2_PLACEMENT_3D ( 'NONE', #9024, #4437, #2108 ) ;
#813 = ORIENTED_EDGE ( 'NONE', *, *, #1059, .F. ) ;
#814 = EDGE_CURVE ( 'NONE', #286, #2789, #6484, .T. ) ;
#815 = CARTESIAN_POINT ( 'NONE',  ( 2.017386645469349649, -0.6650180178729037106, -0.9299338753735272300 ) ) ;
#816 = CARTESIAN_POINT ( 'NONE',  ( -0.5352522865914011163, -4.065758146820641628E-16, -1.250000000000000000 ) ) ;
#817 = DIRECTION ( 'NONE',  ( -0.000000000000000000, -0.000000000000000000, -1.000000000000000000 ) ) ;
#818 = VECTOR ( 'NONE', #8423, 1000.000000000000000 ) ;
#819 = CARTESIAN_POINT ( 'NONE',  ( -1.899999999999999689, -0.1499999999999999667, -1.200000000000000178 ) ) ;
#820 = CARTESIAN_POINT ( 'NONE',  ( -1.274999999999999911, -0.4999999999999998890, 0.7500000000000002220 ) ) ;
#821 = CARTESIAN_POINT ( 'NONE',  ( 0.4961224367392622625, -1.178293477248595122, -1.315980034511265773 ) ) ;
#822 = LINE ( 'NONE', #6873, #8735 ) ;
#823 = VERTEX_POINT ( 'NONE', #5714 ) ;
#824 = ADVANCED_FACE ( 'NONE', ( #508 ), #1800, .T. ) ;
#825 = VERTEX_POINT ( 'NONE', #8035 ) ;
#826 = EDGE_LOOP ( 'NONE', ( #5404, #9565, #2228, #4307, #7420, #2051, #1781, #1458, #7560, #7408, #6087, #2881, #5211, #6642, #8348, #6562, #2018, #2685, #1189, #339, #4965, #1038, #7423, #5178, #6556, #8930, #7155, #4269, #9453, #8337, #4475, #9766, #4297, #806, #3541, #5094, #1005, #5793, #8753, #7584, #1999, #9503, #6005, #135, #6068, #1521, #914, #9268, #4599, #4713, #3132, #2572 ) ) ;
#827 = CLOSED_SHELL ( 'NONE', ( #9414, #9779, #6311, #6805, #8066, #937, #2585 ) ) ;
#828 = CARTESIAN_POINT ( 'NONE',  ( -1.944422970106652437, -0.7894801885613825787, 0.9157532022455918685 ) ) ;
#829 = EDGE_CURVE ( 'NONE', #774, #5531, #358, .T. ) ;
#830 = CARTESIAN_POINT ( 'NONE',  ( 0.4961224367392622625, -1.178293477248595122, -1.515980034511265950 ) ) ;
#831 = DIRECTION ( 'NONE',  ( -0.000000000000000000, 0.000000000000000000, 1.000000000000000000 ) ) ;
#832 = DIRECTION ( 'NONE',  ( 1.000000000000000000, -0.000000000000000000, -0.000000000000000000 ) ) ;
#833 = ORIENTED_EDGE ( 'NONE', *, *, #3667, .T. ) ;
#834 = CARTESIAN_POINT ( 'NONE',  ( 1.917386645469350226, -0.6650180178729044878, -0.9299338753735266749 ) ) ;
#835 = AXIS2_PLACEMENT_3D ( 'NONE', #8051, #4397, #5165 ) ;
#836 = DIRECTION ( 'NONE',  ( 9.035018104045875625E-17, 0.000000000000000000, -1.000000000000000000 ) ) ;
#837 = EDGE_CURVE ( 'NONE', #3803, #2739, #9960, .T. ) ;
#838 = ORIENTED_EDGE ( 'NONE', *, *, #48, .F. ) ;
#839 = VECTOR ( 'NONE', #185, 1000.000000000000000 ) ;
#840 = DIRECTION ( 'NONE',  ( -0.000000000000000000, -0.000000000000000000, -1.000000000000000000 ) ) ;
#841 = AXIS2_PLACEMENT_3D ( 'NONE', #7856, #8717, #4811 ) ;
#842 = DIRECTION ( 'NONE',  ( -1.000000000000000000, 2.773339119917619628E-32, -2.498001805406602216E-16 ) ) ;
#843 = CARTESIAN_POINT ( 'NONE',  ( -1.799402302898350348, 0.000000000000000000, -0.4218284553639131129 ) ) ;
#844 = CARTESIAN_POINT ( 'NONE',  ( 1.499999999999999556, -1.419999999999999929, -1.099999999999999867 ) ) ;
#845 = CARTESIAN_POINT ( 'NONE',  ( 2.122262099140560299, -0.9384702164696112625, -0.5089130437326963019 ) ) ;
#846 = EDGE_CURVE ( 'NONE', #5240, #7679, #8595, .T. ) ;
#847 = ORIENTED_EDGE ( 'NONE', *, *, #634, .T. ) ;
#848 = AXIS2_PLACEMENT_3D ( 'NONE', #7922, #1693, #1598 ) ;
#849 = CARTESIAN_POINT ( 'NONE',  ( -1.499999999999999556, -1.269999999999999796, -0.6999999999999999556 ) ) ;
#850 = ORIENTED_EDGE ( 'NONE', *, *, #8283, .F. ) ;
#851 = VERTEX_POINT ( 'NONE', #8295 ) ;
#852 = CARTESIAN_POINT ( 'NONE',  ( 1.974752267315847076, -0.7756510585110482081, 0.9157532022444120345 ) ) ;
#853 = CARTESIAN_POINT ( 'NONE',  ( 2.021008767739727929, -0.6972224315525996641, 0.3696794698583892869 ) ) ;
#854 = MECHANICAL_DESIGN_GEOMETRIC_PRESENTATION_REPRESENTATION (  '', ( #8118 ), #5692 ) ;
#855 = CARTESIAN_POINT ( 'NONE',  ( -2.020669073140932248, -0.7011039810328726363, 0.3392930257716764708 ) ) ;
#856 = CARTESIAN_POINT ( 'NONE',  ( 1.867386645469348405, -0.1499999999999996891, 0.9886127665261839059 ) ) ;
#857 = FACE_OUTER_BOUND ( 'NONE', #8104, .T. ) ;
#859 = ORIENTED_EDGE ( 'NONE', *, *, #2900, .F. ) ;
#858 = CARTESIAN_POINT ( 'NONE',  ( -0.2464402437188722428, -0.1000000000000000056, 1.118610311246403866 ) ) ;
#860 = CARTESIAN_POINT ( 'NONE',  ( -2.017386645469349649, -0.5000000000000000000, 0.4218284553639131129 ) ) ;
#861 = ORIENTED_EDGE ( 'NONE', *, *, #5373, .F. ) ;
#862 = CARTESIAN_POINT ( 'NONE',  ( 1.700000000000000178, -7.560171795458674460, -1.199999999999999734 ) ) ;
#863 = AXIS2_PLACEMENT_3D ( 'NONE', #5412, #867, #3971 ) ;
#864 = ORIENTED_EDGE ( 'NONE', *, *, #7731, .F. ) ;
#865 = EDGE_LOOP ( 'NONE', ( #4564, #3661, #2827, #454 ) ) ;
#866 = CYLINDRICAL_SURFACE ( 'NONE', #4379, 0.05000000000000012768 ) ;
#867 = DIRECTION ( 'NONE',  ( 0.000000000000000000, -1.000000000000000000, 0.000000000000000000 ) ) ;
#868 = AXIS2_PLACEMENT_3D ( 'NONE', #2486, #7914, #6247 ) ;
#869 = EDGE_CURVE ( 'NONE', #5642, #793, #6855, .T. ) ;
#870 = PRESENTATION_STYLE_ASSIGNMENT (( #7787 ) ) ;
#871 = CARTESIAN_POINT ( 'NONE',  ( -2.017386645469349649, -0.6650180178729041547, -0.2471919620098809445 ) ) ;
#872 = CARTESIAN_POINT ( 'NONE',  ( 0.4961224367392622625, -0.1500000000000002998, -1.250000000000000000 ) ) ;
#873 = ORIENTED_EDGE ( 'NONE', *, *, #6681, .T. ) ;
#874 = EDGE_CURVE ( 'NONE', #2737, #7039, #4521, .T. ) ;
#875 =( BOUNDED_CURVE ( )  B_SPLINE_CURVE ( 3, ( #5768, #3474, #7338, #6569 ),
 .UNSPECIFIED., .F., .F. ) 
 B_SPLINE_CURVE_WITH_KNOTS ( ( 4, 4 ),
 ( 0.000000000000000000, 1.570796326794896558 ),
 .UNSPECIFIED. ) 
 CURVE ( )  GEOMETRIC_REPRESENTATION_ITEM ( )  RATIONAL_B_SPLINE_CURVE ( ( 1.000000000000000000, 0.8047378541243649375, 0.8047378541243649375, 1.000000000000000000 ) ) 
 REPRESENTATION_ITEM ( '' )  );
#876 = ORIENTED_EDGE ( 'NONE', *, *, #1737, .T. ) ;
#877 = ORIENTED_EDGE ( 'NONE', *, *, #5584, .T. ) ;
#878 = CARTESIAN_POINT ( 'NONE',  ( 2.299999999999999822, -1.269999999999999796, -0.4999999999999997780 ) ) ;
#879 = EDGE_CURVE ( 'NONE', #603, #9741, #4473, .T. ) ;
#880 = CYLINDRICAL_SURFACE ( 'NONE', #6587, 0.3750000000000001110 ) ;
#881 = DIRECTION ( 'NONE',  ( 0.000000000000000000, -0.000000000000000000, -1.000000000000000000 ) ) ;
#882 = PLANE ( 'NONE',  #538 ) ;
#883 = CARTESIAN_POINT ( 'NONE',  ( 2.018396645469349604, -0.6650180178729042657, -0.3949867687062137978 ) ) ;
#884 = CARTESIAN_POINT ( 'NONE',  ( 1.995392560103486090, -0.1000000000000000056, 0.9886127665261839059 ) ) ;
#885 = ORIENTED_EDGE ( 'NONE', *, *, #8176, .T. ) ;
#886 = DIRECTION ( 'NONE',  ( -0.000000000000000000, -9.346570452461245599E-18, -1.000000000000000000 ) ) ;
#887 = CARTESIAN_POINT ( 'NONE',  ( -1.874025336950396303, -0.0001469794251062698641, 1.050465179241515834 ) ) ;
#888 = EDGE_CURVE ( 'NONE', #2537, #6318, #754, .T. ) ;
#889 = ORIENTED_EDGE ( 'NONE', *, *, #5873, .F. ) ;
#890 = LINE ( 'NONE', #8619, #1475 ) ;
#891 = EDGE_CURVE ( 'NONE', #3004, #7616, #1797, .T. ) ;
#892 = CARTESIAN_POINT ( 'NONE',  ( 1.499999999999999556, -1.419999999999999929, -1.099999999999999867 ) ) ;
#893 = CARTESIAN_POINT ( 'NONE',  ( -2.091932802007458569, -0.9522993464870840308, -0.7661930767260369812 ) ) ;
#894 = CARTESIAN_POINT ( 'NONE',  ( 2.060672114361573382, -0.9665531589639829724, -0.5089130437326955247 ) ) ;
#895 = ORIENTED_EDGE ( 'NONE', *, *, #6158, .T. ) ;
#896 = LINE ( 'NONE', #3952, #9920 ) ;
#897 = ORIENTED_EDGE ( 'NONE', *, *, #7309, .T. ) ;
#898 = ORIENTED_EDGE ( 'NONE', *, *, #968, .F. ) ;
#899 = AXIS2_PLACEMENT_3D ( 'NONE', #244, #6507, #1698 ) ;
#900 = EDGE_CURVE ( 'NONE', #3792, #584, #6807, .T. ) ;
#901 = DIRECTION ( 'NONE',  ( 7.216449660063511596E-16, 1.844077921750776687E-32, -1.000000000000000000 ) ) ;
#902 = CARTESIAN_POINT ( 'NONE',  ( 1.684053312136017277, -0.9316846845395710952, -0.7718015200835193212 ) ) ;
#903 = ADVANCED_FACE ( 'NONE', ( #3811 ), #6758, .F. ) ;
#904 = CARTESIAN_POINT ( 'NONE',  ( 1.224999999999999867, -0.4999999999999998890, 1.800000000000000044 ) ) ;
#905 = DIRECTION ( 'NONE',  ( 1.000000000000000000, 1.694818351060765361E-32, -7.216449660063507652E-16 ) ) ;
#906 = CARTESIAN_POINT ( 'NONE',  ( -2.143774953583232890, -1.226688135358414256, -8.673617379884035472E-16 ) ) ;
#908 = ORIENTED_EDGE ( 'NONE', *, *, #7017, .F. ) ;
#907 = DIRECTION ( 'NONE',  ( -0.4148739022949270994, -0.9098789178756585549, 0.000000000000000000 ) ) ;
#909 = CYLINDRICAL_SURFACE ( 'NONE', #4272, 0.4464636981603574695 ) ;
#910 = EDGE_LOOP ( 'NONE', ( #5160, #7572, #4806, #908, #8406, #3070 ) ) ;
#911 = VECTOR ( 'NONE', #6331, 1000.000000000000000 ) ;
#912 = DIRECTION ( 'NONE',  ( 0.000000000000000000, 0.000000000000000000, 1.000000000000000000 ) ) ;
#913 = ORIENTED_EDGE ( 'NONE', *, *, #2636, .T. ) ;
#914 = ORIENTED_EDGE ( 'NONE', *, *, #8518, .F. ) ;
#915 = CIRCLE ( 'NONE', #1066, 0.3750000000000001665 ) ;
#916 = DIRECTION ( 'NONE',  ( 0.000000000000000000, 0.000000000000000000, 1.000000000000000000 ) ) ;
#917 = LINE ( 'NONE', #5815, #4393 ) ;
#918 = LINE ( 'NONE', #3879, #595 ) ;
#919 = VERTEX_POINT ( 'NONE', #5153 ) ;
#920 = AXIS2_PLACEMENT_3D ( 'NONE', #5853, #6398, #8951 ) ;
#921 = EDGE_LOOP ( 'NONE', ( #6980, #2738, #1543, #8121 ) ) ;
#922 = VERTEX_POINT ( 'NONE', #2141 ) ;
#923 = DIRECTION ( 'NONE',  ( -0.000000000000000000, -1.000000000000000000, 0.000000000000000000 ) ) ;
#924 = CYLINDRICAL_SURFACE ( 'NONE', #9344, 0.3750000000000001110 ) ;
#925 = EDGE_CURVE ( 'NONE', #4376, #1699, #6016, .T. ) ;
#926 =( LENGTH_UNIT ( ) NAMED_UNIT ( * ) SI_UNIT ( .MILLI., .METRE. ) );
#927 = CIRCLE ( 'NONE', #2185, 0.05000000000000002359 ) ;
#928 = DIRECTION ( 'NONE',  ( -0.000000000000000000, -0.000000000000000000, -1.000000000000000000 ) ) ;
#929 = DIRECTION ( 'NONE',  ( 0.000000000000000000, 1.000000000000000000, -9.346570452461245599E-18 ) ) ;
#930 = ORIENTED_EDGE ( 'NONE', *, *, #3938, .F. ) ;
#931 = CARTESIAN_POINT ( 'NONE',  ( 1.867386645469348405, -0.09999999999999976963, -0.9886127665261834618 ) ) ;
#932 = CARTESIAN_POINT ( 'NONE',  ( -1.867386645469348405, 1.897353801849632760E-16, 1.060417588806084277 ) ) ;
#933 = ORIENTED_EDGE ( 'NONE', *, *, #7331, .T. ) ;
#934 = VECTOR ( 'NONE', #7160, 1000.000000000000000 ) ;
#935 = B_SPLINE_CURVE_WITH_KNOTS ( 'NONE', 3,
 ( #3330, #9629, #5678, #8818 ),
 .UNSPECIFIED., .F., .F.,
 ( 4, 4 ),
 ( 0.000000000000000000, 1.000000000000000000 ),
 .UNSPECIFIED. ) ;
#936 = LINE ( 'NONE', #6997, #520 ) ;
#937 = ADVANCED_FACE ( 'NONE', ( #2952 ), #7577, .T. ) ;
#938 = LINE ( 'NONE', #7203, #1328 ) ;
#939 = LINE ( 'NONE', #844, #9304 ) ;
#940 = DIRECTION ( 'NONE',  ( 0.000000000000000000, 0.000000000000000000, -1.000000000000000000 ) ) ;
#941 = CIRCLE ( 'NONE', #3184, 0.2000000000000000944 ) ;
#942 = ORIENTED_EDGE ( 'NONE', *, *, #8640, .F. ) ;
#943 = DIRECTION ( 'NONE',  ( -9.035018104045875625E-17, 0.000000000000000000, 1.000000000000000000 ) ) ;
#944 = ORIENTED_EDGE ( 'NONE', *, *, #9073, .T. ) ;
#945 = EDGE_CURVE ( 'NONE', #6249, #9723, #8437, .T. ) ;
#946 = EDGE_LOOP ( 'NONE', ( #4797, #2351, #8805, #6130 ) ) ;
#947 = COLOUR_RGB ( '',0.7921568627450980005, 0.8196078431372548767, 0.9333333333333333481 ) ;
#948 = PLANE ( 'NONE',  #2875 ) ;
#949 = FACE_OUTER_BOUND ( 'NONE', #3919, .T. ) ;
#950 = LINE ( 'NONE', #60, #6652 ) ;
#951 = CARTESIAN_POINT ( 'NONE',  ( -1.817386645469349915, -0.4650180178729040326, 0.2774175960637573213 ) ) ;
#952 = FACE_OUTER_BOUND ( 'NONE', #7680, .T. ) ;
#954 = ORIENTED_EDGE ( 'NONE', *, *, #2301, .F. ) ;
#953 = DIRECTION ( 'NONE',  ( 0.000000000000000000, -1.000000000000000000, 0.000000000000000000 ) ) ;
#955 = DIRECTION ( 'NONE',  ( 1.000000000000000000, 3.252606517456518824E-15, 0.000000000000000000 ) ) ;
#956 = VERTEX_POINT ( 'NONE', #1354 ) ;
#957 = CIRCLE ( 'NONE', #5308, 0.1499999999999999667 ) ;
#958 = CARTESIAN_POINT ( 'NONE',  ( 1.499999999999999556, -1.269999999999999796, 0.6999999999999999556 ) ) ;
#959 = ORIENTED_EDGE ( 'NONE', *, *, #7776, .F. ) ;
#960 = ADVANCED_FACE ( 'NONE', ( #8389 ), #4573, .T. ) ;
#961 = VERTEX_POINT ( 'NONE', #3714 ) ;
#962 = FACE_OUTER_BOUND ( 'NONE', #7103, .T. ) ;
#963 = AXIS2_PLACEMENT_3D ( 'NONE', #5988, #2118, #4546 ) ;
#964 = CARTESIAN_POINT ( 'NONE',  ( -2.020991112294564740, -0.7028184889495145971, -0.3485584338624198031 ) ) ;
#965 = AXIS2_PLACEMENT_3D ( 'NONE', #8877, #3286, #7254 ) ;
#966 = CARTESIAN_POINT ( 'NONE',  ( -2.122262099140556746, -0.9384702164696129278, -0.4816873910456420660 ) ) ;
#967 = ORIENTED_EDGE ( 'NONE', *, *, #8568, .F. ) ;
#968 = EDGE_CURVE ( 'NONE', #9068, #810, #2322, .T. ) ;
#969 = ORIENTED_EDGE ( 'NONE', *, *, #8525, .F. ) ;
#970 = ORIENTED_EDGE ( 'NONE', *, *, #4449, .T. ) ;
#971 = VECTOR ( 'NONE', #9165, 1000.000000000000000 ) ;
#972 = CARTESIAN_POINT ( 'NONE',  ( 1.949402302898350259, 0.000000000000000000, 0.2718284553639134793 ) ) ;
#973 = CARTESIAN_POINT ( 'NONE',  ( 1.224999999999999867, -0.1508726203218639927, 2.149112015109213125 ) ) ;
#974 = FILL_AREA_STYLE_COLOUR ( '', #1798 ) ;
#975 = DIRECTION ( 'NONE',  ( 0.000000000000000000, 0.000000000000000000, 1.000000000000000000 ) ) ;
#976 = CARTESIAN_POINT ( 'NONE',  ( -1.224999999999999645, -1.050000000000000044, 1.800000000000000044 ) ) ;
#977 = ORIENTED_EDGE ( 'NONE', *, *, #7561, .F. ) ;
#978 = CARTESIAN_POINT ( 'NONE',  ( -2.031274207353249039, -0.9799576066989880152, 0.5089130437326878642 ) ) ;
#979 = DIRECTION ( 'NONE',  ( -0.000000000000000000, 1.000000000000000000, -0.000000000000000000 ) ) ;
#980 = CIRCLE ( 'NONE', #7596, 0.04999999999999991257 ) ;
#981 = VERTEX_POINT ( 'NONE', #1692 ) ;
#982 = CARTESIAN_POINT ( 'NONE',  ( -1.401148175457528122, -0.6083740602123943741, 1.400000000000000133 ) ) ;
#983 = VECTOR ( 'NONE', #579, 1000.000000000000000 ) ;
#984 = ADVANCED_FACE ( 'NONE', ( #3201 ), #8583, .T. ) ;
#985 = CARTESIAN_POINT ( 'NONE',  ( -2.061603504615514115, -0.9661284766226074794, -0.5089130437326931933 ) ) ;
#986 = CARTESIAN_POINT ( 'NONE',  ( -0.6006347602098601746, -0.1207106781186547129, -1.200000000000000178 ) ) ;
#987 = ORIENTED_EDGE ( 'NONE', *, *, #6501, .F. ) ;
#988 = CARTESIAN_POINT ( 'NONE',  ( 1.917386645469349560, -0.4676805559526494571, 0.4218284553639131129 ) ) ;
#989 = ORIENTED_EDGE ( 'NONE', *, *, #8380, .T. ) ;
#990 = ORIENTED_EDGE ( 'NONE', *, *, #5419, .T. ) ;
#991 = EDGE_CURVE ( 'NONE', #4464, #1906, #7136, .T. ) ;
#992 = AXIS2_PLACEMENT_3D ( 'NONE', #6382, #5634, #7044 ) ;
#993 = DIRECTION ( 'NONE',  ( -0.000000000000000000, -0.000000000000000000, -1.000000000000000000 ) ) ;
#994 = LINE ( 'NONE', #8072, #1725 ) ;
#995 = CARTESIAN_POINT ( 'NONE',  ( -2.020860183026489842, -0.7021322320132481476, 0.3590735326617067735 ) ) ;
#996 = EDGE_CURVE ( 'NONE', #6150, #7753, #950, .T. ) ;
#997 = AXIS2_PLACEMENT_3D ( 'NONE', #6532, #7299, #5782 ) ;
#998 = COLOUR_RGB ( '',0.7921568627450980005, 0.8196078431372548767, 0.9333333333333333481 ) ;
#1000 = ORIENTED_EDGE ( 'NONE', *, *, #1305, .F. ) ;
#999 = DIRECTION ( 'NONE',  ( 1.000000000000000000, 0.000000000000000000, -0.000000000000000000 ) ) ;
#1001 = CARTESIAN_POINT ( 'NONE',  ( 2.031274207352990135, -0.9799576066991059209, 0.5089130437326906398 ) ) ;
#1002 = ORIENTED_EDGE ( 'NONE', *, *, #2324, .F. ) ;
#1003 = DIRECTION ( 'NONE',  ( -1.000000000000000000, -1.770863548392990996E-14, 0.000000000000000000 ) ) ;
#1004 = ORIENTED_EDGE ( 'NONE', *, *, #9789, .F. ) ;
#1005 = ORIENTED_EDGE ( 'NONE', *, *, #5351, .F. ) ;
#1006 = EDGE_CURVE ( 'NONE', #1970, #9353, #9250, .T. ) ;
#1007 = AXIS2_PLACEMENT_3D ( 'NONE', #1582, #6522, #8045 ) ;
#1008 = AXIS2_PLACEMENT_3D ( 'NONE', #3521, #2606, #9716 ) ;
#1009 = FACE_OUTER_BOUND ( 'NONE', #4151, .T. ) ;
#1010 = CARTESIAN_POINT ( 'NONE',  ( 2.031274207354097250, -0.9799576066986011025, -0.5089130437326958578 ) ) ;
#1011 = CARTESIAN_POINT ( 'NONE',  ( 1.344983577402405039, 0.000000000000000000, 1.397023181841392958 ) ) ;
#1012 = EDGE_CURVE ( 'NONE', #6952, #5180, #3406, .T. ) ;
#1013 = LINE ( 'NONE', #4073, #7212 ) ;
#1014 = ORIENTED_EDGE ( 'NONE', *, *, #3334, .T. ) ;
#1015 = ORIENTED_EDGE ( 'NONE', *, *, #1419, .F. ) ;
#1016 = DIRECTION ( 'NONE',  ( 0.000000000000000000, 0.000000000000000000, -1.000000000000000000 ) ) ;
#1017 = ORIENTED_EDGE ( 'NONE', *, *, #9673, .T. ) ;
#1018 = DIRECTION ( 'NONE',  ( 0.000000000000000000, 0.000000000000000000, -1.000000000000000000 ) ) ;
#1019 = CARTESIAN_POINT ( 'NONE',  ( 2.017386645469349649, -0.1499999999999991895, 0.9886127665261839059 ) ) ;
#1020 = EDGE_CURVE ( 'NONE', #6657, #2739, #6301, .T. ) ;
#1021 = CARTESIAN_POINT ( 'NONE',  ( -1.867386645469348405, -0.1499999999999996891, 0.4218284553639131129 ) ) ;
#1022 = DIRECTION ( 'NONE',  ( 0.000000000000000000, -1.000000000000000000, 0.000000000000000000 ) ) ;
#1023 = VECTOR ( 'NONE', #3051, 1000.000000000000000 ) ;
#1024 = CARTESIAN_POINT ( 'NONE',  ( 1.867386645469348405, 1.897353801849632760E-16, -0.3974207797200592363 ) ) ;
#1025 = ORIENTED_EDGE ( 'NONE', *, *, #3284, .T. ) ;
#1026 = DIRECTION ( 'NONE',  ( -0.000000000000000000, -0.1017606285048205939, -0.9948089135539065486 ) ) ;
#1027 = DIRECTION ( 'NONE',  ( 3.252606517456510147E-15, -1.000000000000000000, -0.000000000000000000 ) ) ;
#1028 = CIRCLE ( 'NONE', #2295, 0.04999999999999991257 ) ;
#1029 = ORIENTED_EDGE ( 'NONE', *, *, #8124, .T. ) ;
#1030 = CARTESIAN_POINT ( 'NONE',  ( 0.4961224367392622625, -0.1000000000000000056, 1.382258232211409421 ) ) ;
#1031 = DIRECTION ( 'NONE',  ( -0.000000000000000000, -1.000000000000000000, -0.000000000000000000 ) ) ;
#1032 = CARTESIAN_POINT ( 'NONE',  ( -1.919749136358031016, -0.7029587281373270713, 0.3820572661066325981 ) ) ;
#1033 = ORIENTED_EDGE ( 'NONE', *, *, #5877, .F. ) ;
#1034 = DIRECTION ( 'NONE',  ( 0.000000000000000000, -1.000000000000000000, 0.000000000000000000 ) ) ;
#1035 = EDGE_LOOP ( 'NONE', ( #2673, #4417, #1151, #6737 ) ) ;
#1036 = CARTESIAN_POINT ( 'NONE',  ( -1.899999999999999689, -1.269999999999999796, 1.099999999999999867 ) ) ;
#1037 = ORIENTED_EDGE ( 'NONE', *, *, #2959, .T. ) ;
#1038 = ORIENTED_EDGE ( 'NONE', *, *, #7411, .T. ) ;
#1039 = DIRECTION ( 'NONE',  ( 0.000000000000000000, 1.000000000000000000, -1.583310275509380931E-14 ) ) ;
#1040 = CARTESIAN_POINT ( 'NONE',  ( 2.100000000000000089, -0.6548169886614644275, -0.3499999999999999778 ) ) ;
#1041 = DIRECTION ( 'NONE',  ( 0.000000000000000000, -0.1017606285048205939, -0.9948089135539065486 ) ) ;
#1042 = CARTESIAN_POINT ( 'NONE',  ( -1.250000000000000000, -0.1066987298107780202, 2.075000000000000178 ) ) ;
#1043 = CARTESIAN_POINT ( 'NONE',  ( -1.899999999999999467, -7.560171795458674460, -1.099999999999999867 ) ) ;
#1044 = EDGE_CURVE ( 'NONE', #9034, #1135, #9393, .T. ) ;
#1045 = DIRECTION ( 'NONE',  ( 0.000000000000000000, -1.000000000000000000, 1.583310275509380931E-14 ) ) ;
#1047 = EDGE_LOOP ( 'NONE', ( #1137, #7347, #7207, #787, #6352, #3185, #1145, #9594, #7396, #4994, #8790, #5043, #263, #1748, #8647, #6570 ) ) ;
#1046 = CARTESIAN_POINT ( 'NONE',  ( 0.4961224367392622625, -1.178293477248595122, -1.515980034511265950 ) ) ;
#1048 = CARTESIAN_POINT ( 'NONE',  ( 1.374895322026362665, -0.1500000262476043345, 1.399999999999999689 ) ) ;
#1049 = ORIENTED_EDGE ( 'NONE', *, *, #5018, .T. ) ;
#1050 = FACE_OUTER_BOUND ( 'NONE', #351, .T. ) ;
#1051 = EDGE_LOOP ( 'NONE', ( #9984, #775, #8397, #794, #6951 ) ) ;
#1052 = ORIENTED_EDGE ( 'NONE', *, *, #7252, .T. ) ;
#1053 = AXIS2_PLACEMENT_3D ( 'NONE', #3031, #9227, #1146 ) ;
#1054 = EDGE_CURVE ( 'NONE', #4311, #2602, #5400, .T. ) ;
#1055 = FACE_OUTER_BOUND ( 'NONE', #4577, .T. ) ;
#1056 = CYLINDRICAL_SURFACE ( 'NONE', #2594, 0.04999999999999991257 ) ;
#1057 = DIRECTION ( 'NONE',  ( -0.000000000000000000, -1.000000000000000000, 0.000000000000000000 ) ) ;
#1058 = LINE ( 'NONE', #4120, #5204 ) ;
#1059 = EDGE_CURVE ( 'NONE', #3, #7878, #9445, .T. ) ;
#1060 = AXIS2_PLACEMENT_3D ( 'NONE', #2068, #7506, #5175 ) ;
#1061 = CARTESIAN_POINT ( 'NONE',  ( 1.995392560103486090, -0.07180482227990070410, -0.9886127665261832398 ) ) ;
#1062 = PLANE ( 'NONE',  #3309 ) ;
#1063 = DIRECTION ( 'NONE',  ( 0.000000000000000000, 0.000000000000000000, 1.000000000000000000 ) ) ;
#1064 = ORIENTED_EDGE ( 'NONE', *, *, #674, .T. ) ;
#1065 = EDGE_CURVE ( 'NONE', #7376, #7312, #8491, .T. ) ;
#1066 = AXIS2_PLACEMENT_3D ( 'NONE', #3927, #8601, #7028 ) ;
#1067 = DIRECTION ( 'NONE',  ( 0.000000000000000000, 1.000000000000000000, 0.000000000000000000 ) ) ;
#1068 = CARTESIAN_POINT ( 'NONE',  ( 0.9237652542620762297, 0.000000000000000000, -1.399999999999999467 ) ) ;
#1069 = LINE ( 'NONE', #7243, #7718 ) ;
#1070 = LINE ( 'NONE', #6330, #7174 ) ;
#1071 = DIRECTION ( 'NONE',  ( 0.000000000000000000, -1.000000000000000000, -0.000000000000000000 ) ) ;
#1072 = ORIENTED_EDGE ( 'NONE', *, *, #900, .F. ) ;
#1073 = DIRECTION ( 'NONE',  ( -1.000000000000000000, 0.000000000000000000, 0.000000000000000000 ) ) ;
#1074 = CARTESIAN_POINT ( 'NONE',  ( 1.224999999999999867, -1.050000000000000044, 1.800000000000000044 ) ) ;
#1075 = ORIENTED_EDGE ( 'NONE', *, *, #7723, .T. ) ;
#1076 = EDGE_CURVE ( 'NONE', #8684, #6659, #6956, .T. ) ;
#1077 = EDGE_CURVE ( 'NONE', #981, #6785, #5683, .T. ) ;
#1078 = CARTESIAN_POINT ( 'NONE',  ( 2.017386645469348316, -0.1131169872250357838, -0.9928150550226966242 ) ) ;
#1079 = VECTOR ( 'NONE', #2167, 1000.000000000000000 ) ;
#1080 = PLANE ( 'NONE',  #5422 ) ;
#1081 = ORIENTED_EDGE ( 'NONE', *, *, #5662, .T. ) ;
#1082 = DIRECTION ( 'NONE',  ( 0.7327703578209006086, -0.6804760118468757835, 0.000000000000000000 ) ) ;
#1083 = ORIENTED_EDGE ( 'NONE', *, *, #19, .F. ) ;
#1084 = VECTOR ( 'NONE', #2371, 1000.000000000000000 ) ;
#1085 = CARTESIAN_POINT ( 'NONE',  ( 0.000000000000000000, -0.09999999999999982514, 1.208497736014245927 ) ) ;
#1086 = EDGE_LOOP ( 'NONE', ( #2435, #4888, #5024, #590 ) ) ;
#1087 = ADVANCED_FACE ( 'NONE', ( #4675 ), #5798, .T. ) ;
#1088 = EDGE_LOOP ( 'NONE', ( #760, #5740, #6304, #2350 ) ) ;
#1089 = LINE ( 'NONE', #3199, #9195 ) ;
#1090 = CARTESIAN_POINT ( 'NONE',  ( 2.017386645469349649, -0.5000000000000000000, 0.4218284553639131129 ) ) ;
#1091 = VECTOR ( 'NONE', #9946, 1000.000000000000000 ) ;
#1092 = CARTESIAN_POINT ( 'NONE',  ( 1.679389374268562163, -0.3365381571031996200, -1.300519108644608623 ) ) ;
#1093 = LINE ( 'NONE', #8128, #7052 ) ;
#1094 = CARTESIAN_POINT ( 'NONE',  ( 1.995392560103486090, 0.000000000000000000, -1.138612766526183595 ) ) ;
#1095 = LINE ( 'NONE', #2696, #3486 ) ;
#1097 = VERTEX_POINT ( 'NONE', #2593 ) ;
#1096 = CARTESIAN_POINT ( 'NONE',  ( 2.035410861894218382, -0.7479927983318895857, -0.9157532022455918685 ) ) ;
#1098 = CARTESIAN_POINT ( 'NONE',  ( -1.989074743118145472, -0.8874080328634451620, 0.1447648332056531151 ) ) ;
#1099 = ORIENTED_EDGE ( 'NONE', *, *, #3294, .T. ) ;
#1100 = APPLICATION_CONTEXT ( 'automotive_design' ) ;
#1101 = LINE ( 'NONE', #7273, #2285 ) ;
#1102 = ORIENTED_EDGE ( 'NONE', *, *, #31, .T. ) ;
#1103 = VERTEX_POINT ( 'NONE', #4103 ) ;
#1104 = AXIS2_PLACEMENT_3D ( 'NONE', #6820, #767, #9926 ) ;
#1105 = EDGE_CURVE ( 'NONE', #4886, #2630, #7414, .T. ) ;
#1106 = DIRECTION ( 'NONE',  ( 0.000000000000000000, 0.000000000000000000, -1.000000000000000000 ) ) ;
#1107 = LINE ( 'NONE', #4893, #4870 ) ;
#1108 = DIRECTION ( 'NONE',  ( -0.9098789178756583329, -0.4148739022949275435, -1.332928165553404741E-16 ) ) ;
#1109 = CIRCLE ( 'NONE', #7405, 0.05000000000000012768 ) ;
#1110 = DIRECTION ( 'NONE',  ( 0.000000000000000000, 0.000000000000000000, 1.000000000000000000 ) ) ;
#1111 = ORIENTED_EDGE ( 'NONE', *, *, #3690, .F. ) ;
#1112 = EDGE_LOOP ( 'NONE', ( #1336, #7226, #2040, #7130 ) ) ;
#1113 = ADVANCED_FACE ( 'NONE', ( #3456 ), #4879, .T. ) ;
#1114 = AXIS2_PLACEMENT_3D ( 'NONE', #6194, #2220, #5331 ) ;
#1115 = DIRECTION ( 'NONE',  ( 1.000000000000000000, -3.851859888774469653E-33, 5.551115123125780237E-17 ) ) ;
#1116 = DIRECTION ( 'NONE',  ( 0.000000000000000000, 0.000000000000000000, 1.000000000000000000 ) ) ;
#1117 = LINE ( 'NONE', #2106, #8529 ) ;
#1118 = FILL_AREA_STYLE_COLOUR ( '', #4013 ) ;
#1119 = FACE_OUTER_BOUND ( 'NONE', #8116, .T. ) ;
#1120 = EDGE_CURVE ( 'NONE', #1823, #3, #7949, .T. ) ;
#1121 = CARTESIAN_POINT ( 'NONE',  ( -0.9749999999999999778, -1.919999999999999929, 0.5750000000000001776 ) ) ;
#1122 = EDGE_LOOP ( 'NONE', ( #8210, #5991, #6321, #3305 ) ) ;
#1123 = DIRECTION ( 'NONE',  ( -0.000000000000000000, -0.000000000000000000, 1.000000000000000000 ) ) ;
#1124 = CARTESIAN_POINT ( 'NONE',  ( -1.699999999999999734, -1.419999999999999929, 0.4999999999999997780 ) ) ;
#1125 = VERTEX_POINT ( 'NONE', #4983 ) ;
#1126 = EDGE_CURVE ( 'NONE', #1687, #3582, #6600, .T. ) ;
#1127 = PLANE ( 'NONE',  #4301 ) ;
#1128 =( BOUNDED_CURVE ( )  B_SPLINE_CURVE ( 3, ( #4428, #5251, #8245, #6763 ),
 .UNSPECIFIED., .F., .F. ) 
 B_SPLINE_CURVE_WITH_KNOTS ( ( 4, 4 ),
 ( 4.712388980384690562, 6.283185307179586232 ),
 .UNSPECIFIED. ) 
 CURVE ( )  GEOMETRIC_REPRESENTATION_ITEM ( )  RATIONAL_B_SPLINE_CURVE ( ( 1.000000000000000000, 0.8047378541243652705, 0.8047378541243652705, 1.000000000000000000 ) ) 
 REPRESENTATION_ITEM ( '' )  );
#1129 = CARTESIAN_POINT ( 'NONE',  ( 1.224999999999999867, -1.050000000000000044, 1.849999999999999867 ) ) ;
#1130 = EDGE_CURVE ( 'NONE', #7635, #7043, #7303, .T. ) ;
#1131 = DIRECTION ( 'NONE',  ( -5.449175095217500610E-16, -0.000000000000000000, 1.000000000000000000 ) ) ;
#1132 = AXIS2_PLACEMENT_3D ( 'NONE', #791, #8573, #3849 ) ;
#1133 = ORIENTED_EDGE ( 'NONE', *, *, #5409, .F. ) ;
#1134 = DIRECTION ( 'NONE',  ( 0.9098789178756583329, 0.4148739022949275990, 1.483119289809776949E-16 ) ) ;
#1135 = VERTEX_POINT ( 'NONE', #6502 ) ;
#1136 = DIRECTION ( 'NONE',  ( 1.387778780781444936E-16, -1.232595164407830399E-32, -1.000000000000000000 ) ) ;
#1137 = ORIENTED_EDGE ( 'NONE', *, *, #7158, .F. ) ;
#1138 = ORIENTED_EDGE ( 'NONE', *, *, #7925, .F. ) ;
#1139 = CARTESIAN_POINT ( 'NONE',  ( 1.799402302898350348, -0.1000000000000000056, -0.2718284553639131462 ) ) ;
#1140 = FACE_OUTER_BOUND ( 'NONE', #6496, .T. ) ;
#1141 = PLANE ( 'NONE',  #4223 ) ;
#1142 = ADVANCED_FACE ( 'NONE', ( #2639 ), #5035, .F. ) ;
#1143 = CARTESIAN_POINT ( 'NONE',  ( 1.274999999999999911, -0.1499999999999998002, 0.7500000000000002220 ) ) ;
#1144 = CARTESIAN_POINT ( 'NONE',  ( 1.224999999999999867, -0.1499999999999998002, 0.7500000000000002220 ) ) ;
#1145 = ORIENTED_EDGE ( 'NONE', *, *, #5574, .T. ) ;
#1146 = DIRECTION ( 'NONE',  ( 1.000000000000000000, 0.000000000000000000, 0.000000000000000000 ) ) ;
#1147 = ORIENTED_EDGE ( 'NONE', *, *, #6020, .T. ) ;
#1148 = VECTOR ( 'NONE', #7579, 1000.000000000000000 ) ;
#1149 = CARTESIAN_POINT ( 'NONE',  ( 0.4961224367392622625, -0.03912984985219390699, -1.351033706287569469 ) ) ;
#1150 = ORIENTED_EDGE ( 'NONE', *, *, #7316, .F. ) ;
#1151 = ORIENTED_EDGE ( 'NONE', *, *, #1484, .T. ) ;
#1152 = CARTESIAN_POINT ( 'NONE',  ( 1.715201888597106539, -0.1000665356383436122, 1.352977046109663517 ) ) ;
#1153 = AXIS2_PLACEMENT_3D ( 'NONE', #6334, #7853, #6188 ) ;
#1154 = DIRECTION ( 'NONE',  ( -1.000000000000000000, -0.000000000000000000, -0.000000000000000000 ) ) ;
#1155 = CARTESIAN_POINT ( 'NONE',  ( 2.017386645469349649, -0.5319001915892677124, -0.4166395980621656614 ) ) ;
#1156 = DIRECTION ( 'NONE',  ( 0.000000000000000000, -1.000000000000000000, 0.000000000000000000 ) ) ;
#1157 = DIRECTION ( 'NONE',  ( 0.1501478781677598739, -0.3292961744590264805, 0.9322122312909061348 ) ) ;
#1158 = CARTESIAN_POINT ( 'NONE',  ( 2.017386645469349649, -0.6650180178729041547, -1.510468355502019744 ) ) ;
#1159 = CARTESIAN_POINT ( 'NONE',  ( -1.301148175457528255, -0.1999999999999999833, 1.300000000000000266 ) ) ;
#1160 = EDGE_LOOP ( 'NONE', ( #8486, #1973, #638, #4974 ) ) ;
#1161 = AXIS2_PLACEMENT_3D ( 'NONE', #7, #5247, #2046 ) ;
#1162 = VERTEX_POINT ( 'NONE', #8074 ) ;
#1163 = CONTEXT_DEPENDENT_SHAPE_REPRESENTATION ( #1925, #2066 ) ;
#1164 = VECTOR ( 'NONE', #5449, 1000.000000000000000 ) ;
#1165 = EDGE_CURVE ( 'NONE', #5545, #4311, #9702, .T. ) ;
#1166 = CARTESIAN_POINT ( 'NONE',  ( -1.917386645469348005, 6.561764951283327056E-15, -0.4218284553639131129 ) ) ;
#1167 = DIRECTION ( 'NONE',  ( 1.000000000000000000, 0.000000000000000000, 0.000000000000000000 ) ) ;
#1168 = CIRCLE ( 'NONE', #8602, 0.1352350503700165685 ) ;
#1169 = CARTESIAN_POINT ( 'NONE',  ( -1.499999999999999556, -1.269999999999999796, 1.099999999999999867 ) ) ;
#1170 = CARTESIAN_POINT ( 'NONE',  ( 0.6461224367392621737, 0.000000000000000000, -1.351033706287569469 ) ) ;
#1171 = CARTESIAN_POINT ( 'NONE',  ( 1.917822570182469377, -0.6834360738049064521, 0.3883797991539904571 ) ) ;
#1172 = DIRECTION ( 'NONE',  ( 1.000000000000000000, -0.000000000000000000, -0.000000000000000000 ) ) ;
#1173 = ORIENTED_EDGE ( 'NONE', *, *, #5643, .T. ) ;
#1174 = ADVANCED_FACE ( 'NONE', ( #9647 ), #1141, .T. ) ;
#1175 = FACE_OUTER_BOUND ( 'NONE', #9617, .T. ) ;
#1176 = LINE ( 'NONE', #7197, #8585 ) ;
#1177 = ORIENTED_EDGE ( 'NONE', *, *, #4333, .T. ) ;
#1178 = VECTOR ( 'NONE', #4479, 1000.000000000000000 ) ;
#1179 = EDGE_CURVE ( 'NONE', #9750, #9320, #9903, .T. ) ;
#1180 = DIRECTION ( 'NONE',  ( 0.000000000000000000, 0.000000000000000000, -1.000000000000000000 ) ) ;
#1181 = DIRECTION ( 'NONE',  ( -0.000000000000000000, -1.000000000000000000, 0.000000000000000000 ) ) ;
#1182 = CARTESIAN_POINT ( 'NONE',  ( -1.401148175457528122, -0.6083740602123943741, 1.300000000000000266 ) ) ;
#1183 = LINE ( 'NONE', #8318, #1402 ) ;
#1184 = AXIS2_PLACEMENT_3D ( 'NONE', #2983, #9800, #9135 ) ;
#1185 = CARTESIAN_POINT ( 'NONE',  ( -1.921667068453589922, -0.7155565542097992449, 0.3318434472618928543 ) ) ;
#1186 = ORIENTED_EDGE ( 'NONE', *, *, #8163, .F. ) ;
#1187 = EDGE_CURVE ( 'NONE', #7978, #1746, #2589, .T. ) ;
#1188 = CARTESIAN_POINT ( 'NONE',  ( 1.905617809753798353, -0.004549435756814385577, 1.017591108001171030 ) ) ;
#1189 = ORIENTED_EDGE ( 'NONE', *, *, #9019, .F. ) ;
#1190 = CARTESIAN_POINT ( 'NONE',  ( 1.700000000000000178, -0.1499999999999999667, -1.199999999999999734 ) ) ;
#1191 = VERTEX_POINT ( 'NONE', #8889 ) ;
#1192 = ORIENTED_EDGE ( 'NONE', *, *, #1392, .F. ) ;
#1193 = EDGE_CURVE ( 'NONE', #4628, #82, #8729, .T. ) ;
#1194 = CARTESIAN_POINT ( 'NONE',  ( 0.9749999999999999778, -1.919999999999999929, 0.5750000000000001776 ) ) ;
#1195 = LINE ( 'NONE', #8947, #4141 ) ;
#1196 = CARTESIAN_POINT ( 'NONE',  ( -2.017386645469349649, -0.6749825903389667925, -0.2733295117989499867 ) ) ;
#1197 = DIRECTION ( 'NONE',  ( 1.000000000000000000, 0.000000000000000000, 0.000000000000000000 ) ) ;
#1198 = DIRECTION ( 'NONE',  ( 0.9098789178756583329, 0.4148739022949274324, 0.000000000000000000 ) ) ;
#1199 = DIRECTION ( 'NONE',  ( -2.465190328815661892E-32, 1.000000000000000000, 1.848892746611746419E-32 ) ) ;
#1201 = VERTEX_POINT ( 'NONE', #6549 ) ;
#1200 = DIRECTION ( 'NONE',  ( -0.4148739022949274324, -0.9098789178756584439, 0.000000000000000000 ) ) ;
#1202 = CARTESIAN_POINT ( 'NONE',  ( 1.207014242219005773, -0.1069876605530502567, 2.124627099230374849 ) ) ;
#1203 = ORIENTED_EDGE ( 'NONE', *, *, #4303, .T. ) ;
#1204 = CARTESIAN_POINT ( 'NONE',  ( 0.4971798939529761263, -0.02208300378261768629, -1.329466354676859696 ) ) ;
#1205 = ORIENTED_EDGE ( 'NONE', *, *, #5877, .T. ) ;
#1206 = ORIENTED_EDGE ( 'NONE', *, *, #6336, .T. ) ;
#1207 = VERTEX_POINT ( 'NONE', #7265 ) ;
#1208 = EDGE_CURVE ( 'NONE', #2802, #8027, #2692, .T. ) ;
#1209 = ADVANCED_FACE ( 'NONE', ( #5701 ), #8020, .F. ) ;
#1210 = CARTESIAN_POINT ( 'NONE',  ( 1.917386645469351558, -0.6650180178729041547, 0.2471919620098807779 ) ) ;
#1211 = CARTESIAN_POINT ( 'NONE',  ( 1.900000000000000133, -0.6548169886614639834, 0.3499999999999999778 ) ) ;
#1212 = DIRECTION ( 'NONE',  ( 0.000000000000000000, 1.000000000000000000, 0.000000000000000000 ) ) ;
#1213 = EDGE_CURVE ( 'NONE', #2149, #2538, #8177, .T. ) ;
#1214 = CARTESIAN_POINT ( 'NONE',  ( 1.274999999999999911, -0.09999999999999982514, 0.7000000000000001776 ) ) ;
#1215 = DIRECTION ( 'NONE',  ( -0.000000000000000000, -1.000000000000000000, -0.000000000000000000 ) ) ;
#1216 = CARTESIAN_POINT ( 'NONE',  ( -1.311926307841676298, -0.1739002556892710882, 1.352199488621458112 ) ) ;
#1217 = ORIENTED_EDGE ( 'NONE', *, *, #9936, .F. ) ;
#1218 = ORIENTED_EDGE ( 'NONE', *, *, #2464, .F. ) ;
#1219 = DIRECTION ( 'NONE',  ( -5.551115123125780237E-17, -1.222965514685893946E-32, 1.000000000000000000 ) ) ;
#1220 = VECTOR ( 'NONE', #9810, 1000.000000000000000 ) ;
#1221 = CARTESIAN_POINT ( 'NONE',  ( -1.845392560103486179, -0.1000000000000000056, 1.399999999999999245 ) ) ;
#1222 = CARTESIAN_POINT ( 'NONE',  ( -0.6006347602098600635, -0.1207106781186547129, -1.399999999999999689 ) ) ;
#1223 = CARTESIAN_POINT ( 'NONE',  ( -2.299999999999999822, -1.269999999999999796, 0.4999999999999994449 ) ) ;
#1224 = CARTESIAN_POINT ( 'NONE',  ( 2.017386645469350537, -0.6650180178729041547, 0.2471919620098809445 ) ) ;
#1225 = CARTESIAN_POINT ( 'NONE',  ( 1.922102253078986189, -0.7180056702780027722, 0.3481974397057771009 ) ) ;
#1226 = DIRECTION ( 'NONE',  ( 0.000000000000000000, 0.9998476951563912696, 0.01745240643728520821 ) ) ;
#1227 = ORIENTED_EDGE ( 'NONE', *, *, #4068, .F. ) ;
#1228 = DIRECTION ( 'NONE',  ( 0.000000000000000000, 0.000000000000000000, 1.000000000000000000 ) ) ;
#1229 = VECTOR ( 'NONE', #7088, 1000.000000000000000 ) ;
#1230 = EDGE_LOOP ( 'NONE', ( #6442, #7475, #5841, #7462 ) ) ;
#1231 = EDGE_CURVE ( 'NONE', #8439, #9441, #7469, .T. ) ;
#1232 = DIRECTION ( 'NONE',  ( 0.000000000000000000, 0.000000000000000000, 1.000000000000000000 ) ) ;
#1233 = VECTOR ( 'NONE', #6425, 1000.000000000000000 ) ;
#1234 = FACE_OUTER_BOUND ( 'NONE', #8197, .T. ) ;
#1235 = CARTESIAN_POINT ( 'NONE',  ( -1.922222661990952375, -0.7186949277385836776, 0.3639190926818536287 ) ) ;
#1236 = ORIENTED_EDGE ( 'NONE', *, *, #9656, .T. ) ;
#1237 = VERTEX_POINT ( 'NONE', #2129 ) ;
#1238 = CARTESIAN_POINT ( 'NONE',  ( 2.020486890185957840, -0.7000972645665731742, 0.3601571180808992301 ) ) ;
#1239 = ORIENTED_EDGE ( 'NONE', *, *, #888, .T. ) ;
#1240 = ORIENTED_EDGE ( 'NONE', *, *, #3422, .T. ) ;
#1241 = AXIS2_PLACEMENT_3D ( 'NONE', #6303, #9446, #6209 ) ;
#1242 = EDGE_CURVE ( 'NONE', #9242, #3212, #1168, .T. ) ;
#1243 = CYLINDRICAL_SURFACE ( 'NONE', #7092, 0.2999999999999999334 ) ;
#1244 = CARTESIAN_POINT ( 'NONE',  ( 1.917386645469350226, -0.6650180178729044878, 0.9299338753735262308 ) ) ;
#1245 = CYLINDRICAL_SURFACE ( 'NONE', #5822, 0.05000000000000012768 ) ;
#1246 = CARTESIAN_POINT ( 'NONE',  ( -1.919290143329603460, -0.6992057345948612390, -0.3843052315316573542 ) ) ;
#1247 = VERTEX_POINT ( 'NONE', #3557 ) ;
#1248 = CIRCLE ( 'NONE', #6894, 0.2000000000000003164 ) ;
#1249 = EDGE_CURVE ( 'NONE', #2687, #5240, #9095, .T. ) ;
#1250 = LINE ( 'NONE', #6656, #4758 ) ;
#1251 = ORIENTED_EDGE ( 'NONE', *, *, #7743, .T. ) ;
#1252 = CARTESIAN_POINT ( 'NONE',  ( 0.5263876429874395635, -4.065758146820641628E-16, -1.259727687951792241 ) ) ;
#1253 = ORIENTED_EDGE ( 'NONE', *, *, #2592, .F. ) ;
#1254 = ORIENTED_EDGE ( 'NONE', *, *, #5143, .T. ) ;
#1255 = ORIENTED_EDGE ( 'NONE', *, *, #8949, .T. ) ;
#1256 = VECTOR ( 'NONE', #3200, 1000.000000000000000 ) ;
#1257 = CARTESIAN_POINT ( 'NONE',  ( 1.922145801693375011, -0.7182427538024369618, 0.3534724863334479661 ) ) ;
#1258 = CARTESIAN_POINT ( 'NONE',  ( 1.250000000000000000, -0.1066987298107779092, 1.875000000000000222 ) ) ;
#1259 = CARTESIAN_POINT ( 'NONE',  ( 2.017386645469348316, -0.1131169872250357838, 0.9928150550226966242 ) ) ;
#1260 = DIRECTION ( 'NONE',  ( 1.000000000000000000, -6.089722316808812555E-15, 2.109362594809012387E-14 ) ) ;
#1261 = ADVANCED_FACE ( 'NONE', ( #2939 ), #5139, .F. ) ;
#1262 = DIRECTION ( 'NONE',  ( 0.000000000000000000, -1.861213729433449804E-14, -1.000000000000000000 ) ) ;
#1263 = CARTESIAN_POINT ( 'NONE',  ( 0.6006347602098603966, -1.420000000000000151, -1.199999999999999956 ) ) ;
#1264 = VECTOR ( 'NONE', #9121, 1000.000000000000000 ) ;
#1265 = CARTESIAN_POINT ( 'NONE',  ( -1.401148175457528122, -0.09999999999999999167, 1.350000000000000089 ) ) ;
#1266 = VERTEX_POINT ( 'NONE', #1490 ) ;
#1267 = ORIENTED_EDGE ( 'NONE', *, *, #79, .F. ) ;
#1268 = CARTESIAN_POINT ( 'NONE',  ( -2.299999999999999378, -1.419999999999999929, -1.099999999999999867 ) ) ;
#1269 = DIRECTION ( 'NONE',  ( -3.614007241618346306E-16, 0.000000000000000000, 1.000000000000000000 ) ) ;
#1270 = AXIS2_PLACEMENT_3D ( 'NONE', #2996, #6853, #6109 ) ;
#1271 = CARTESIAN_POINT ( 'NONE',  ( 0.4961224367392622625, -1.178293477248595122, -1.215980034511265906 ) ) ;
#1272 = DIRECTION ( 'NONE',  ( -1.000000000000000000, 0.000000000000000000, -3.614007241618346306E-16 ) ) ;
#1273 = DIRECTION ( 'NONE',  ( -1.000000000000000000, 0.000000000000000000, 0.000000000000000000 ) ) ;
#1274 = CARTESIAN_POINT ( 'NONE',  ( 1.921862516178162394, -0.7166463919194673293, 0.3628704895752136728 ) ) ;
#1275 = EDGE_CURVE ( 'NONE', #6646, #2962, #6745, .T. ) ;
#1276 = DIRECTION ( 'NONE',  ( 0.000000000000000000, 0.1564615434407232719, -0.9876840514173279573 ) ) ;
#1277 = LINE ( 'NONE', #530, #2999 ) ;
#1278 = AXIS2_PLACEMENT_3D ( 'NONE', #9838, #5424, #5320 ) ;
#1279 = ORIENTED_EDGE ( 'NONE', *, *, #5319, .T. ) ;
#1280 = LINE ( 'NONE', #2782, #1622 ) ;
#1281 = CARTESIAN_POINT ( 'NONE',  ( 1.194983577402405128, 0.000000000000000000, 1.397023181841392958 ) ) ;
#1282 = DIRECTION ( 'NONE',  ( 0.000000000000000000, 0.000000000000000000, 1.000000000000000000 ) ) ;
#1283 = PLANE ( 'NONE',  #4763 ) ;
#1284 = ORIENTED_EDGE ( 'NONE', *, *, #8305, .T. ) ;
#1285 = DIRECTION ( 'NONE',  ( -0.000000000000000000, -1.000000000000000000, 0.000000000000000000 ) ) ;
#1286 = VECTOR ( 'NONE', #9784, 1000.000000000000000 ) ;
#1287 = VERTEX_POINT ( 'NONE', #2792 ) ;
#1288 = CARTESIAN_POINT ( 'NONE',  ( -0.4961224367392622625, -1.147765288697149000, -1.217537360445094086 ) ) ;
#1289 = ORIENTED_EDGE ( 'NONE', *, *, #7790, .F. ) ;
#1290 = ADVANCED_FACE ( 'NONE', ( #5900 ), #6697, .F. ) ;
#1291 = DIRECTION ( 'NONE',  ( 0.000000000000000000, 0.000000000000000000, 1.000000000000000000 ) ) ;
#1292 = DIRECTION ( 'NONE',  ( -0.000000000000000000, -1.000000000000000000, -0.000000000000000000 ) ) ;
#1293 = FACE_OUTER_BOUND ( 'NONE', #6455, .T. ) ;
#1294 = CARTESIAN_POINT ( 'NONE',  ( -0.5122015517881991498, -0.003781230362232806692, -1.283467467869820355 ) ) ;
#1295 = DIRECTION ( 'NONE',  ( -0.000000000000000000, -1.000000000000000000, -0.000000000000000000 ) ) ;
#1296 = VERTEX_POINT ( 'NONE', #693 ) ;
#1297 = CARTESIAN_POINT ( 'NONE',  ( 1.311926307841676742, -0.1478005113785418878, 1.326099744310728745 ) ) ;
#1298 = VERTEX_POINT ( 'NONE', #3612 ) ;
#1299 = EDGE_CURVE ( 'NONE', #3020, #6754, #4509, .T. ) ;
#1300 = CARTESIAN_POINT ( 'NONE',  ( 2.017386645469348316, -0.1499999999999991895, -0.9886127665261839059 ) ) ;
#1301 = VERTEX_POINT ( 'NONE', #9850 ) ;
#1302 = CLOSED_SHELL ( 'NONE', ( #2274, #3967, #5131, #4239, #7179, #2852, #9835 ) ) ;
#1303 = ORIENTED_EDGE ( 'NONE', *, *, #6270, .T. ) ;
#1304 = ORIENTED_EDGE ( 'NONE', *, *, #9256, .T. ) ;
#1305 = EDGE_CURVE ( 'NONE', #9142, #2802, #6492, .T. ) ;
#1306 = CARTESIAN_POINT ( 'NONE',  ( 1.919571171143975796, -0.7087017450844133037, 0.3744338400018483171 ) ) ;
#1307 = CARTESIAN_POINT ( 'NONE',  ( -2.299999999999999378, -1.269999999999999796, 1.099999999999999867 ) ) ;
#1308 = LINE ( 'NONE', #2047, #4557 ) ;
#1309 = CARTESIAN_POINT ( 'NONE',  ( 1.499999999999999556, -1.419999999999999929, 0.6999999999999998446 ) ) ;
#1310 = CIRCLE ( 'NONE', #2914, 0.3999999999999999112 ) ;
#1311 = CARTESIAN_POINT ( 'NONE',  ( 1.344983577402405039, -0.1000000000000000056, 1.400000000000000355 ) ) ;
#1312 = CARTESIAN_POINT ( 'NONE',  ( -1.995392560103486090, -0.07180482227990070410, 0.9886127665261832398 ) ) ;
#1313 = ADVANCED_FACE ( 'NONE', ( #1293 ), #8328, .F. ) ;
#1314 = CARTESIAN_POINT ( 'NONE',  ( -1.301148175457528033, -0.1999999999999999833, 1.300000000000000266 ) ) ;
#1315 = ORIENTED_EDGE ( 'NONE', *, *, #8266, .F. ) ;
#1316 = ORIENTED_EDGE ( 'NONE', *, *, #1977, .T. ) ;
#1317 = AXIS2_PLACEMENT_3D ( 'NONE', #8638, #6312, #4015 ) ;
#1318 = VECTOR ( 'NONE', #4761, 1000.000000000000000 ) ;
#1319 = ADVANCED_FACE ( 'NONE', ( #5284 ), #1745, .F. ) ;
#1320 = CARTESIAN_POINT ( 'NONE',  ( -2.299999999999999822, -1.269999999999999796, -0.4999999999999995559 ) ) ;
#1321 = DIRECTION ( 'NONE',  ( -1.000000000000000000, -7.703719777548937938E-33, -1.110223024625155801E-16 ) ) ;
#1322 = CARTESIAN_POINT ( 'NONE',  ( 1.679389374268562163, -1.199502525300853994, -1.215598956998577007 ) ) ;
#1323 = CARTESIAN_POINT ( 'NONE',  ( -2.299999999999999822, -1.419999999999999929, 0.4999999999999994449 ) ) ;
#1324 = DIRECTION ( 'NONE',  ( 0.000000000000000000, 1.000000000000000000, 0.000000000000000000 ) ) ;
#1325 = CARTESIAN_POINT ( 'NONE',  ( 0.9237652542620762297, 0.000000000000000000, -1.399999999999999467 ) ) ;
#1326 = ORIENTED_EDGE ( 'NONE', *, *, #2189, .T. ) ;
#1327 = EDGE_CURVE ( 'NONE', #3464, #9750, #9590, .T. ) ;
#1328 = VECTOR ( 'NONE', #1821, 1000.000000000000000 ) ;
#1329 = DIRECTION ( 'NONE',  ( -4.820822049091138588E-08, 0.000000000000000000, -0.9999999999999988898 ) ) ;
#1330 = CARTESIAN_POINT ( 'NONE',  ( -1.200000000000000178, -0.05000000000000002359, 1.875000000000000222 ) ) ;
#1331 = ADVANCED_FACE ( 'NONE', ( #4609 ), #6945, .F. ) ;
#1332 = CARTESIAN_POINT ( 'NONE',  ( 2.019612439772668910, -0.6947730772922188214, 0.3252409048719890339 ) ) ;
#1333 = ORIENTED_EDGE ( 'NONE', *, *, #2628, .F. ) ;
#1334 = FACE_OUTER_BOUND ( 'NONE', #8712, .T. ) ;
#1335 = MANIFOLD_SOLID_BREP ( 'Fillet9', #3547 ) ;
#1336 = ORIENTED_EDGE ( 'NONE', *, *, #6666, .F. ) ;
#1337 = CARTESIAN_POINT ( 'NONE',  ( 1.499999999999999556, -1.269999999999999796, 1.099999999999999867 ) ) ;
#1338 = ORIENTED_EDGE ( 'NONE', *, *, #7695, .T. ) ;
#1339 = CIRCLE ( 'NONE', #8123, 0.4999999999999999445 ) ;
#1340 = CARTESIAN_POINT ( 'NONE',  ( -0.4961224367392622625, -1.178293477248595122, -1.515980034511265950 ) ) ;
#1341 = FACE_OUTER_BOUND ( 'NONE', #4322, .T. ) ;
#1342 = CARTESIAN_POINT ( 'NONE',  ( 1.224999999999999867, -0.1499999999999998002, 2.099119630351393706 ) ) ;
#1343 = CARTESIAN_POINT ( 'NONE',  ( -2.031274207352990135, -0.9799576066991059209, -0.5089130437326950807 ) ) ;
#1344 = CARTESIAN_POINT ( 'NONE',  ( -1.922764902638726126, -0.7215729956439413950, -0.3527910851148657323 ) ) ;
#1345 = VERTEX_POINT ( 'NONE', #7306 ) ;
#1346 = EDGE_LOOP ( 'NONE', ( #2485, #1075, #5145, #7142 ) ) ;
#1347 = CYLINDRICAL_SURFACE ( 'NONE', #2932, 0.1000000000000000472 ) ;
#1348 = VERTEX_POINT ( 'NONE', #5687 ) ;
#1349 = EDGE_CURVE ( 'NONE', #981, #6749, #938, .T. ) ;
#1350 = ORIENTED_EDGE ( 'NONE', *, *, #1076, .T. ) ;
#1351 = EDGE_LOOP ( 'NONE', ( #1618, #9476, #1579, #4245 ) ) ;
#1352 = CARTESIAN_POINT ( 'NONE',  ( 2.017386645469349649, -0.6650180178729038216, 0.3949867687062131871 ) ) ;
#1353 = EDGE_CURVE ( 'NONE', #7450, #1660, #2116, .T. ) ;
#1354 = CARTESIAN_POINT ( 'NONE',  ( 2.122262099140560299, -0.9384702164696112625, -0.5089130437326963019 ) ) ;
#1355 = DIRECTION ( 'NONE',  ( 0.000000000000000000, 0.9870278567456314267, 0.1605490890915466096 ) ) ;
#1356 = CARTESIAN_POINT ( 'NONE',  ( -2.217386645469349826, -0.9316846845395709842, -0.7718015200835192102 ) ) ;
#1357 = ORIENTED_EDGE ( 'NONE', *, *, #4953, .T. ) ;
#1358 = CARTESIAN_POINT ( 'NONE',  ( 2.019612439772669354, -0.6947730772922187104, 0.3252409048719890339 ) ) ;
#1359 = UNCERTAINTY_MEASURE_WITH_UNIT (LENGTH_MEASURE( 1.000000000000000082E-05 ), #9519, 'distance_accuracy_value', 'NONE');
#1360 = CARTESIAN_POINT ( 'NONE',  ( -1.224999999999999645, -1.050000000000000044, 2.132544935071782444 ) ) ;
#1361 = ORIENTED_EDGE ( 'NONE', *, *, #441, .T. ) ;
#1362 = EDGE_CURVE ( 'NONE', #4361, #8999, #3850, .T. ) ;
#1363 = ORIENTED_EDGE ( 'NONE', *, *, #9751, .T. ) ;
#1364 = EDGE_CURVE ( 'NONE', #4566, #1446, #8824, .T. ) ;
#1365 = LINE ( 'NONE', #5359, #3401 ) ;
#1366 = CARTESIAN_POINT ( 'NONE',  ( -1.917386645469348450, -0.1499999999999995226, 0.9886127665261839059 ) ) ;
#1367 = CARTESIAN_POINT ( 'NONE',  ( 1.224999999999999867, -0.1499999999999998002, 2.149119630351393972 ) ) ;
#1368 = CARTESIAN_POINT ( 'NONE',  ( 2.017386645469348316, -0.07973365157532141811, -0.4901886125309882769 ) ) ;
#1369 = LINE ( 'NONE', #4348, #6714 ) ;
#1370 = PRESENTATION_STYLE_ASSIGNMENT (( #3639 ) ) ;
#1371 = EDGE_CURVE ( 'NONE', #82, #9029, #5317, .T. ) ;
#1372 = ORIENTED_EDGE ( 'NONE', *, *, #567, .F. ) ;
#1373 = CIRCLE ( 'NONE', #2810, 0.2664636981603574206 ) ;
#1374 = FACE_OUTER_BOUND ( 'NONE', #8528, .T. ) ;
#1375 = DIRECTION ( 'NONE',  ( 0.000000000000000000, 0.000000000000000000, 1.000000000000000000 ) ) ;
#1376 = DIRECTION ( 'NONE',  ( 0.000000000000000000, 0.000000000000000000, -1.000000000000000000 ) ) ;
#1377 = DIRECTION ( 'NONE',  ( 0.000000000000000000, -0.1017606285048207049, -0.9948089135539065486 ) ) ;
#1378 = CARTESIAN_POINT ( 'NONE',  ( 2.018131332486464924, -0.6849285391599760908, 0.2992245400975185321 ) ) ;
#1379 = ORIENTED_EDGE ( 'NONE', *, *, #3724, .T. ) ;
#1380 = CARTESIAN_POINT ( 'NONE',  ( 1.988753868622438414, -0.06185241271533221258, 0.9887597459512903475 ) ) ;
#1381 = VECTOR ( 'NONE', #6990, 1000.000000000000000 ) ;
#1382 = EDGE_CURVE ( 'NONE', #8031, #2944, #7353, .T. ) ;
#1383 = DIRECTION ( 'NONE',  ( -1.000000000000000000, 2.168404344971008079E-15, 0.000000000000000000 ) ) ;
#1384 = ORIENTED_EDGE ( 'NONE', *, *, #2781, .T. ) ;
#1385 = AXIS2_PLACEMENT_3D ( 'NONE', #7591, #9735, #4440 ) ;
#1386 = DIRECTION ( 'NONE',  ( 1.000000000000000000, -0.000000000000000000, -0.000000000000000000 ) ) ;
#1387 = CARTESIAN_POINT ( 'NONE',  ( 0.9237652542620762297, 0.000000000000000000, -1.351033706287569469 ) ) ;
#1388 = CARTESIAN_POINT ( 'NONE',  ( -2.017386645469349649, -0.6650180178729041547, -1.510468355502019744 ) ) ;
#1389 = CARTESIAN_POINT ( 'NONE',  ( 1.699999999999999734, -1.269999999999999796, 0.5000000000000001110 ) ) ;
#1390 = CARTESIAN_POINT ( 'NONE',  ( -1.922650618659745625, -0.7209704485657539852, -0.3455203633360264814 ) ) ;
#1391 = ORIENTED_EDGE ( 'NONE', *, *, #9858, .T. ) ;
#1392 = EDGE_CURVE ( 'NONE', #3792, #7031, #9694, .T. ) ;
#1393 = EDGE_LOOP ( 'NONE', ( #38, #8593, #8263, #4694 ) ) ;
#1394 = AXIS2_PLACEMENT_3D ( 'NONE', #62, #2342, #5451 ) ;
#1395 = CARTESIAN_POINT ( 'NONE',  ( 1.920725336924328452, -0.7096506070018763213, -0.3252409048719886453 ) ) ;
#1396 = ORIENTED_EDGE ( 'NONE', *, *, #192, .F. ) ;
#1397 = VERTEX_POINT ( 'NONE', #6488 ) ;
#1398 = VERTEX_POINT ( 'NONE', #9585 ) ;
#1399 = CARTESIAN_POINT ( 'NONE',  ( 2.019170781882701160, -0.6916889825924534829, 0.3770734274570270994 ) ) ;
#1400 = CIRCLE ( 'NONE', #2680, 0.4464636981603574695 ) ;
#1401 = DIRECTION ( 'NONE',  ( 1.000000000000000000, 0.000000000000000000, 0.000000000000000000 ) ) ;
#1402 = VECTOR ( 'NONE', #1377, 1000.000000000000000 ) ;
#1403 = DIRECTION ( 'NONE',  ( -0.000000000000000000, -0.9948089135539065486, 0.1017606285048205939 ) ) ;
#1404 = LINE ( 'NONE', #7484, #4705 ) ;
#1405 = ORIENTED_EDGE ( 'NONE', *, *, #7302, .T. ) ;
#1406 = LINE ( 'NONE', #9014, #1689 ) ;
#1407 = FACE_OUTER_BOUND ( 'NONE', #9054, .T. ) ;
#1408 = DIRECTION ( 'NONE',  ( 1.000000000000000000, 0.000000000000000000, 0.000000000000000000 ) ) ;
#1409 = ORIENTED_EDGE ( 'NONE', *, *, #3392, .F. ) ;
#1410 = ORIENTED_EDGE ( 'NONE', *, *, #433, .T. ) ;
#1411 = ADVANCED_FACE ( 'NONE', ( #6589 ), #1871, .F. ) ;
#1412 = VECTOR ( 'NONE', #7624, 1000.000000000000000 ) ;
#1413 = LINE ( 'NONE', #7586, #3083 ) ;
#1414 = EDGE_CURVE ( 'NONE', #8564, #4747, #5174, .T. ) ;
#1415 = VECTOR ( 'NONE', #6629, 1000.000000000000000 ) ;
#1416 = DIRECTION ( 'NONE',  ( -1.000000000000000000, 0.000000000000000000, 0.000000000000000000 ) ) ;
#1417 = AXIS2_PLACEMENT_3D ( 'NONE', #1624, #8706, #2367 ) ;
#1418 = DIRECTION ( 'NONE',  ( 0.000000000000000000, 1.000000000000000000, 0.000000000000000000 ) ) ;
#1419 = EDGE_CURVE ( 'NONE', #2802, #7753, #8400, .T. ) ;
#1420 = ORIENTED_EDGE ( 'NONE', *, *, #9433, .T. ) ;
#1421 = ORIENTED_EDGE ( 'NONE', *, *, #3864, .F. ) ;
#1422 = STYLED_ITEM ( 'NONE', ( #7834 ), #7888 ) ;
#1423 = DIRECTION ( 'NONE',  ( -0.9098789178756583329, -0.4148739022949274324, -0.000000000000000000 ) ) ;
#1424 = ADVANCED_FACE ( 'NONE', ( #7505 ), #4448, .T. ) ;
#1425 = CARTESIAN_POINT ( 'NONE',  ( -1.917386645469349338, -0.6876468598588639791, 0.3925329102575299545 ) ) ;
#1426 = FACE_OUTER_BOUND ( 'NONE', #8796, .T. ) ;
#1427 = CARTESIAN_POINT ( 'NONE',  ( 2.022316548529609292, -0.7047661690497523113, -0.3545260433431361435 ) ) ;
#1428 = CARTESIAN_POINT ( 'NONE',  ( -1.717182552224709724, -0.1281851562799731781, 1.395336263890614603 ) ) ;
#1429 = ORIENTED_EDGE ( 'NONE', *, *, #9662, .F. ) ;
#1430 = DIRECTION ( 'NONE',  ( 0.000000000000000000, -0.9998476951563911586, -0.01745240643728365737 ) ) ;
#1431 = VECTOR ( 'NONE', #5423, 1000.000000000000000 ) ;
#1432 = ADVANCED_FACE ( 'NONE', ( #1426 ), #4496, .T. ) ;
#1433 = DIRECTION ( 'NONE',  ( -0.000000000000000000, 1.000000000000000000, 0.000000000000000000 ) ) ;
#1434 = ORIENTED_EDGE ( 'NONE', *, *, #751, .T. ) ;
#1435 = AXIS2_PLACEMENT_3D ( 'NONE', #7466, #5796, #2790 ) ;
#1436 = EDGE_CURVE ( 'NONE', #2704, #2962, #4302, .T. ) ;
#1437 = FACE_OUTER_BOUND ( 'NONE', #2361, .T. ) ;
#1438 = DIRECTION ( 'NONE',  ( 5.551115123125782702E-17, 1.232595164407830262E-32, 1.000000000000000000 ) ) ;
#1439 = DIRECTION ( 'NONE',  ( 0.000000000000000000, 1.000000000000000000, -0.000000000000000000 ) ) ;
#1440 = LINE ( 'NONE', #6100, #9065 ) ;
#1441 = CARTESIAN_POINT ( 'NONE',  ( -2.217386645469349826, -0.9650180178729041991, 0.7718015200835193212 ) ) ;
#1442 = EDGE_LOOP ( 'NONE', ( #5002, #1688, #234, #3258 ) ) ;
#1443 = ORIENTED_EDGE ( 'NONE', *, *, #8487, .T. ) ;
#1444 = CARTESIAN_POINT ( 'NONE',  ( -2.018129957543589814, -0.6849194002693048677, 0.2993942391300323802 ) ) ;
#1445 = ORIENTED_EDGE ( 'NONE', *, *, #1721, .T. ) ;
#1446 = VERTEX_POINT ( 'NONE', #2976 ) ;
#1447 = ADVANCED_FACE ( 'NONE', ( #6084, #1978, #1234 ), #1474, .T. ) ;
#1448 = CARTESIAN_POINT ( 'NONE',  ( 1.944422970106087334, -0.7894801885615897463, 0.9157532022455968646 ) ) ;
#1449 = CARTESIAN_POINT ( 'NONE',  ( 2.019534444689730535, -0.6942688560378241780, 0.3742185336602723567 ) ) ;
#1450 = DIRECTION ( 'NONE',  ( -0.000000000000000000, -1.000000000000000000, -0.000000000000000000 ) ) ;
#1451 = CARTESIAN_POINT ( 'NONE',  ( -2.217386645469349826, -0.4650180178729040881, 0.2774175960637573213 ) ) ;
#1452 = VERTEX_POINT ( 'NONE', #730 ) ;
#1453 = ADVANCED_FACE ( 'NONE', ( #2415 ), #2262, .T. ) ;
#1454 = DIRECTION ( 'NONE',  ( -1.000000000000000000, 0.000000000000000000, 2.352799587455083312E-16 ) ) ;
#1455 = VECTOR ( 'NONE', #9759, 1000.000000000000000 ) ;
#1456 = EDGE_LOOP ( 'NONE', ( #6438, #2450, #9055, #2634 ) ) ;
#1457 = CYLINDRICAL_SURFACE ( 'NONE', #8447, 0.04999999999999991257 ) ;
#1458 = ORIENTED_EDGE ( 'NONE', *, *, #4891, .T. ) ;
#1459 = ORIENTED_EDGE ( 'NONE', *, *, #105, .T. ) ;
#1460 = CARTESIAN_POINT ( 'NONE',  ( 1.799402302898350348, 0.000000000000000000, 0.2718284553639134793 ) ) ;
#1461 = CARTESIAN_POINT ( 'NONE',  ( 2.019612439772663137, -0.6947730772922339204, -0.3252409048719800411 ) ) ;
#1462 = CARTESIAN_POINT ( 'NONE',  ( 0.4961224367392622625, -1.178293477248595122, -1.515980034511265950 ) ) ;
#1463 = CYLINDRICAL_SURFACE ( 'NONE', #3389, 0.2000000000000000944 ) ;
#1464 = CARTESIAN_POINT ( 'NONE',  ( -1.344983577402405039, -0.1000000000000000056, 1.247023181841393047 ) ) ;
#1465 = CIRCLE ( 'NONE', #7285, 0.1499999999999999667 ) ;
#1466 = AXIS2_PLACEMENT_3D ( 'NONE', #6772, #3017, #8402 ) ;
#1467 = VERTEX_POINT ( 'NONE', #9276 ) ;
#1468 = ORIENTED_EDGE ( 'NONE', *, *, #1006, .F. ) ;
#1469 = EDGE_CURVE ( 'NONE', #6249, #5410, #6884, .T. ) ;
#1470 = FACE_OUTER_BOUND ( 'NONE', #206, .T. ) ;
#1471 = FACE_OUTER_BOUND ( 'NONE', #9844, .T. ) ;
#1472 = VECTOR ( 'NONE', #979, 1000.000000000000000 ) ;
#1473 = EDGE_CURVE ( 'NONE', #8527, #224, #17, .T. ) ;
#1474 = PLANE ( 'NONE',  #7426 ) ;
#1475 = VECTOR ( 'NONE', #2375, 1000.000000000000000 ) ;
#1476 = LINE ( 'NONE', #9891, #689 ) ;
#1477 = CARTESIAN_POINT ( 'NONE',  ( -1.717386645469347606, -7.560171795458674460, 1.400000000000000133 ) ) ;
#1478 = CARTESIAN_POINT ( 'NONE',  ( -1.717386645469347606, -0.1444078941435207042, 1.400000000000000133 ) ) ;
#1479 = ORIENTED_EDGE ( 'NONE', *, *, #5382, .T. ) ;
#1480 = LINE ( 'NONE', #6889, #8198 ) ;
#1481 = DIRECTION ( 'NONE',  ( 0.000000000000000000, 1.000000000000000000, -0.000000000000000000 ) ) ;
#1482 = CARTESIAN_POINT ( 'NONE',  ( 2.020056041109483669, -0.6976037368306291508, 0.3344122374388972530 ) ) ;
#1483 = ORIENTED_EDGE ( 'NONE', *, *, #4384, .F. ) ;
#1484 = EDGE_CURVE ( 'NONE', #5920, #4746, #7344, .T. ) ;
#1485 = AXIS2_PLACEMENT_3D ( 'NONE', #8241, #2236, #5347 ) ;
#1486 = AXIS2_PLACEMENT_3D ( 'NONE', #1625, #3325, #6373 ) ;
#1487 = FACE_OUTER_BOUND ( 'NONE', #7849, .T. ) ;
#1488 = CARTESIAN_POINT ( 'NONE',  ( -0.2464402437188722428, 0.000000000000000000, 1.118610311246403866 ) ) ;
#1489 = ADVANCED_FACE ( 'NONE', ( #422 ), #8761, .F. ) ;
#1490 = CARTESIAN_POINT ( 'NONE',  ( 1.949402302898350259, -0.1000000000000000056, 0.4218284553639134460 ) ) ;
#1491 = LINE ( 'NONE', #7760, #5606 ) ;
#1492 = CARTESIAN_POINT ( 'NONE',  ( -0.5260889660519606492, -1.673649490621691402E-15, -1.260055443489076943 ) ) ;
#1493 = CARTESIAN_POINT ( 'NONE',  ( 2.020860183026489842, -0.7021322320132480366, -0.3590735326617064960 ) ) ;
#1494 = ORIENTED_EDGE ( 'NONE', *, *, #4977, .T. ) ;
#1495 = CARTESIAN_POINT ( 'NONE',  ( -1.224999999999999645, -1.100000000000000089, 1.849999999999999867 ) ) ;
#1496 = ORIENTED_EDGE ( 'NONE', *, *, #1165, .F. ) ;
#1497 = ADVANCED_FACE ( 'NONE', ( #7137 ), #9207, .T. ) ;
#1498 = ORIENTED_EDGE ( 'NONE', *, *, #2477, .T. ) ;
#1499 = VECTOR ( 'NONE', #8302, 1000.000000000000000 ) ;
#1500 = CARTESIAN_POINT ( 'NONE',  ( 2.111012748687673302, -0.9137987518143189103, 0.3369225578399874244 ) ) ;
#1501 = CARTESIAN_POINT ( 'NONE',  ( 2.020546446696677823, -0.7004291114017729969, 0.3506352386924795339 ) ) ;
#1502 = DIRECTION ( 'NONE',  ( -1.000000000000000000, 0.000000000000000000, 0.000000000000000000 ) ) ;
#1503 = AXIS2_PLACEMENT_3D ( 'NONE', #2806, #9772, #4382 ) ;
#1504 = CARTESIAN_POINT ( 'NONE',  ( -2.750719978802683929, -0.3983513512062374917, 0.2774175960637573213 ) ) ;
#1505 = CARTESIAN_POINT ( 'NONE',  ( 1.919041873877797899, -0.6968261427678030806, 0.3820094269441566825 ) ) ;
#1506 = EDGE_LOOP ( 'NONE', ( #7259, #9606, #3414, #8042, #1434 ) ) ;
#1507 = COLOUR_RGB ( '',0.7921568627450980005, 0.8196078431372548767, 0.9333333333333333481 ) ;
#1508 = CARTESIAN_POINT ( 'NONE',  ( 1.989074743118145472, -0.8874080328634453840, 0.1447648332056534759 ) ) ;
#1509 = ORIENTED_EDGE ( 'NONE', *, *, #8860, .T. ) ;
#1510 = DIRECTION ( 'NONE',  ( 0.000000000000000000, 0.000000000000000000, 1.000000000000000000 ) ) ;
#1511 = VERTEX_POINT ( 'NONE', #7896 ) ;
#1512 = ADVANCED_FACE ( 'NONE', ( #4958 ), #4084, .T. ) ;
#1513 = VERTEX_POINT ( 'NONE', #4186 ) ;
#1514 = EDGE_CURVE ( 'NONE', #1125, #6614, #7647, .T. ) ;
#1515 = DIRECTION ( 'NONE',  ( 0.000000000000000000, 0.000000000000000000, -1.000000000000000000 ) ) ;
#1516 = CARTESIAN_POINT ( 'NONE',  ( 2.017386645469349649, -0.6650180178729043767, 0.3949867687062142974 ) ) ;
#1517 = DIRECTION ( 'NONE',  ( -0.000000000000000000, -1.000000000000000000, -0.000000000000000000 ) ) ;
#1518 = DIRECTION ( 'NONE',  ( -1.000000000000000000, -0.000000000000000000, -0.000000000000000000 ) ) ;
#1519 = DIRECTION ( 'NONE',  ( -0.000000000000000000, -0.000000000000000000, -1.000000000000000000 ) ) ;
#1520 = AXIS2_PLACEMENT_3D ( 'NONE', #8710, #8001, #3378 ) ;
#1521 = ORIENTED_EDGE ( 'NONE', *, *, #2887, .F. ) ;
#1522 = EDGE_CURVE ( 'NONE', #5058, #57, #2618, .T. ) ;
#1523 = ORIENTED_EDGE ( 'NONE', *, *, #8786, .T. ) ;
#1524 = ORIENTED_EDGE ( 'NONE', *, *, #5538, .F. ) ;
#1525 = DIRECTION ( 'NONE',  ( 0.000000000000000000, 0.000000000000000000, 1.000000000000000000 ) ) ;
#1526 = DIRECTION ( 'NONE',  ( -1.000000000000000000, 0.000000000000000000, -2.352799587455083312E-16 ) ) ;
#1527 = CARTESIAN_POINT ( 'NONE',  ( 1.916386645469349448, -0.6650180178729042657, -0.3949867687062137978 ) ) ;
#1528 = DIRECTION ( 'NONE',  ( -1.387778780781444443E-16, 1.232595164407829851E-32, -1.000000000000000000 ) ) ;
#1529 = ORIENTED_EDGE ( 'NONE', *, *, #7917, .F. ) ;
#1530 = PLANE ( 'NONE',  #5125 ) ;
#1531 = CARTESIAN_POINT ( 'NONE',  ( -0.4961224367392622625, -1.178293477248595122, -1.515980034511265950 ) ) ;
#1532 = VECTOR ( 'NONE', #5405, 1000.000000000000000 ) ;
#1533 = ORIENTED_EDGE ( 'NONE', *, *, #3995, .T. ) ;
#1534 = EDGE_CURVE ( 'NONE', #3162, #9776, #4030, .T. ) ;
#1535 = CARTESIAN_POINT ( 'NONE',  ( 1.845392560103486179, 0.000000000000000000, -1.399999999999999245 ) ) ;
#1536 = DIRECTION ( 'NONE',  ( 0.000000000000000000, -1.000000000000000000, 0.000000000000000000 ) ) ;
#1537 = VECTOR ( 'NONE', #8939, 1000.000000000000000 ) ;
#1538 = CARTESIAN_POINT ( 'NONE',  ( -2.091932801878032766, -0.9522993465461114804, -0.5089130437326897516 ) ) ;
#1539 = CARTESIAN_POINT ( 'NONE',  ( -1.867386645469348405, 1.897353801849632760E-16, -0.9886127665261839059 ) ) ;
#1540 = VERTEX_POINT ( 'NONE', #8813 ) ;
#1541 = ORIENTED_EDGE ( 'NONE', *, *, #370, .T. ) ;
#1542 = LINE ( 'NONE', #9953, #9913 ) ;
#1543 = ORIENTED_EDGE ( 'NONE', *, *, #7330, .F. ) ;
#1544 = ORIENTED_EDGE ( 'NONE', *, *, #307, .F. ) ;
#1545 = EDGE_CURVE ( 'NONE', #584, #7031, #7907, .T. ) ;
#1546 = AXIS2_PLACEMENT_3D ( 'NONE', #6223, #8502, #1616 ) ;
#1547 = DIRECTION ( 'NONE',  ( 1.000000000000000000, 0.000000000000000000, 0.000000000000000000 ) ) ;
#1548 = CARTESIAN_POINT ( 'NONE',  ( 2.217386645469349826, -0.4650180178729040881, 0.2774175960637573213 ) ) ;
#1549 = CARTESIAN_POINT ( 'NONE',  ( -2.019479786773760388, -0.6940671962680245999, 0.3774944805068111142 ) ) ;
#1550 = MANIFOLD_SOLID_BREP ( 'Boss-Extrude5[3]', #1302 ) ;
#1551 = CARTESIAN_POINT ( 'NONE',  ( -2.217386645469349826, -0.4650180178729040881, 0.2774175960637573213 ) ) ;
#1552 = EDGE_CURVE ( 'NONE', #5350, #2737, #5326, .T. ) ;
#1553 = AXIS2_PLACEMENT_3D ( 'NONE', #5055, #6023, #5208 ) ;
#1554 = DIRECTION ( 'NONE',  ( -0.9098789178756583329, 0.4148739022949274324, 1.520811777455491610E-16 ) ) ;
#1555 = ORIENTED_EDGE ( 'NONE', *, *, #5719, .T. ) ;
#1556 = CARTESIAN_POINT ( 'NONE',  ( -1.199999999999999956, -0.1072190875874354382, 2.125000000000000000 ) ) ;
#1557 = VERTEX_POINT ( 'NONE', #4485 ) ;
#1558 = CARTESIAN_POINT ( 'NONE',  ( 1.914825147993095777, -0.4835307575317824846, 0.5089130437326943035 ) ) ;
#1559 = ORIENTED_EDGE ( 'NONE', *, *, #5157, .T. ) ;
#1560 = VERTEX_POINT ( 'NONE', #2819 ) ;
#1561 = EDGE_CURVE ( 'NONE', #1296, #5546, #5818, .T. ) ;
#1562 = AXIS2_PLACEMENT_3D ( 'NONE', #8535, #4678, #7772 ) ;
#1563 = EDGE_CURVE ( 'NONE', #8135, #2799, #4824, .T. ) ;
#1564 = DIRECTION ( 'NONE',  ( 0.000000000000000000, 0.000000000000000000, 1.000000000000000000 ) ) ;
#1565 = LINE ( 'NONE', #769, #3059 ) ;
#1566 = CYLINDRICAL_SURFACE ( 'NONE', #8495, 0.1499999999999999667 ) ;
#1567 = CARTESIAN_POINT ( 'NONE',  ( 1.499999999999999556, -1.269999999999999796, -1.099999999999999867 ) ) ;
#1568 = VECTOR ( 'NONE', #5428, 1000.000000000000000 ) ;
#1569 = ORIENTED_EDGE ( 'NONE', *, *, #1895, .T. ) ;
#1570 =( BOUNDED_CURVE ( )  B_SPLINE_CURVE ( 3, ( #9569, #2616, #5825, #5726 ),
 .UNSPECIFIED., .F., .F. ) 
 B_SPLINE_CURVE_WITH_KNOTS ( ( 4, 4 ),
 ( 4.712388980384689674, 4.861718651461118590 ),
 .UNSPECIFIED. ) 
 CURVE ( )  GEOMETRIC_REPRESENTATION_ITEM ( )  RATIONAL_B_SPLINE_CURVE ( ( 1.000000000000000000, 0.9981425839180243509, 0.9981425839180243509, 1.000000000000000000 ) ) 
 REPRESENTATION_ITEM ( '' )  );
#1571 = ORIENTED_EDGE ( 'NONE', *, *, #6355, .T. ) ;
#1572 = ORIENTED_EDGE ( 'NONE', *, *, #1804, .F. ) ;
#1573 = CARTESIAN_POINT ( 'NONE',  ( -2.017386645469349649, -0.6650180178729041547, 0.9299338753735262308 ) ) ;
#1574 = VECTOR ( 'NONE', #3611, 1000.000000000000000 ) ;
#1575 = CARTESIAN_POINT ( 'NONE',  ( -2.019293677284754285, -0.6932097315022561768, 0.3820832415370515323 ) ) ;
#1576 = EDGE_CURVE ( 'NONE', #4746, #493, #6771, .T. ) ;
#1577 = DIRECTION ( 'NONE',  ( -2.710505431213762564E-16, 0.000000000000000000, 1.000000000000000000 ) ) ;
#1578 = LINE ( 'NONE', #4652, #1381 ) ;
#1579 = ORIENTED_EDGE ( 'NONE', *, *, #9041, .F. ) ;
#1580 = FACE_OUTER_BOUND ( 'NONE', #3937, .T. ) ;
#1581 = CARTESIAN_POINT ( 'NONE',  ( -1.899999999999999467, -1.269999999999999352, -1.200000000000000178 ) ) ;
#1582 = CARTESIAN_POINT ( 'NONE',  ( 0.000000000000000000, 0.000000000000000000, 0.000000000000000000 ) ) ;
#1583 = ORIENTED_EDGE ( 'NONE', *, *, #2000, .F. ) ;
#1584 = DIRECTION ( 'NONE',  ( -1.000000000000000000, -1.666531441900169318E-16, -0.000000000000000000 ) ) ;
#1585 = CARTESIAN_POINT ( 'NONE',  ( -1.274999999999999911, -0.4499999999999999001, 1.750000000000000000 ) ) ;
#1586 = AXIS2_PLACEMENT_3D ( 'NONE', #342, #6394, #9492 ) ;
#1587 = DIRECTION ( 'NONE',  ( 1.000000000000000000, -0.000000000000000000, -0.000000000000000000 ) ) ;
#1588 = CARTESIAN_POINT ( 'NONE',  ( 2.019922486465824285, -0.6968285706987510375, -0.3733776162567620238 ) ) ;
#1589 = ORIENTED_EDGE ( 'NONE', *, *, #1826, .T. ) ;
#1590 = DIRECTION ( 'NONE',  ( -0.000000000000000000, 1.000000000000000000, -9.346570452461247140E-18 ) ) ;
#1591 = ORIENTED_EDGE ( 'NONE', *, *, #1782, .F. ) ;
#1592 = ORIENTED_EDGE ( 'NONE', *, *, #2716, .T. ) ;
#1593 = VECTOR ( 'NONE', #7085, 1000.000000000000000 ) ;
#1594 = ADVANCED_FACE ( 'NONE', ( #8354 ), #2012, .F. ) ;
#1595 = CARTESIAN_POINT ( 'NONE',  ( 1.867386645469348405, -0.1499999999999996891, 0.9886127665261839059 ) ) ;
#1596 = FACE_OUTER_BOUND ( 'NONE', #7796, .T. ) ;
#1597 = DIRECTION ( 'NONE',  ( -0.4148739022949274879, 0.9098789178756583329, 0.000000000000000000 ) ) ;
#1598 = DIRECTION ( 'NONE',  ( -3.252606517456513302E-15, 1.000000000000000000, 6.217221832846564489E-15 ) ) ;
#1599 = EDGE_CURVE ( 'NONE', #1247, #9160, #5164, .T. ) ;
#1600 = CARTESIAN_POINT ( 'NONE',  ( -2.005081564711654885, -0.7618219283718485890, 0.9157532022456426057 ) ) ;
#1602 = VERTEX_POINT ( 'NONE', #6631 ) ;
#1601 = CARTESIAN_POINT ( 'NONE',  ( -1.956312538222585440, -0.5745186493193498167, 0.4816873910456409003 ) ) ;
#1603 = CARTESIAN_POINT ( 'NONE',  ( 0.4031328269139798914, -0.1000000000000000056, 1.284067340000763613 ) ) ;
#1604 = ORIENTED_EDGE ( 'NONE', *, *, #4907, .T. ) ;
#1605 = LINE ( 'NONE', #4683, #9106 ) ;
#1606 = ORIENTED_EDGE ( 'NONE', *, *, #89, .F. ) ;
#1607 = VECTOR ( 'NONE', #1031, 1000.000000000000000 ) ;
#1608 = ORIENTED_EDGE ( 'NONE', *, *, #1436, .F. ) ;
#1609 = EDGE_CURVE ( 'NONE', #2789, #4115, #4344, .T. ) ;
#1610 = CARTESIAN_POINT ( 'NONE',  ( 1.917386645469350004, -0.6650180178729040437, -0.9299338753735271190 ) ) ;
#1611 = PLANE ( 'NONE',  #5686 ) ;
#1612 = VECTOR ( 'NONE', #294, 1000.000000000000000 ) ;
#1613 = ADVANCED_FACE ( 'NONE', ( #8255 ), #2917, .F. ) ;
#1614 = CARTESIAN_POINT ( 'NONE',  ( -0.4961224367392622625, -0.3314104039620722753, -1.099999999999999423 ) ) ;
#1615 = CARTESIAN_POINT ( 'NONE',  ( 1.871682523018476596, -4.318959937004326460E-05, -1.053690914965435654 ) ) ;
#1616 = DIRECTION ( 'NONE',  ( -1.000000000000000000, 0.000000000000000000, 0.000000000000000000 ) ) ;
#1617 = LINE ( 'NONE', #966, #6786 ) ;
#1618 = ORIENTED_EDGE ( 'NONE', *, *, #4197, .T. ) ;
#1619 = ORIENTED_EDGE ( 'NONE', *, *, #3990, .F. ) ;
#1620 = ORIENTED_EDGE ( 'NONE', *, *, #4179, .T. ) ;
#1621 = EDGE_CURVE ( 'NONE', #3977, #493, #5217, .T. ) ;
#1622 = VECTOR ( 'NONE', #5887, 999.9999999999998863 ) ;
#1623 = DIRECTION ( 'NONE',  ( 8.590853294064409147E-16, -1.000000000000000000, -0.000000000000000000 ) ) ;
#1624 = CARTESIAN_POINT ( 'NONE',  ( -0.4961224367392622625, 0.000000000000000000, 1.382258232211409421 ) ) ;
#1625 = CARTESIAN_POINT ( 'NONE',  ( 1.679389374268562163, -1.392325851403162673, -1.246144590665586138 ) ) ;
#1626 = DIRECTION ( 'NONE',  ( 4.237045877651917508E-33, -1.000000000000000000, -1.222965514685893946E-32 ) ) ;
#1627 = AXIS2_PLACEMENT_3D ( 'NONE', #9168, #3169, #4642 ) ;
#1628 = ORIENTED_EDGE ( 'NONE', *, *, #6827, .T. ) ;
#1629 = LINE ( 'NONE', #4710, #3323 ) ;
#1630 = LINE ( 'NONE', #1581, #4371 ) ;
#1631 = ADVANCED_FACE ( 'NONE', ( #8919 ), #7589, .T. ) ;
#1632 = EDGE_CURVE ( 'NONE', #3652, #9588, #3480, .T. ) ;
#1633 = AXIS2_PLACEMENT_3D ( 'NONE', #2319, #7807, #8514 ) ;
#1634 = CARTESIAN_POINT ( 'NONE',  ( -1.995392560103486090, 0.000000000000000000, -1.138612766526183817 ) ) ;
#1635 = AXIS2_PLACEMENT_3D ( 'NONE', #9603, #1834, #3459 ) ;
#1636 = DIRECTION ( 'NONE',  ( 1.000000000000000000, 0.000000000000000000, 0.000000000000000000 ) ) ;
#1637 = FILL_AREA_STYLE ('',( #3038 ) ) ;
#1638 = AXIS2_PLACEMENT_3D ( 'NONE', #2055, #4435, #9925 ) ;
#1639 = CARTESIAN_POINT ( 'NONE',  ( -1.401148175457528122, -0.1999999999999999833, 0.7000000000000001776 ) ) ;
#1640 = LINE ( 'NONE', #2280, #3318 ) ;
#1641 = VECTOR ( 'NONE', #4330, 1000.000000000000000 ) ;
#1642 = ORIENTED_EDGE ( 'NONE', *, *, #7610, .F. ) ;
#1643 = VECTOR ( 'NONE', #7382, 1000.000000000000000 ) ;
#1644 = CARTESIAN_POINT ( 'NONE',  ( 1.224999999999999867, -0.4499999999999999001, 0.7500000000000002220 ) ) ;
#1645 = ORIENTED_EDGE ( 'NONE', *, *, #9008, .T. ) ;
#1646 = VERTEX_POINT ( 'NONE', #3636 ) ;
#1647 = CARTESIAN_POINT ( 'NONE',  ( -2.035410861894217938, -0.7479927983318898077, 0.9157532022455918685 ) ) ;
#1648 = CARTESIAN_POINT ( 'NONE',  ( 2.020519711727868373, -0.7002802214126641056, 0.3577395339658829276 ) ) ;
#1649 = AXIS2_PLACEMENT_3D ( 'NONE', #9902, #6650, #2890 ) ;
#1650 = CARTESIAN_POINT ( 'NONE',  ( -1.499999999999999556, -1.269999999999999796, 0.6999999999999999556 ) ) ;
#1651 = FACE_OUTER_BOUND ( 'NONE', #6510, .T. ) ;
#1652 = ORIENTED_EDGE ( 'NONE', *, *, #5411, .T. ) ;
#1654 = ORIENTED_EDGE ( 'NONE', *, *, #2769, .F. ) ;
#1653 = DIRECTION ( 'NONE',  ( 0.000000000000000000, 1.000000000000000000, 0.000000000000000000 ) ) ;
#1655 = FACE_OUTER_BOUND ( 'NONE', #3010, .T. ) ;
#1656 = ORIENTED_EDGE ( 'NONE', *, *, #2320, .F. ) ;
#1657 = CYLINDRICAL_SURFACE ( 'NONE', #9421, 0.2278784632047899938 ) ;
#1658 = ORIENTED_EDGE ( 'NONE', *, *, #8216, .F. ) ;
#1659 = VECTOR ( 'NONE', #5710, 1000.000000000000000 ) ;
#1660 = VERTEX_POINT ( 'NONE', #1367 ) ;
#1661 = EDGE_CURVE ( 'NONE', #6915, #4125, #6032, .T. ) ;
#1662 = LINE ( 'NONE', #1211, #9556 ) ;
#1663 = CARTESIAN_POINT ( 'NONE',  ( -1.199999999999999956, 0.000000000000000000, 2.075000000000000178 ) ) ;
#1664 = VECTOR ( 'NONE', #1877, 1000.000000000000000 ) ;
#1665 = CARTESIAN_POINT ( 'NONE',  ( -1.224999999999999645, -0.1499999999999998002, 0.7500000000000002220 ) ) ;
#1666 = FACE_OUTER_BOUND ( 'NONE', #6459, .T. ) ;
#1667 = CARTESIAN_POINT ( 'NONE',  ( -1.867386645469348405, -0.1499999999999996891, -0.9886127665261839059 ) ) ;
#1668 = ORIENTED_EDGE ( 'NONE', *, *, #3644, .F. ) ;
#1669 = ORIENTED_EDGE ( 'NONE', *, *, #7296, .F. ) ;
#1670 = ORIENTED_EDGE ( 'NONE', *, *, #171, .F. ) ;
#1671 = EDGE_CURVE ( 'NONE', #919, #8031, #525, .T. ) ;
#1672 = DIRECTION ( 'NONE',  ( 0.000000000000000000, 0.000000000000000000, -1.000000000000000000 ) ) ;
#1673 = CARTESIAN_POINT ( 'NONE',  ( 1.799402302898350348, -0.1000000000000000056, 0.2718284553639134793 ) ) ;
#1674 = CARTESIAN_POINT ( 'NONE',  ( -2.017386645469349649, -0.5000000000000000000, 0.4218284553639131129 ) ) ;
#1675 = ADVANCED_FACE ( 'NONE', ( #9678 ), #5827, .T. ) ;
#1676 = DIRECTION ( 'NONE',  ( 0.000000000000000000, -0.1605490890915466096, 0.9870278567456314267 ) ) ;
#1677 = EDGE_LOOP ( 'NONE', ( #5859, #1303, #2678, #3759 ) ) ;
#1678 = DIRECTION ( 'NONE',  ( -0.000000000000000000, -0.000000000000000000, -1.000000000000000000 ) ) ;
#1679 = DIRECTION ( 'NONE',  ( 1.000000000000000000, -0.000000000000000000, -0.000000000000000000 ) ) ;
#1680 = ORIENTED_EDGE ( 'NONE', *, *, #7145, .T. ) ;
#1681 = CARTESIAN_POINT ( 'NONE',  ( 1.917386645469349782, -0.5319001915892680454, -0.4166395980621656614 ) ) ;
#1682 = EDGE_CURVE ( 'NONE', #2374, #6067, #2071, .T. ) ;
#1683 = CARTESIAN_POINT ( 'NONE',  ( -1.241659498999259315, -0.1028005736352213678, 2.103002395451186501 ) ) ;
#1684 = CARTESIAN_POINT ( 'NONE',  ( 2.091001411624095585, -0.9527240288874854190, -0.5089130437326959688 ) ) ;
#1685 = ORIENTED_EDGE ( 'NONE', *, *, #7080, .T. ) ;
#1686 = CARTESIAN_POINT ( 'NONE',  ( 3.263239150410482471E-17, -0.1999999999999998168, 0.9420340378538883952 ) ) ;
#1687 = VERTEX_POINT ( 'NONE', #624 ) ;
#1688 = ORIENTED_EDGE ( 'NONE', *, *, #1838, .T. ) ;
#1689 = VECTOR ( 'NONE', #2808, 1000.000000000000000 ) ;
#1690 = CARTESIAN_POINT ( 'NONE',  ( -1.867386645469348405, 1.897353801849632760E-16, 0.3974207797200592363 ) ) ;
#1691 = CARTESIAN_POINT ( 'NONE',  ( 2.021468004273514030, -0.6998470691026266177, 0.3599183875473372374 ) ) ;
#1692 = CARTESIAN_POINT ( 'NONE',  ( 2.122262099140556302, -0.9384702164696131499, 0.4816873910456409003 ) ) ;
#1693 = DIRECTION ( 'NONE',  ( -1.000000000000000000, -3.252606517456510147E-15, 0.000000000000000000 ) ) ;
#1694 = ADVANCED_FACE ( 'NONE', ( #2155 ), #4291, .T. ) ;
#1695 = CARTESIAN_POINT ( 'NONE',  ( -1.224999999999999645, -0.5499999999999999334, 1.800000000000000044 ) ) ;
#1697 = ORIENTED_EDGE ( 'NONE', *, *, #5568, .F. ) ;
#1696 = CYLINDRICAL_SURFACE ( 'NONE', #40, 0.2278784632047899938 ) ;
#1698 = DIRECTION ( 'NONE',  ( 0.000000000000000000, 0.000000000000000000, -1.000000000000000000 ) ) ;
#1699 = VERTEX_POINT ( 'NONE', #1223 ) ;
#1700 = VECTOR ( 'NONE', #8217, 1000.000000000000114 ) ;
#1701 = DIRECTION ( 'NONE',  ( -0.000000000000000000, 1.000000000000000000, -0.000000000000000000 ) ) ;
#1702 = VERTEX_POINT ( 'NONE', #4537 ) ;
#1703 = ORIENTED_EDGE ( 'NONE', *, *, #9793, .T. ) ;
#1704 = AXIS2_PLACEMENT_3D ( 'NONE', #9167, #7499, #8357 ) ;
#1705 = DIRECTION ( 'NONE',  ( -1.000000000000000000, -0.000000000000000000, 0.000000000000000000 ) ) ;
#1706 = CARTESIAN_POINT ( 'NONE',  ( -2.017386645469349649, -0.4368187788597396870, -0.9559338944844643082 ) ) ;
#1707 = LINE ( 'NONE', #8549, #785 ) ;
#1708 = FACE_OUTER_BOUND ( 'NONE', #9695, .T. ) ;
#1709 = ORIENTED_EDGE ( 'NONE', *, *, #1671, .T. ) ;
#1710 = AXIS2_PLACEMENT_3D ( 'NONE', #8842, #347, #3408 ) ;
#1711 = ORIENTED_EDGE ( 'NONE', *, *, #3567, .T. ) ;
#1712 = ORIENTED_EDGE ( 'NONE', *, *, #2839, .F. ) ;
#1713 = EDGE_CURVE ( 'NONE', #774, #9419, #4586, .T. ) ;
#1714 = LINE ( 'NONE', #2467, #7083 ) ;
#1715 = CARTESIAN_POINT ( 'NONE',  ( -1.224999999999999645, -0.4999999999999998890, 0.7500000000000002220 ) ) ;
#1716 = DIRECTION ( 'NONE',  ( 1.000000000000000000, 0.000000000000000000, 0.000000000000000000 ) ) ;
#1717 = VECTOR ( 'NONE', #5036, 1000.000000000000000 ) ;
#1718 = CARTESIAN_POINT ( 'NONE',  ( -1.899999999999999467, -1.420000000000000151, -1.200000000000000178 ) ) ;
#1719 = DIRECTION ( 'NONE',  ( -1.000000000000000000, 0.000000000000000000, 0.000000000000000000 ) ) ;
#1720 = VERTEX_POINT ( 'NONE', #8499 ) ;
#1721 = EDGE_CURVE ( 'NONE', #7655, #4834, #2730, .T. ) ;
#1722 = CARTESIAN_POINT ( 'NONE',  ( 1.922597168866706063, -0.7206881578433372848, -0.3573128405306353894 ) ) ;
#1723 = CARTESIAN_POINT ( 'NONE',  ( -2.017386645469349649, -0.6650180178729041547, -1.510468355502019744 ) ) ;
#1724 = VERTEX_POINT ( 'NONE', #2199 ) ;
#1725 = VECTOR ( 'NONE', #4003, 1000.000000000000114 ) ;
#1726 = EDGE_CURVE ( 'NONE', #9548, #7630, #8567, .T. ) ;
#1727 = LINE ( 'NONE', #4862, #5194 ) ;
#1728 = CARTESIAN_POINT ( 'NONE',  ( -1.922335947567191949, -0.7252601036751117336, -0.3543621333355672642 ) ) ;
#1729 = DIRECTION ( 'NONE',  ( -1.000000000000000000, 0.000000000000000000, 0.000000000000000000 ) ) ;
#1730 = ADVANCED_FACE ( 'NONE', ( #7640 ), #6268, .F. ) ;
#1731 = FACE_OUTER_BOUND ( 'NONE', #201, .T. ) ;
#1732 = VECTOR ( 'NONE', #8050, 1000.000000000000000 ) ;
#1733 = ORIENTED_EDGE ( 'NONE', *, *, #725, .F. ) ;
#1734 = LINE ( 'NONE', #2384, #5384 ) ;
#1735 = ORIENTED_EDGE ( 'NONE', *, *, #4531, .F. ) ;
#1736 = ORIENTED_EDGE ( 'NONE', *, *, #6148, .T. ) ;
#1737 = EDGE_CURVE ( 'NONE', #4035, #6067, #5171, .T. ) ;
#1738 = VECTOR ( 'NONE', #923, 1000.000000000000000 ) ;
#1739 = DIRECTION ( 'NONE',  ( -0.7071067811865471286, 0.000000000000000000, 0.7071067811865480168 ) ) ;
#1740 = DIRECTION ( 'NONE',  ( 9.035018104045875625E-17, 0.000000000000000000, -1.000000000000000000 ) ) ;
#1741 = CARTESIAN_POINT ( 'NONE',  ( -2.020435325659489134, -0.6998297393870694938, 0.3343091188803231084 ) ) ;
#1742 = CARTESIAN_POINT ( 'NONE',  ( 0.4961224367392622625, -0.1500000000000002998, -1.250000000000000000 ) ) ;
#1743 = ORIENTED_EDGE ( 'NONE', *, *, #2464, .T. ) ;
#1744 = PLANE ( 'NONE',  #6065 ) ;
#1745 = B_SPLINE_SURFACE_WITH_KNOTS ( 'NONE', 1, 3, ( 
 ( #7563, #643, #2987, #7611, #3755, #3704 ),
 ( #6791, #6844, #9948, #2481, #8571, #7047 ),
 ( #4716, #2429, #6898, #8665, #8469, #3188 ),
 ( #3091, #2378, #5388, #1728, #5582, #3900 ) ),
 .UNSPECIFIED., .F., .F., .F.,
 ( 2, 1, 1, 2 ),
 ( 4, 2, 4 ),
 ( -0.01009999999999999960, 0.000000000000000000, 1.000000000000000000, 1.010000000000000009 ),
 ( 0.000000000000000000, 4.502255318195994601E-05, 9.004510636391989203E-05 ),
 .UNSPECIFIED. ) ;
#1746 = VERTEX_POINT ( 'NONE', #871 ) ;
#1747 = DIRECTION ( 'NONE',  ( 0.9098789178756583329, 0.4148739022949274879, -1.669681180172905078E-16 ) ) ;
#1748 = ORIENTED_EDGE ( 'NONE', *, *, #3060, .T. ) ;
#1749 = ORIENTED_EDGE ( 'NONE', *, *, #546, .F. ) ;
#1750 = EDGE_CURVE ( 'NONE', #336, #6538, #4881, .T. ) ;
#1751 = PLANE ( 'NONE',  #3490 ) ;
#1752 = CARTESIAN_POINT ( 'NONE',  ( 1.867386645469348405, -0.1499999999999996891, -0.9886127665261836839 ) ) ;
#1753 = FACE_OUTER_BOUND ( 'NONE', #2587, .T. ) ;
#1754 = CARTESIAN_POINT ( 'NONE',  ( -2.019984859986782677, -0.6972136528020026480, -0.3727768476720999535 ) ) ;
#1755 = VECTOR ( 'NONE', #9937, 1000.000000000000000 ) ;
#1756 = ORIENTED_EDGE ( 'NONE', *, *, #4354, .F. ) ;
#1757 = ORIENTED_EDGE ( 'NONE', *, *, #4647, .T. ) ;
#1758 = CIRCLE ( 'NONE', #6627, 0.1499999999999999667 ) ;
#1759 = DIRECTION ( 'NONE',  ( 0.000000000000000000, 0.000000000000000000, 1.000000000000000000 ) ) ;
#1760 = CARTESIAN_POINT ( 'NONE',  ( -2.017386645469349649, -0.7766002279829631316, 0.9172206883889949536 ) ) ;
#1761 = SURFACE_STYLE_USAGE ( .BOTH. , #5777 ) ;
#1762 = FACE_OUTER_BOUND ( 'NONE', #1122, .T. ) ;
#1763 = DIRECTION ( 'NONE',  ( -1.000000000000000000, 0.000000000000000000, -0.000000000000000000 ) ) ;
#1764 = LINE ( 'NONE', #5779, #6380 ) ;
#1765 = EDGE_LOOP ( 'NONE', ( #4357, #8334, #7532, #1037, #8070 ) ) ;
#1766 = CARTESIAN_POINT ( 'NONE',  ( 1.899999999999999689, -1.269999999999999796, -0.5000000000000000000 ) ) ;
#1767 = DIRECTION ( 'NONE',  ( -0.9098789178756584439, 0.4148739022949274324, 0.000000000000000000 ) ) ;
#1768 = ORIENTED_EDGE ( 'NONE', *, *, #445, .T. ) ;
#1769 = EDGE_CURVE ( 'NONE', #8270, #4007, #9378, .T. ) ;
#1770 = DIRECTION ( 'NONE',  ( 0.000000000000000000, 0.000000000000000000, -1.000000000000000000 ) ) ;
#1771 = CARTESIAN_POINT ( 'NONE',  ( 1.224999999999999867, -0.1499999999999998002, 2.099119630351393706 ) ) ;
#1772 = AXIS2_PLACEMENT_3D ( 'NONE', #2447, #999, #63 ) ;
#1773 = DIRECTION ( 'NONE',  ( -1.000000000000000000, 0.000000000000000000, 0.000000000000000000 ) ) ;
#1774 = CARTESIAN_POINT ( 'NONE',  ( -1.922597168866706285, -0.7206881578433376179, 0.3573128405306354449 ) ) ;
#1775 = PLANE ( 'NONE',  #5271 ) ;
#1776 = EDGE_CURVE ( 'NONE', #9655, #7619, #1758, .T. ) ;
#1777 = ORIENTED_EDGE ( 'NONE', *, *, #7351, .T. ) ;
#1778 = FACE_OUTER_BOUND ( 'NONE', #3620, .T. ) ;
#1779 = EDGE_LOOP ( 'NONE', ( #18, #7118, #1379, #7841, #6520, #4847, #5443, #8003, #354, #4265 ) ) ;
#1780 = CIRCLE ( 'NONE', #6959, 0.04999999999999991257 ) ;
#1781 = ORIENTED_EDGE ( 'NONE', *, *, #415, .F. ) ;
#1782 = EDGE_CURVE ( 'NONE', #9535, #9907, #7752, .T. ) ;
#1783 = DIRECTION ( 'NONE',  ( -1.000000000000000000, -0.000000000000000000, 0.000000000000000000 ) ) ;
#1784 = LINE ( 'NONE', #6395, #9023 ) ;
#1785 = DIRECTION ( 'NONE',  ( -5.449175095217500610E-16, -0.000000000000000000, 1.000000000000000000 ) ) ;
#1786 = AXIS2_PLACEMENT_3D ( 'NONE', #2289, #155, #6254 ) ;
#1787 = DIRECTION ( 'NONE',  ( 0.000000000000000000, 0.000000000000000000, -1.000000000000000000 ) ) ;
#1788 = LINE ( 'NONE', #5649, #2513 ) ;
#1790 = EDGE_LOOP ( 'NONE', ( #5667, #5356, #6780, #8898, #602, #1652, #3922, #2995 ) ) ;
#1789 = LINE ( 'NONE', #5042, #2256 ) ;
#1791 = EDGE_CURVE ( 'NONE', #9034, #981, #7788, .T. ) ;
#1792 = CARTESIAN_POINT ( 'NONE',  ( 1.358553819721603384, -0.1000013020673829467, 1.399998697932620439 ) ) ;
#1793 = CARTESIAN_POINT ( 'NONE',  ( 1.224999999999999867, -0.4499999999999999001, 0.7500000000000002220 ) ) ;
#1794 = ORIENTED_EDGE ( 'NONE', *, *, #6501, .T. ) ;
#1795 = ORIENTED_EDGE ( 'NONE', *, *, #2814, .T. ) ;
#1796 = PRODUCT_DEFINITION_FORMATION_WITH_SPECIFIED_SOURCE ( 'ANY', '', #6607, .NOT_KNOWN. ) ;
#1797 = CIRCLE ( 'NONE', #1161, 0.04999999999999991257 ) ;
#1798 = COLOUR_RGB ( '',0.2509803921568627416, 0.2509803921568627416, 0.2509803921568627416 ) ;
#1799 = CARTESIAN_POINT ( 'NONE',  ( 1.717182552224711722, -0.1281851562799731781, 1.395336263890614603 ) ) ;
#1800 = PLANE ( 'NONE',  #5202 ) ;
#1801 = DIRECTION ( 'NONE',  ( 1.694818351060767551E-32, 1.000000000000000000, 1.848892746611746419E-32 ) ) ;
#1802 = CARTESIAN_POINT ( 'NONE',  ( 1.957161395819035699, -0.02897834147498684620, -0.9931622022829982299 ) ) ;
#1803 = VECTOR ( 'NONE', #4227, 1000.000000000000000 ) ;
#1804 = EDGE_CURVE ( 'NONE', #7900, #1823, #5311, .T. ) ;
#1805 = DIRECTION ( 'NONE',  ( 0.3867505261627197100, 0.8482002562374225674, 0.3619120830141349110 ) ) ;
#1806 = EDGE_CURVE ( 'NONE', #1724, #3451, #4671, .T. ) ;
#1807 = VERTEX_POINT ( 'NONE', #819 ) ;
#1808 = ORIENTED_EDGE ( 'NONE', *, *, #3703, .T. ) ;
#1809 = AXIS2_PLACEMENT_3D ( 'NONE', #1893, #7326, #6509 ) ;
#1810 = LINE ( 'NONE', #2664, #7410 ) ;
#1811 = DIRECTION ( 'NONE',  ( 0.000000000000000000, 1.000000000000000000, -0.000000000000000000 ) ) ;
#1812 = CARTESIAN_POINT ( 'NONE',  ( -1.916386645469350114, -0.7079750834503694135, -0.9252032351977830249 ) ) ;
#1813 = CARTESIAN_POINT ( 'NONE',  ( 1.949402302898350259, -0.02440767564660382277, -0.4218284553639131129 ) ) ;
#1814 = DIRECTION ( 'NONE',  ( 1.000000000000000000, 0.000000000000000000, -3.614007241618346306E-16 ) ) ;
#1815 = ORIENTED_EDGE ( 'NONE', *, *, #9058, .F. ) ;
#1816 = CARTESIAN_POINT ( 'NONE',  ( -2.075371067865869446, -0.9598509350964197218, 0.5089130437326923051 ) ) ;
#1817 = CARTESIAN_POINT ( 'NONE',  ( 1.867386645469348627, -0.1000000000000000056, 0.4218284553639131129 ) ) ;
#1818 = AXIS2_PLACEMENT_3D ( 'NONE', #8416, #544, #7654 ) ;
#1819 = ORIENTED_EDGE ( 'NONE', *, *, #6685, .T. ) ;
#1820 = CARTESIAN_POINT ( 'NONE',  ( -1.499999999999999556, -1.269999999999999796, 1.099999999999999867 ) ) ;
#1821 = DIRECTION ( 'NONE',  ( 0.000000000000000000, 0.000000000000000000, 1.000000000000000000 ) ) ;
#1822 = DIRECTION ( 'NONE',  ( -0.9098789178756583329, -0.4148739022949275435, 2.943412087263098618E-16 ) ) ;
#1823 = VERTEX_POINT ( 'NONE', #720 ) ;
#1824 = CARTESIAN_POINT ( 'NONE',  ( 0.4961224367392622625, -0.1000000000000003941, -1.250000000000000000 ) ) ;
#1825 = VERTEX_POINT ( 'NONE', #2356 ) ;
#1826 = EDGE_CURVE ( 'NONE', #1906, #9776, #531, .T. ) ;
#1827 = DIRECTION ( 'NONE',  ( 0.000000000000000000, 0.000000000000000000, 1.000000000000000000 ) ) ;
#1828 = ORIENTED_EDGE ( 'NONE', *, *, #1621, .F. ) ;
#1829 = ORIENTED_EDGE ( 'NONE', *, *, #4148, .F. ) ;
#1830 = DIRECTION ( 'NONE',  ( 0.000000000000000000, -1.583310275509380931E-14, -1.000000000000000000 ) ) ;
#1831 = DIRECTION ( 'NONE',  ( 0.000000000000000000, 0.000000000000000000, 1.000000000000000000 ) ) ;
#1832 = FACE_OUTER_BOUND ( 'NONE', #6296, .T. ) ;
#1833 = CARTESIAN_POINT ( 'NONE',  ( -2.684053312136017055, -0.8983513512062378803, 0.7718015200835195433 ) ) ;
#1835 = ORIENTED_EDGE ( 'NONE', *, *, #8008, .F. ) ;
#1834 = DIRECTION ( 'NONE',  ( -1.000000000000000000, -3.252606517456510147E-15, 0.000000000000000000 ) ) ;
#1836 = FACE_OUTER_BOUND ( 'NONE', #215, .T. ) ;
#1837 = ORIENTED_EDGE ( 'NONE', *, *, #4489, .F. ) ;
#1838 = EDGE_CURVE ( 'NONE', #4273, #2042, #980, .T. ) ;
#1839 = CARTESIAN_POINT ( 'NONE',  ( -1.717386645469347606, -0.1499999999999999667, 1.400000000000000133 ) ) ;
#1840 = ORIENTED_EDGE ( 'NONE', *, *, #5949, .F. ) ;
#1841 = EDGE_LOOP ( 'NONE', ( #1795, #2241, #977, #9709 ) ) ;
#1842 = VECTOR ( 'NONE', #5804, 1000.000000000000114 ) ;
#1843 = EDGE_CURVE ( 'NONE', #4113, #1398, #6975, .T. ) ;
#1844 = CARTESIAN_POINT ( 'NONE',  ( -1.699999999999999734, -1.269999999999999796, 0.5000000000000001110 ) ) ;
#1845 = DIRECTION ( 'NONE',  ( 0.000000000000000000, 0.000000000000000000, -1.000000000000000000 ) ) ;
#1846 = LINE ( 'NONE', #7279, #3092 ) ;
#1847 = SURFACE_STYLE_FILL_AREA ( #5053 ) ;
#1848 = VECTOR ( 'NONE', #6138, 1000.000000000000000 ) ;
#1849 = UNCERTAINTY_MEASURE_WITH_UNIT (LENGTH_MEASURE( 1.000000000000000082E-05 ), #7280, 'distance_accuracy_value', 'NONE');
#1850 = CYLINDRICAL_SURFACE ( 'NONE', #3562, 0.1499999999999999944 ) ;
#1851 = EDGE_CURVE ( 'NONE', #8343, #3951, #6622, .T. ) ;
#1852 = EDGE_LOOP ( 'NONE', ( #3552, #8827, #3975, #3127, #9407, #3195, #3896, #9628, #2181, #2271 ) ) ;
#1853 = ORIENTED_EDGE ( 'NONE', *, *, #2853, .T. ) ;
#1854 = CIRCLE ( 'NONE', #3148, 0.4000000000000000222 ) ;
#1855 = EDGE_CURVE ( 'NONE', #651, #961, #2250, .T. ) ;
#1856 = DIRECTION ( 'NONE',  ( 1.000000000000000000, 0.000000000000000000, 0.000000000000000000 ) ) ;
#1857 = DIRECTION ( 'NONE',  ( -1.000000000000000000, 0.000000000000000000, 0.000000000000000000 ) ) ;
#1858 = CARTESIAN_POINT ( 'NONE',  ( -1.699999999999999734, -1.269999999999999796, 0.5000000000000001110 ) ) ;
#1859 = DIRECTION ( 'NONE',  ( 1.000000000000000000, 3.252606517456510147E-15, -0.000000000000000000 ) ) ;
#1860 = DIRECTION ( 'NONE',  ( 0.000000000000000000, -9.757819552369557261E-15, -1.000000000000000000 ) ) ;
#1861 = PLANE ( 'NONE',  #2308 ) ;
#1862 = DIRECTION ( 'NONE',  ( -1.000000000000000000, 0.000000000000000000, 0.000000000000000000 ) ) ;
#1863 = VERTEX_POINT ( 'NONE', #3827 ) ;
#1864 = CARTESIAN_POINT ( 'NONE',  ( -2.122262099140556302, -0.9384702164696131499, 0.5089130437326940815 ) ) ;
#1865 = VECTOR ( 'NONE', #1199, 1000.000000000000000 ) ;
#1866 = CARTESIAN_POINT ( 'NONE',  ( -1.301148175457528033, -0.6083740602123943741, 1.400000000000000133 ) ) ;
#1867 = ORIENTED_EDGE ( 'NONE', *, *, #1726, .F. ) ;
#1868 = ADVANCED_FACE ( 'NONE', ( #446 ), #3559, .T. ) ;
#1869 = CARTESIAN_POINT ( 'NONE',  ( 0.4961224367392622625, -1.209585785936739821, -1.318443224227800581 ) ) ;
#1870 = AXIS2_PLACEMENT_3D ( 'NONE', #2318, #9941, #2981 ) ;
#1871 = PLANE ( 'NONE',  #6615 ) ;
#1872 = DIRECTION ( 'NONE',  ( -4.237045877651918877E-33, 1.000000000000000000, -1.213335864963958587E-32 ) ) ;
#1873 = ORIENTED_EDGE ( 'NONE', *, *, #6727, .F. ) ;
#1874 = CARTESIAN_POINT ( 'NONE',  ( -1.499999999999999334, -1.419999999999999929, -0.6999999999999998446 ) ) ;
#1875 = ORIENTED_EDGE ( 'NONE', *, *, #6637, .F. ) ;
#1876 = AXIS2_PLACEMENT_3D ( 'NONE', #7515, #2889, #4314 ) ;
#1877 = DIRECTION ( 'NONE',  ( 0.000000000000000000, 0.9870278567456314267, 0.1605490890915466096 ) ) ;
#1878 = VERTEX_POINT ( 'NONE', #2794 ) ;
#1879 = ORIENTED_EDGE ( 'NONE', *, *, #9528, .T. ) ;
#1880 =( BOUNDED_CURVE ( )  B_SPLINE_CURVE ( 3, ( #1314, #2713, #8910, #364 ),
 .UNSPECIFIED., .F., .F. ) 
 B_SPLINE_CURVE_WITH_KNOTS ( ( 4, 4 ),
 ( 1.570796326794896780, 3.141592653589795336 ),
 .UNSPECIFIED. ) 
 CURVE ( )  GEOMETRIC_REPRESENTATION_ITEM ( )  RATIONAL_B_SPLINE_CURVE ( ( 1.000000000000000000, 0.8047378541243644934, 0.8047378541243644934, 1.000000000000000000 ) ) 
 REPRESENTATION_ITEM ( '' )  );
#1881 = FACE_OUTER_BOUND ( 'NONE', #2086, .T. ) ;
#1882 = DIRECTION ( 'NONE',  ( -2.710505431213762564E-16, 0.000000000000000000, 1.000000000000000000 ) ) ;
#1883 = CIRCLE ( 'NONE', #7557, 0.4000000000000000222 ) ;
#1884 = DIRECTION ( 'NONE',  ( 0.000000000000000000, 1.000000000000000000, -0.000000000000000000 ) ) ;
#1885 = AXIS2_PLACEMENT_3D ( 'NONE', #494, #8125, #9093 ) ;
#1886 = DIRECTION ( 'NONE',  ( 1.000000000000000000, 0.000000000000000000, 0.000000000000000000 ) ) ;
#1887 = DIRECTION ( 'NONE',  ( 0.000000000000000000, 1.000000000000000000, 0.000000000000000000 ) ) ;
#1888 = DIRECTION ( 'NONE',  ( -1.000000000000000000, 0.000000000000000000, 0.000000000000000000 ) ) ;
#1890 = ORIENTED_EDGE ( 'NONE', *, *, #9396, .F. ) ;
#1889 = CARTESIAN_POINT ( 'NONE',  ( 1.679389374268562163, -0.3467142199536816793, -1.399999999999999245 ) ) ;
#1891 = CYLINDRICAL_SURFACE ( 'NONE', #899, 0.4000000000000000222 ) ;
#1892 = EDGE_LOOP ( 'NONE', ( #6718, #5958, #3622, #1315 ) ) ;
#1893 = CARTESIAN_POINT ( 'NONE',  ( -1.499999999999999556, -1.269999999999999796, -0.6999999999999999556 ) ) ;
#1894 = ORIENTED_EDGE ( 'NONE', *, *, #9007, .T. ) ;
#1895 = EDGE_CURVE ( 'NONE', #5668, #7373, #8950, .T. ) ;
#1896 = ORIENTED_EDGE ( 'NONE', *, *, #8108, .F. ) ;
#1897 = AXIS2_PLACEMENT_3D ( 'NONE', #3535, #7391, #9677 ) ;
#1898 = ADVANCED_FACE ( 'NONE', ( #2745 ), #4105, .F. ) ;
#1899 = DIRECTION ( 'NONE',  ( 0.000000000000000000, 1.000000000000000000, 0.000000000000000000 ) ) ;
#1900 = CARTESIAN_POINT ( 'NONE',  ( -1.899999999999999689, -0.1499999999999999667, 0.3500000000000000333 ) ) ;
#1901 = DIRECTION ( 'NONE',  ( -0.000000000000000000, 1.000000000000000000, -0.000000000000000000 ) ) ;
#1902 = AXIS2_PLACEMENT_3D ( 'NONE', #5113, #367, #8095 ) ;
#1903 = FACE_OUTER_BOUND ( 'NONE', #6275, .T. ) ;
#1904 = DIRECTION ( 'NONE',  ( 0.000000000000000000, 1.000000000000000000, 0.000000000000000000 ) ) ;
#1905 = DIRECTION ( 'NONE',  ( 0.000000000000000000, -1.000000000000000000, -0.000000000000000000 ) ) ;
#1906 = VERTEX_POINT ( 'NONE', #6653 ) ;
#1907 = EDGE_CURVE ( 'NONE', #9741, #6478, #3372, .T. ) ;
#1908 = CIRCLE ( 'NONE', #1278, 0.1499999999999999667 ) ;
#1909 = CARTESIAN_POINT ( 'NONE',  ( 2.122262099140556302, -0.9384702164696131499, 0.5089130437326938594 ) ) ;
#1910 = ADVANCED_FACE ( 'NONE', ( #4159 ), #6551, .F. ) ;
#1911 = DIRECTION ( 'NONE',  ( -1.000000000000000000, -0.000000000000000000, -2.352799587455083312E-16 ) ) ;
#1912 = DIRECTION ( 'NONE',  ( 0.000000000000000000, -1.000000000000000000, 0.000000000000000000 ) ) ;
#1913 = DIRECTION ( 'NONE',  ( 0.000000000000000000, 1.000000000000000000, 0.000000000000000000 ) ) ;
#1914 = LINE ( 'NONE', #9733, #8094 ) ;
#1915 = CARTESIAN_POINT ( 'NONE',  ( 1.917386645469348894, -0.1499999999999995226, 0.9886127665261839059 ) ) ;
#1916 = ORIENTED_EDGE ( 'NONE', *, *, #4461, .T. ) ;
#1917 = CARTESIAN_POINT ( 'NONE',  ( 1.922026623008473267, -0.7175771001699773333, -0.3357440380583117112 ) ) ;
#1918 = DIRECTION ( 'NONE',  ( -0.4148739022949274324, -0.9098789178756584439, 0.000000000000000000 ) ) ;
#1919 = ADVANCED_FACE ( 'NONE', ( #9648 ), #1245, .T. ) ;
#1920 = ORIENTED_EDGE ( 'NONE', *, *, #5313, .T. ) ;
#1921 = AXIS2_PLACEMENT_3D ( 'NONE', #7392, #75, #6821 ) ;
#1922 = CARTESIAN_POINT ( 'NONE',  ( 1.867386645469348405, -0.1499999999999996891, 0.4218284553639134460 ) ) ;
#1923 = CARTESIAN_POINT ( 'NONE',  ( -1.917386645469349782, -0.5319001915892659360, 0.4166395980621656614 ) ) ;
#1924 = DIRECTION ( 'NONE',  ( 0.000000000000000000, 0.000000000000000000, -1.000000000000000000 ) ) ;
#1925 =( REPRESENTATION_RELATIONSHIP ('NONE','NONE', #5922, #8258 ) REPRESENTATION_RELATIONSHIP_WITH_TRANSFORMATION ( #7340 )SHAPE_REPRESENTATION_RELATIONSHIP( ) );
#1926 = CARTESIAN_POINT ( 'NONE',  ( 1.917386645469350226, -0.6650180178729044878, 0.000000000000000000 ) ) ;
#1927 = VECTOR ( 'NONE', #2406, 1000.000000000000000 ) ;
#1928 = ORIENTED_EDGE ( 'NONE', *, *, #9031, .T. ) ;
#1929 = PLANE ( 'NONE',  #2838 ) ;
#1930 = EDGE_CURVE ( 'NONE', #3356, #2704, #5800, .T. ) ;
#1931 = ORIENTED_EDGE ( 'NONE', *, *, #3021, .T. ) ;
#1932 = EDGE_CURVE ( 'NONE', #9006, #3344, #5656, .T. ) ;
#1933 = CARTESIAN_POINT ( 'NONE',  ( 2.299999999999999822, -1.419999999999999929, 0.4999999999999997780 ) ) ;
#1934 = EDGE_LOOP ( 'NONE', ( #1173, #7839, #6139, #4544 ) ) ;
#1935 = ORIENTED_EDGE ( 'NONE', *, *, #7428, .F. ) ;
#1936 = FACE_OUTER_BOUND ( 'NONE', #7742, .T. ) ;
#1937 = FACE_OUTER_BOUND ( 'NONE', #946, .T. ) ;
#1938 = CARTESIAN_POINT ( 'NONE',  ( -2.019612439772668910, -0.6947730772922190434, -0.3252409048719890339 ) ) ;
#1939 = CARTESIAN_POINT ( 'NONE',  ( -1.243797756012290368, -0.1036681063531565417, 2.099119630351393706 ) ) ;
#1940 = DIRECTION ( 'NONE',  ( -1.000000000000000000, 0.000000000000000000, 0.000000000000000000 ) ) ;
#1941 = CARTESIAN_POINT ( 'NONE',  ( 1.679389374268562163, -1.178293477248595122, -1.515980034511265950 ) ) ;
#1943 = EDGE_LOOP ( 'NONE', ( #277, #1206, #696, #4467 ) ) ;
#1942 = CARTESIAN_POINT ( 'NONE',  ( -1.920725336924323345, -0.7096506070018980816, 0.3252409048719800411 ) ) ;
#1944 = LINE ( 'NONE', #2798, #1842 ) ;
#1945 = ORIENTED_EDGE ( 'NONE', *, *, #3319, .T. ) ;
#1946 = VECTOR ( 'NONE', #2293, 1000.000000000000000 ) ;
#1947 = LINE ( 'NONE', #1300, #1659 ) ;
#1948 = ORIENTED_EDGE ( 'NONE', *, *, #9433, .F. ) ;
#1949 = VERTEX_POINT ( 'NONE', #7975 ) ;
#1950 = ORIENTED_EDGE ( 'NONE', *, *, #6049, .T. ) ;
#1951 = CARTESIAN_POINT ( 'NONE',  ( -1.867386645469348405, -0.1499999999999996891, -0.9886127665261839059 ) ) ;
#1952 = CIRCLE ( 'NONE', #997, 0.1499999999999999667 ) ;
#1953 = VECTOR ( 'NONE', #7597, 1000.000000000000000 ) ;
#1954 = DIRECTION ( 'NONE',  ( 0.000000000000000000, 0.000000000000000000, -1.000000000000000000 ) ) ;
#1955 = CIRCLE ( 'NONE', #6480, 0.05000000000000012768 ) ;
#1956 = DIRECTION ( 'NONE',  ( -0.000000000000000000, 1.000000000000000000, -0.000000000000000000 ) ) ;
#1957 = FILL_AREA_STYLE_COLOUR ( '', #998 ) ;
#1958 = VECTOR ( 'NONE', #5925, 1000.000000000000000 ) ;
#1959 = FACE_OUTER_BOUND ( 'NONE', #8453, .T. ) ;
#1960 = ORIENTED_EDGE ( 'NONE', *, *, #5004, .F. ) ;
#1961 = VECTOR ( 'NONE', #5203, 1000.000000000000000 ) ;
#1962 = EDGE_CURVE ( 'NONE', #774, #334, #2694, .T. ) ;
#1963 = VECTOR ( 'NONE', #8243, 1000.000000000000000 ) ;
#1964 = DIRECTION ( 'NONE',  ( 0.000000000000000000, -1.000000000000000000, 0.000000000000000000 ) ) ;
#1965 = LINE ( 'NONE', #4341, #9244 ) ;
#1966 = DIRECTION ( 'NONE',  ( 0.000000000000000000, -0.000000000000000000, -1.000000000000000000 ) ) ;
#1967 = DIRECTION ( 'NONE',  ( -1.000000000000000000, 0.000000000000000000, 0.000000000000000000 ) ) ;
#1968 = CARTESIAN_POINT ( 'NONE',  ( -2.017386645469349649, -0.5319001915892691557, -0.4166395980621656614 ) ) ;
#1969 = CARTESIAN_POINT ( 'NONE',  ( -1.699999999999999734, -1.269999999999999796, -0.5000000000000001110 ) ) ;
#1970 = VERTEX_POINT ( 'NONE', #4262 ) ;
#1971 = DIRECTION ( 'NONE',  ( 1.000000000000000000, -6.089722316808812555E-15, 2.109362594809012387E-14 ) ) ;
#1972 = EDGE_CURVE ( 'NONE', #8817, #3631, #8178, .T. ) ;
#1973 = ORIENTED_EDGE ( 'NONE', *, *, #5018, .F. ) ;
#1974 = AXIS2_PLACEMENT_3D ( 'NONE', #1495, #8429, #9145 ) ;
#1975 = LINE ( 'NONE', #8060, #3493 ) ;
#1976 = CIRCLE ( 'NONE', #1503, 0.3000000000000000444 ) ;
#1977 = EDGE_CURVE ( 'NONE', #5418, #919, #3457, .T. ) ;
#1978 = FACE_BOUND ( 'NONE', #9866, .T. ) ;
#1979 = CARTESIAN_POINT ( 'NONE',  ( -1.920725336924323345, -0.7096506070018980816, 0.3252409048719800411 ) ) ;
#1980 = ORIENTED_EDGE ( 'NONE', *, *, #4001, .F. ) ;
#1981 = DIRECTION ( 'NONE',  ( 0.000000000000000000, 0.000000000000000000, 1.000000000000000000 ) ) ;
#1982 = ORIENTED_EDGE ( 'NONE', *, *, #5258, .F. ) ;
#1983 = CARTESIAN_POINT ( 'NONE',  ( 2.020532681679345188, -0.7003523770741987287, 0.3562596362368893876 ) ) ;
#1984 = ORIENTED_EDGE ( 'NONE', *, *, #4184, .T. ) ;
#1985 = ORIENTED_EDGE ( 'NONE', *, *, #6420, .F. ) ;
#1986 = ADVANCED_FACE ( 'NONE', ( #9545 ), #5752, .T. ) ;
#1987 = CARTESIAN_POINT ( 'NONE',  ( -2.100000000000000089, -0.6548169886614644275, 0.3499999999999999778 ) ) ;
#1988 = CARTESIAN_POINT ( 'NONE',  ( 1.274999999999999911, -1.050000000000000044, 2.083410071915997808 ) ) ;
#1989 = DIRECTION ( 'NONE',  ( -1.000000000000000000, 0.000000000000000000, -0.000000000000000000 ) ) ;
#1990 = FACE_OUTER_BOUND ( 'NONE', #8672, .T. ) ;
#1991 = CARTESIAN_POINT ( 'NONE',  ( 1.679389374268562163, -1.183856370956781534, -1.314367362140309803 ) ) ;
#1992 = DIRECTION ( 'NONE',  ( -1.000000000000000000, 0.000000000000000000, 0.000000000000000000 ) ) ;
#1993 = ORIENTED_EDGE ( 'NONE', *, *, #6238, .F. ) ;
#1994 = CARTESIAN_POINT ( 'NONE',  ( 2.035410861894218382, -0.7479927983318894746, 0.9157532022455918685 ) ) ;
#1995 = ORIENTED_EDGE ( 'NONE', *, *, #6257, .F. ) ;
#1996 = DIRECTION ( 'NONE',  ( -0.000000000000000000, 1.000000000000000000, -0.000000000000000000 ) ) ;
#1997 = ORIENTED_EDGE ( 'NONE', *, *, #5327, .T. ) ;
#1998 = EDGE_LOOP ( 'NONE', ( #4454, #8702, #4709, #6513 ) ) ;
#1999 = ORIENTED_EDGE ( 'NONE', *, *, #9286, .F. ) ;
#2000 = EDGE_CURVE ( 'NONE', #6440, #9147, #6601, .T. ) ;
#2001 = CARTESIAN_POINT ( 'NONE',  ( 1.921142146316478172, -0.7183117136338522668, 0.3506352386924795339 ) ) ;
#2002 = DIRECTION ( 'NONE',  ( -1.000000000000000000, 0.000000000000000000, 0.000000000000000000 ) ) ;
#2003 = DIRECTION ( 'NONE',  ( -0.7071067811865479058, 0.000000000000000000, 0.7071067811865471286 ) ) ;
#2004 = CARTESIAN_POINT ( 'NONE',  ( -0.4961224367392622625, -0.1499999999999992450, -1.400000000000000133 ) ) ;
#2005 = VECTOR ( 'NONE', #6914, 1000.000000000000000 ) ;
#2006 = EDGE_LOOP ( 'NONE', ( #7568, #9417, #4830, #5480 ) ) ;
#2007 = ORIENTED_EDGE ( 'NONE', *, *, #7451, .F. ) ;
#2008 = DIRECTION ( 'NONE',  ( 1.000000000000000000, 0.000000000000000000, 0.000000000000000000 ) ) ;
#2009 = VECTOR ( 'NONE', #6590, 1000.000000000000000 ) ;
#2010 = DIRECTION ( 'NONE',  ( 0.000000000000000000, 0.000000000000000000, 1.000000000000000000 ) ) ;
#2011 = CYLINDRICAL_SURFACE ( 'NONE', #9030, 0.1499999999999999667 ) ;
#2012 = PLANE ( 'NONE',  #6446 ) ;
#2013 = CYLINDRICAL_SURFACE ( 'NONE', #2247, 0.2000000000000000944 ) ;
#2014 = FACE_OUTER_BOUND ( 'NONE', #5722, .T. ) ;
#2015 = DIRECTION ( 'NONE',  ( -0.6804760118468750063, 0.7327703578209011637, 0.000000000000000000 ) ) ;
#2016 = SURFACE_STYLE_FILL_AREA ( #4350 ) ;
#2017 = VECTOR ( 'NONE', #6375, 1000.000000000000000 ) ;
#2018 = ORIENTED_EDGE ( 'NONE', *, *, #6909, .F. ) ;
#2019 = ADVANCED_FACE ( 'NONE', ( #1832 ), #8022, .T. ) ;
#2020 = DIRECTION ( 'NONE',  ( -0.000000000000000000, -0.000000000000000000, -1.000000000000000000 ) ) ;
#2021 = EDGE_CURVE ( 'NONE', #7039, #6691, #2564, .T. ) ;
#2022 = CIRCLE ( 'NONE', #8658, 0.05000000000000012768 ) ;
#2023 = CARTESIAN_POINT ( 'NONE',  ( 1.224999999999999867, -0.1499999999999998002, 0.000000000000000000 ) ) ;
#2024 = CARTESIAN_POINT ( 'NONE',  ( 1.700000000000000178, -0.1000000000000000472, 1.350000000000000533 ) ) ;
#2025 = ORIENTED_EDGE ( 'NONE', *, *, #3381, .F. ) ;
#2026 = DIRECTION ( 'NONE',  ( -0.000000000000000000, 1.000000000000000000, 0.000000000000000000 ) ) ;
#2027 = ORIENTED_EDGE ( 'NONE', *, *, #1179, .T. ) ;
#2028 = ORIENTED_EDGE ( 'NONE', *, *, #9975, .F. ) ;
#2029 = ADVANCED_FACE ( 'NONE', ( #9601 ), #8839, .T. ) ;
#2030 = VECTOR ( 'NONE', #7219, 1000.000000000000000 ) ;
#2031 = DIRECTION ( 'NONE',  ( 1.694818351060767551E-32, 1.000000000000000000, 1.848892746611746419E-32 ) ) ;
#2032 = CARTESIAN_POINT ( 'NONE',  ( -1.867386645469348405, -0.1499999999999996891, 0.9886127665261836839 ) ) ;
#2033 = ADVANCED_FACE ( 'NONE', ( #7613 ), #5335, .T. ) ;
#2034 = CARTESIAN_POINT ( 'NONE',  ( 2.143774953583233334, -1.226688135358414256, -8.673617379884035472E-16 ) ) ;
#2035 = AXIS2_PLACEMENT_3D ( 'NONE', #8168, #1285, #541 ) ;
#2036 = CARTESIAN_POINT ( 'NONE',  ( -2.750719978802683929, -0.3983513512062376583, -0.2774175960637573213 ) ) ;
#2037 = DIRECTION ( 'NONE',  ( 1.626303258728258032E-15, -0.000000000000000000, 1.000000000000000000 ) ) ;
#2038 = ORIENTED_EDGE ( 'NONE', *, *, #4345, .F. ) ;
#2039 = CARTESIAN_POINT ( 'NONE',  ( 1.699999999999999734, -1.269999999999999796, -0.5000000000000001110 ) ) ;
#2040 = ORIENTED_EDGE ( 'NONE', *, *, #9467, .T. ) ;
#2041 = EDGE_CURVE ( 'NONE', #5890, #5555, #3987, .T. ) ;
#2042 = VERTEX_POINT ( 'NONE', #4511 ) ;
#2043 = EDGE_LOOP ( 'NONE', ( #2205, #2125 ) ) ;
#2044 = TOROIDAL_SURFACE ( 'NONE', #7870, 0.1500000000000002442, 0.05000000000000000278 ) ;
#2045 = CARTESIAN_POINT ( 'NONE',  ( 1.920490923469502009, -0.7148140672054644762, 0.3355760662902275149 ) ) ;
#2046 = DIRECTION ( 'NONE',  ( -1.000000000000000000, -9.757819552369557261E-15, 0.000000000000000000 ) ) ;
#2047 = CARTESIAN_POINT ( 'NONE',  ( -1.344983577402405039, -0.1000000000000000056, 1.400000000000000355 ) ) ;
#2048 = CARTESIAN_POINT ( 'NONE',  ( -1.401148175457528344, -0.1000000000000000472, 1.350000000000000533 ) ) ;
#2049 = VECTOR ( 'NONE', #8448, 1000.000000000000000 ) ;
#2050 = DIRECTION ( 'NONE',  ( -0.000000000000000000, -0.000000000000000000, -1.000000000000000000 ) ) ;
#2051 = ORIENTED_EDGE ( 'NONE', *, *, #6447, .T. ) ;
#2052 = EDGE_CURVE ( 'NONE', #9174, #3484, #694, .T. ) ;
#2053 = ORIENTED_EDGE ( 'NONE', *, *, #4395, .T. ) ;
#2054 = DIRECTION ( 'NONE',  ( 1.000000000000000000, -1.232595164407830535E-32, -1.387778780781444443E-16 ) ) ;
#2055 = CARTESIAN_POINT ( 'NONE',  ( -0.9749999999999999778, -1.719999999999999085, 0.7500000000000000000 ) ) ;
#2056 = CIRCLE ( 'NONE', #4483, 0.3750000000000001110 ) ;
#2057 = CARTESIAN_POINT ( 'NONE',  ( 1.899999999999999245, -0.1499999999999999667, 1.199999999999999289 ) ) ;
#2058 = DIRECTION ( 'NONE',  ( 0.000000000000000000, 0.1564615434407232164, -0.9876840514173278462 ) ) ;
#2059 = CARTESIAN_POINT ( 'NONE',  ( 2.017386645469349649, -0.6749733292779992455, 0.2732082762972503076 ) ) ;
#2060 = DIRECTION ( 'NONE',  ( 1.000000000000000000, 0.000000000000000000, 0.000000000000000000 ) ) ;
#2061 = DIRECTION ( 'NONE',  ( 0.000000000000000000, 1.000000000000000000, 0.000000000000000000 ) ) ;
#2062 = CARTESIAN_POINT ( 'NONE',  ( 1.250000000000000000, -0.1066987298107779092, 2.075000000000000178 ) ) ;
#2063 = VECTOR ( 'NONE', #6535, 1000.000000000000114 ) ;
#2064 = VERTEX_POINT ( 'NONE', #4414 ) ;
#2065 = DIRECTION ( 'NONE',  ( -0.000000000000000000, -0.000000000000000000, 1.000000000000000000 ) ) ;
#2066 = PRODUCT_DEFINITION_SHAPE ( 'NONE', 'NONE',  #10006 ) ;
#2067 = ADVANCED_FACE ( 'NONE', ( #2891 ), #5237, .T. ) ;
#2068 = CARTESIAN_POINT ( 'NONE',  ( -0.7737652542620763185, -0.1000000000000000056, -1.351033706287569469 ) ) ;
#2069 = VERTEX_POINT ( 'NONE', #2175 ) ;
#2070 = CARTESIAN_POINT ( 'NONE',  ( 2.091932801927752550, -0.9522993465234557142, -0.7661930767260074493 ) ) ;
#2071 = CIRCLE ( 'NONE', #653, 0.04999999999999980155 ) ;
#2072 = VERTEX_POINT ( 'NONE', #6747 ) ;
#2073 = LINE ( 'NONE', #8273, #5717 ) ;
#2074 = VERTEX_POINT ( 'NONE', #9904 ) ;
#2075 = ADVANCED_FACE ( 'NONE', ( #5952 ), #3705, .F. ) ;
#2076 = CARTESIAN_POINT ( 'NONE',  ( -1.301148175457528033, -0.6083740602123943741, 0.7000000000000001776 ) ) ;
#2077 = FACE_OUTER_BOUND ( 'NONE', #672, .T. ) ;
#2078 = B_SPLINE_CURVE_WITH_KNOTS ( 'NONE', 3,
 ( #2132, #4415, #4462, #9905, #1246, #8231, #5287, #7567, #6004, #8381, #5188, #695, #6846, #1344, #9950, #1390, #2989, #7519, #6102, #9188, #3560, #8330 ),
 .UNSPECIFIED., .F., .F.,
 ( 4, 3, 3, 3, 3, 3, 3, 4 ),
 ( 0.000000000000000000, 2.983825372161484892E-05, 4.804876883375567762E-05, 6.131811848808200137E-05, 7.199685707064227419E-05, 8.272748302477333235E-05, 9.275942651514935446E-05, 0.0001061050884287214593 ),
 .UNSPECIFIED. ) ;
#2079 = VECTOR ( 'NONE', #7217, 1000.000000000000000 ) ;
#2080 = CARTESIAN_POINT ( 'NONE',  ( 2.017386645469349649, -0.4676805559526490685, -0.02182845536391307684 ) ) ;
#2081 = EDGE_CURVE ( 'NONE', #3438, #9365, #600, .T. ) ;
#2082 = DIRECTION ( 'NONE',  ( -1.000000000000000000, 0.000000000000000000, 3.614007241618346306E-16 ) ) ;
#2083 = CARTESIAN_POINT ( 'NONE',  ( -2.617386645469350182, -0.4650180178729041436, -0.2774175960637571547 ) ) ;
#2084 = ORIENTED_EDGE ( 'NONE', *, *, #8298, .T. ) ;
#2085 = CARTESIAN_POINT ( 'NONE',  ( -1.499999999999999556, -1.269999999999999796, -1.099999999999999867 ) ) ;
#2086 = EDGE_LOOP ( 'NONE', ( #3340, #540, #1111, #3223 ) ) ;
#2087 = DIRECTION ( 'NONE',  ( 1.694818351060767551E-32, 1.000000000000000000, 1.848892746611746419E-32 ) ) ;
#2088 = ORIENTED_EDGE ( 'NONE', *, *, #6849, .F. ) ;
#2089 = VECTOR ( 'NONE', #7592, 999.9999999999998863 ) ;
#2090 = ORIENTED_EDGE ( 'NONE', *, *, #2636, .F. ) ;
#2091 = EDGE_CURVE ( 'NONE', #7054, #8817, #1440, .T. ) ;
#2092 = ORIENTED_EDGE ( 'NONE', *, *, #891, .F. ) ;
#2093 = CARTESIAN_POINT ( 'NONE',  ( 1.920721629960397525, -0.7159326771971171732, 0.3659697877904978802 ) ) ;
#2094 = CARTESIAN_POINT ( 'NONE',  ( 1.249454102719021797, -0.1063854767731612916, 1.865641720178176310 ) ) ;
#2095 = LINE ( 'NONE', #5966, #8452 ) ;
#2096 = CARTESIAN_POINT ( 'NONE',  ( -2.817386645469349915, -0.3650180178729041658, 0.2774175960637573213 ) ) ;
#2097 = EDGE_CURVE ( 'NONE', #285, #633, #8329, .T. ) ;
#2098 = AXIS2_PLACEMENT_3D ( 'NONE', #8864, #8920, #7345 ) ;
#2099 = CARTESIAN_POINT ( 'NONE',  ( -1.917386645469348005, 6.561764951283327056E-15, 0.4218284553639131129 ) ) ;
#2100 = DIRECTION ( 'NONE',  ( -1.000000000000000000, 0.000000000000000000, 0.000000000000000000 ) ) ;
#2101 = ORIENTED_EDGE ( 'NONE', *, *, #7094, .T. ) ;
#2102 = ORIENTED_EDGE ( 'NONE', *, *, #2527, .T. ) ;
#2103 = CIRCLE ( 'NONE', #1633, 0.3664636981603574539 ) ;
#2104 = VECTOR ( 'NONE', #4216, 1000.000000000000000 ) ;
#2105 = LINE ( 'NONE', #7539, #6323 ) ;
#2106 = CARTESIAN_POINT ( 'NONE',  ( -0.6006347602098601746, -1.420000000000000151, -1.200000000000000178 ) ) ;
#2107 = ADVANCED_FACE ( 'NONE', ( #4562 ), #9949, .T. ) ;
#2108 = DIRECTION ( 'NONE',  ( 0.000000000000000000, 0.000000000000000000, 1.000000000000000000 ) ) ;
#2109 = FACE_OUTER_BOUND ( 'NONE', #7356, .T. ) ;
#2110 = DIRECTION ( 'NONE',  ( -0.000000000000000000, -1.000000000000000000, 0.000000000000000000 ) ) ;
#2111 = VECTOR ( 'NONE', #3767, 1000.000000000000000 ) ;
#2112 = DIRECTION ( 'NONE',  ( 0.000000000000000000, 0.000000000000000000, 1.000000000000000000 ) ) ;
#2113 = LINE ( 'NONE', #7397, #771 ) ;
#2114 = AXIS2_PLACEMENT_3D ( 'NONE', #1309, #566, #2954 ) ;
#2115 = EDGE_LOOP ( 'NONE', ( #7601, #4925, #1000, #9079, #7152 ) ) ;
#2116 = CIRCLE ( 'NONE', #369, 0.05000000000000012768 ) ;
#2117 = DIRECTION ( 'NONE',  ( 0.000000000000000000, 0.000000000000000000, 1.000000000000000000 ) ) ;
#2118 = DIRECTION ( 'NONE',  ( -0.000000000000000000, 0.000000000000000000, -1.000000000000000000 ) ) ;
#2119 = EDGE_CURVE ( 'NONE', #425, #1513, #496, .T. ) ;
#2120 = CARTESIAN_POINT ( 'NONE',  ( -0.4961224367392622625, -0.3314104039620769937, -1.399999999999999467 ) ) ;
#2121 = ORIENTED_EDGE ( 'NONE', *, *, #6473, .F. ) ;
#2122 = CARTESIAN_POINT ( 'NONE',  ( 1.951983863590748269, -0.02544950997319615077, 0.9946581533772150818 ) ) ;
#2123 = CIRCLE ( 'NONE', #9105, 0.1000000000000000472 ) ;
#2124 = CARTESIAN_POINT ( 'NONE',  ( 1.250000000000000000, 0.000000000000000000, 2.125000000000000000 ) ) ;
#2125 = ORIENTED_EDGE ( 'NONE', *, *, #7521, .T. ) ;
#2126 = CIRCLE ( 'NONE', #3425, 0.1499999999999999667 ) ;
#2127 = PLANE ( 'NONE',  #2717 ) ;
#2128 = CARTESIAN_POINT ( 'NONE',  ( -1.867386645469348405, 1.897353801849632760E-16, -1.060417588806084721 ) ) ;
#2129 = CARTESIAN_POINT ( 'NONE',  ( 0.6506347602098605520, -0.1000000000000000472, -1.149999999999999911 ) ) ;
#2130 = CARTESIAN_POINT ( 'NONE',  ( -1.845392560103486179, -0.1000000000000000056, 1.399999999999999245 ) ) ;
#2131 = ADVANCED_FACE ( 'NONE', ( #551 ), #644, .T. ) ;
#2132 = CARTESIAN_POINT ( 'NONE',  ( -1.917386645469349782, -0.6650180178729041547, -0.3949867687062132426 ) ) ;
#2133 = ORIENTED_EDGE ( 'NONE', *, *, #6512, .T. ) ;
#2134 = VERTEX_POINT ( 'NONE', #8230 ) ;
#2135 = CARTESIAN_POINT ( 'NONE',  ( -1.717386645469347606, -0.1499999999999999667, 1.350000000000000311 ) ) ;
#2136 = VERTEX_POINT ( 'NONE', #3613 ) ;
#2137 = EDGE_LOOP ( 'NONE', ( #8777, #6828, #6381, #2386 ) ) ;
#2138 = ORIENTED_EDGE ( 'NONE', *, *, #147, .T. ) ;
#2139 = ADVANCED_FACE ( 'NONE', ( #9807 ), #3633, .T. ) ;
#2140 = CARTESIAN_POINT ( 'NONE',  ( -2.017386645469348316, -0.09999999999999965861, -0.4218284553639131129 ) ) ;
#2141 = CARTESIAN_POINT ( 'NONE',  ( -1.845392560103486179, 0.000000000000000000, -1.399999999999999245 ) ) ;
#2142 =( BOUNDED_SURFACE ( )  B_SPLINE_SURFACE ( 3, 2, ( 
 ( #3256, #8685, #5652 ),
 ( #8734, #1792, #1048 ),
 ( #501, #8134, #5144 ),
 ( #1297, #2268, #8179 ),
 ( #554, #735, #2699 ),
 ( #3513, #5093, #8287 ) ),
 .UNSPECIFIED., .F., .F., .T. ) 
 B_SPLINE_SURFACE_WITH_KNOTS ( ( 4, 2, 4 ),
 ( 3, 3 ),
 ( 6.283185307179586232, 7.068583470577034511, 7.853981633974482790 ),
 ( 0.000000000000000000, 1.000000000000000000 ),
 .UNSPECIFIED. ) 
 GEOMETRIC_REPRESENTATION_ITEM ( )  RATIONAL_B_SPLINE_SURFACE ( (
 ( 1.000000000000000000, 0.7071067811865475727, 1.000000000000000000),
 ( 1.000000000000000000, 0.7046656863073649246, 1.000000000000000000),
 ( 1.000000000000000000, 0.7904627460187341192, 1.000000000000000000),
 ( 1.000000000000000000, 0.9415880615501419637, 1.000000000000000000),
 ( 1.000000000000000000, 1.002684731167229115, 1.000000000000000000),
 ( 1.000000000000000000, 1.000000000000000000, 1.000000000000000000) ) ) 
 REPRESENTATION_ITEM ( '' )  SURFACE ( )  );
#2143 = LINE ( 'NONE', #2807, #3077 ) ;
#2144 = EDGE_CURVE ( 'NONE', #8999, #7968, #4610, .T. ) ;
#2145 = ORIENTED_EDGE ( 'NONE', *, *, #7605, .F. ) ;
#2146 = DIRECTION ( 'NONE',  ( 0.000000000000000000, 0.000000000000000000, 1.000000000000000000 ) ) ;
#2147 = DIRECTION ( 'NONE',  ( 0.000000000000000000, 6.982962677686266711E-15, -1.000000000000000000 ) ) ;
#2148 = CARTESIAN_POINT ( 'NONE',  ( 2.100000000000000089, -0.3653699307730465806, 0.3499999999999999778 ) ) ;
#2149 = VERTEX_POINT ( 'NONE', #2329 ) ;
#2150 = ORIENTED_EDGE ( 'NONE', *, *, #9839, .T. ) ;
#2151 = EDGE_CURVE ( 'NONE', #9737, #1540, #9868, .T. ) ;
#2152 = CARTESIAN_POINT ( 'NONE',  ( 0.6506347602098602190, -0.1000000000000000472, -1.349999999999999867 ) ) ;
#2153 = CARTESIAN_POINT ( 'NONE',  ( -1.995392560103486090, -0.1000000000000000056, -1.138612766526183817 ) ) ;
#2154 = ADVANCED_FACE ( 'NONE', ( #7910 ), #8666, .F. ) ;
#2155 = FACE_OUTER_BOUND ( 'NONE', #7081, .T. ) ;
#2156 = LINE ( 'NONE', #820, #6635 ) ;
#2157 = DIRECTION ( 'NONE',  ( 0.000000000000000000, 0.01745240643728520474, -0.9998476951563912696 ) ) ;
#2158 = DIRECTION ( 'NONE',  ( 1.000000000000000000, 0.000000000000000000, -0.000000000000000000 ) ) ;
#2159 = ORIENTED_EDGE ( 'NONE', *, *, #8378, .T. ) ;
#2160 = ORIENTED_EDGE ( 'NONE', *, *, #5833, .F. ) ;
#2161 = EDGE_CURVE ( 'NONE', #8031, #6554, #8083, .T. ) ;
#2162 = CIRCLE ( 'NONE', #4922, 0.3999999999999999112 ) ;
#2163 = DIRECTION ( 'NONE',  ( 0.000000000000000000, 0.000000000000000000, 1.000000000000000000 ) ) ;
#2164 = CARTESIAN_POINT ( 'NONE',  ( -2.019612439772661805, -0.6947730772922479092, 0.3252409048719711038 ) ) ;
#2165 = CARTESIAN_POINT ( 'NONE',  ( 2.017386645469349649, -0.6749733485972154723, 0.2732083267843511964 ) ) ;
#2166 = ORIENTED_EDGE ( 'NONE', *, *, #9686, .F. ) ;
#2167 = DIRECTION ( 'NONE',  ( -1.000000000000000000, 1.232595164407830946E-32, -1.665334536937734811E-16 ) ) ;
#2168 = DIRECTION ( 'NONE',  ( 2.168404344971008079E-15, 1.000000000000000000, -0.000000000000000000 ) ) ;
#2169 = EDGE_CURVE ( 'NONE', #6966, #6262, #2405, .T. ) ;
#2170 = CIRCLE ( 'NONE', #7682, 0.05000000000000012768 ) ;
#2171 = DIRECTION ( 'NONE',  ( 0.000000000000000000, 0.9998476951563911586, 0.01745240643728365737 ) ) ;
#2172 = PLANE ( 'NONE',  #3335 ) ;
#2173 = DIRECTION ( 'NONE',  ( 0.000000000000000000, 1.000000000000000000, 0.000000000000000000 ) ) ;
#2174 = PLANE ( 'NONE',  #6572 ) ;
#2175 = CARTESIAN_POINT ( 'NONE',  ( 2.017386645469349649, -0.6650180178729041547, 0.9299338753735262308 ) ) ;
#2176 = CARTESIAN_POINT ( 'NONE',  ( -1.617386645469349959, -0.9650180178729041991, 0.7718015200835194323 ) ) ;
#2177 = ORIENTED_EDGE ( 'NONE', *, *, #1349, .T. ) ;
#2178 = VECTOR ( 'NONE', #2631, 1000.000000000000000 ) ;
#2179 = CARTESIAN_POINT ( 'NONE',  ( -2.017386645469349649, -0.6650180178729041547, 0.2471919620098809445 ) ) ;
#2180 = EDGE_LOOP ( 'NONE', ( #6309, #2254, #6350, #6091 ) ) ;
#2181 = ORIENTED_EDGE ( 'NONE', *, *, #8253, .F. ) ;
#2182 = DIRECTION ( 'NONE',  ( 1.000000000000000000, 0.000000000000000000, 0.000000000000000000 ) ) ;
#2183 = VECTOR ( 'NONE', #8142, 1000.000000000000000 ) ;
#2184 = CARTESIAN_POINT ( 'NONE',  ( 0.4961224367392622625, -0.1000000000000000056, 1.382258232211409421 ) ) ;
#2185 = AXIS2_PLACEMENT_3D ( 'NONE', #3889, #6136, #6989 ) ;
#2186 = DIRECTION ( 'NONE',  ( 0.000000000000000000, 0.000000000000000000, -1.000000000000000000 ) ) ;
#2187 = CARTESIAN_POINT ( 'NONE',  ( -2.617386645469350182, -0.4650180178729040326, 0.2774175960637573213 ) ) ;
#2188 = ORIENTED_EDGE ( 'NONE', *, *, #8163, .T. ) ;
#2189 = EDGE_CURVE ( 'NONE', #9750, #9790, #5463, .T. ) ;
#2190 = DIRECTION ( 'NONE',  ( -0.4148739022949275990, 0.9098789178756583329, 0.000000000000000000 ) ) ;
#2191 = ORIENTED_EDGE ( 'NONE', *, *, #9420, .T. ) ;
#2192 = DIRECTION ( 'NONE',  ( -0.4148739022949276545, 0.9098789178756583329, 0.000000000000000000 ) ) ;
#2193 = ORIENTED_EDGE ( 'NONE', *, *, #829, .F. ) ;
#2194 = ORIENTED_EDGE ( 'NONE', *, *, #7163, .F. ) ;
#2195 = AXIS2_PLACEMENT_3D ( 'NONE', #2841, #3556, #9756 ) ;
#2196 = EDGE_CURVE ( 'NONE', #6646, #440, #939, .T. ) ;
#2197 = DIRECTION ( 'NONE',  ( 7.216449660063511596E-16, 1.844077921750776687E-32, -1.000000000000000000 ) ) ;
#2198 = CARTESIAN_POINT ( 'NONE',  ( -1.945483346733081431, -0.02184847652368794926, 0.4218284553639131684 ) ) ;
#2199 = CARTESIAN_POINT ( 'NONE',  ( -2.017386645469349649, -0.5319001915892691557, -0.4166395980621656614 ) ) ;
#2200 = AXIS2_PLACEMENT_3D ( 'NONE', #9570, #5066, #3590 ) ;
#2201 = CARTESIAN_POINT ( 'NONE',  ( -1.917386645469348450, -0.1499999999999995226, 0.4218284553639131129 ) ) ;
#2202 = EDGE_CURVE ( 'NONE', #9952, #6106, #3191, .T. ) ;
#2203 = CARTESIAN_POINT ( 'NONE',  ( -1.224999999999999645, -1.050000000000000044, 2.083410071915997808 ) ) ;
#2204 = ORIENTED_EDGE ( 'NONE', *, *, #8938, .T. ) ;
#2205 = ORIENTED_EDGE ( 'NONE', *, *, #3381, .T. ) ;
#2206 = EDGE_CURVE ( 'NONE', #6106, #8661, #8989, .T. ) ;
#2207 = STYLED_ITEM ( 'NONE', ( #870 ), #7906 ) ;
#2208 = DIRECTION ( 'NONE',  ( 0.000000000000000000, 0.000000000000000000, 1.000000000000000000 ) ) ;
#2209 = CARTESIAN_POINT ( 'NONE',  ( -0.9237652542620761187, 0.000000000000000000, -1.201033706287569558 ) ) ;
#2210 = CARTESIAN_POINT ( 'NONE',  ( 1.922673550877665116, -0.7225998826769935990, -0.3377769259671095092 ) ) ;
#2211 = EDGE_CURVE ( 'NONE', #1540, #9801, #4766, .T. ) ;
#2212 = DIRECTION ( 'NONE',  ( 0.003785234241461365827, 0.000000000000000000, -0.9999928359752070506 ) ) ;
#2213 = ORIENTED_EDGE ( 'NONE', *, *, #1349, .F. ) ;
#2214 = LINE ( 'NONE', #8513, #9487 ) ;
#2215 = PRODUCT_DEFINITION_CONTEXT ( 'detailed design', #3149, 'design' ) ;
#2216 = AXIS2_PLACEMENT_3D ( 'NONE', #2718, #9516, #1856 ) ;
#2217 = PLANE ( 'NONE',  #1184 ) ;
#2218 = ORIENTED_EDGE ( 'NONE', *, *, #6073, .F. ) ;
#2219 = CIRCLE ( 'NONE', #3843, 0.04999999999999980155 ) ;
#2220 = DIRECTION ( 'NONE',  ( 0.000000000000000000, -1.000000000000000000, 0.000000000000000000 ) ) ;
#2221 = CARTESIAN_POINT ( 'NONE',  ( 2.017386645469349649, -0.5000000000000000000, 0.4218284553639131129 ) ) ;
#2222 = CARTESIAN_POINT ( 'NONE',  ( -1.199999999999999956, -0.05000000000000002359, 1.875000000000000222 ) ) ;
#2223 = ADVANCED_FACE ( 'NONE', ( #6290 ), #9382, .T. ) ;
#2224 = CARTESIAN_POINT ( 'NONE',  ( -0.5021770737035819998, -0.01074266431494813774, -1.307229843936599911 ) ) ;
#2225 = VECTOR ( 'NONE', #8367, 1000.000000000000000 ) ;
#2226 = ADVANCED_FACE ( 'NONE', ( #7858 ), #7098, .T. ) ;
#2227 = LINE ( 'NONE', #4319, #6397 ) ;
#2228 = ORIENTED_EDGE ( 'NONE', *, *, #331, .F. ) ;
#2229 = ORIENTED_EDGE ( 'NONE', *, *, #5072, .F. ) ;
#2230 = DIRECTION ( 'NONE',  ( 0.000000000000000000, 1.000000000000000000, 0.000000000000000000 ) ) ;
#2231 = EDGE_LOOP ( 'NONE', ( #43, #9698, #6877, #1133 ) ) ;
#2232 = ORIENTED_EDGE ( 'NONE', *, *, #9307, .T. ) ;
#2233 = VECTOR ( 'NONE', #5852, 1000.000000000000000 ) ;
#2234 = CARTESIAN_POINT ( 'NONE',  ( 2.061603504615511895, -0.9661284766226084786, 0.5089130437341072843 ) ) ;
#2235 = CARTESIAN_POINT ( 'NONE',  ( 2.020113738547627324, -0.6981050809571057725, 0.3355760261929034982 ) ) ;
#2236 = DIRECTION ( 'NONE',  ( -1.000000000000000000, 0.000000000000000000, 0.000000000000000000 ) ) ;
#2237 = LINE ( 'NONE', #4425, #366 ) ;
#2238 = ADVANCED_FACE ( 'NONE', ( #6339 ), #2482, .F. ) ;
#2239 = CARTESIAN_POINT ( 'NONE',  ( 1.921971493378024975, -0.7172663471749908259, 0.3450331956458760341 ) ) ;
#2241 = ORIENTED_EDGE ( 'NONE', *, *, #5075, .F. ) ;
#2240 = CARTESIAN_POINT ( 'NONE',  ( -1.995392560103486090, -0.1000000000000000056, 0.9886127665261836839 ) ) ;
#2242 = CARTESIAN_POINT ( 'NONE',  ( -0.4031328269139799469, -0.1000000000000000056, 1.284067340000763613 ) ) ;
#2243 = ORIENTED_EDGE ( 'NONE', *, *, #8344, .T. ) ;
#2244 = CARTESIAN_POINT ( 'NONE',  ( 1.200000000000000178, 0.000000000000000000, 2.075000000000000178 ) ) ;
#2245 = VERTEX_POINT ( 'NONE', #3288 ) ;
#2246 = ORIENTED_EDGE ( 'NONE', *, *, #4493, .T. ) ;
#2247 = AXIS2_PLACEMENT_3D ( 'NONE', #5117, #8207, #4347 ) ;
#2248 = CARTESIAN_POINT ( 'NONE',  ( 1.224999999999999867, -0.4499999999999999001, 1.750000000000000000 ) ) ;
#2249 = CARTESIAN_POINT ( 'NONE',  ( 0.4961224367392622625, -0.3314104039620753284, -1.299999999999999600 ) ) ;
#2250 = LINE ( 'NONE', #5362, #4352 ) ;
#2251 = DIRECTION ( 'NONE',  ( -2.775557561562887653E-17, 1.232595164407829304E-32, 1.000000000000000000 ) ) ;
#2252 = DIRECTION ( 'NONE',  ( 1.000000000000000000, 3.333062883800339623E-16, 0.000000000000000000 ) ) ;
#2253 = EDGE_CURVE ( 'NONE', #3713, #8555, #2278, .T. ) ;
#2254 = ORIENTED_EDGE ( 'NONE', *, *, #7904, .F. ) ;
#2255 = CIRCLE ( 'NONE', #1627, 0.1499999999999999667 ) ;
#2256 = VECTOR ( 'NONE', #348, 1000.000000000000000 ) ;
#2257 = ORIENTED_EDGE ( 'NONE', *, *, #4614, .F. ) ;
#2258 = ORIENTED_EDGE ( 'NONE', *, *, #9358, .F. ) ;
#2259 = DIRECTION ( 'NONE',  ( 0.000000000000000000, 1.000000000000000000, 0.000000000000000000 ) ) ;
#2260 = DIRECTION ( 'NONE',  ( 0.000000000000000000, 0.1017606285048217735, 0.9948089135539064376 ) ) ;
#2261 = VECTOR ( 'NONE', #4687, 1000.000000000000000 ) ;
#2262 = SPHERICAL_SURFACE ( 'NONE', #8888, 0.05000000000000000278 ) ;
#2263 = CARTESIAN_POINT ( 'NONE',  ( -2.111012748687672858, -0.9137987518143187993, -0.3369225578399879795 ) ) ;
#2264 = CARTESIAN_POINT ( 'NONE',  ( -4.336808689942017736E-16, -1.269999999999999796, -1.192622389734054877E-15 ) ) ;
#2265 = ORIENTED_EDGE ( 'NONE', *, *, #5256, .F. ) ;
#2266 = ADVANCED_FACE ( 'NONE', ( #9691 ), #7355, .T. ) ;
#2267 = DIRECTION ( 'NONE',  ( 0.000000000000000000, 1.000000000000000000, 0.000000000000000000 ) ) ;
#2268 = CARTESIAN_POINT ( 'NONE',  ( 1.306353606437958836, -0.1590460791332526380, 1.340953920866748028 ) ) ;
#2269 = CIRCLE ( 'NONE', #5062, 0.4000000000000000222 ) ;
#2270 = CARTESIAN_POINT ( 'NONE',  ( 1.850000000000000089, -0.1000000000000000472, -1.199999999999999734 ) ) ;
#2271 = ORIENTED_EDGE ( 'NONE', *, *, #8740, .T. ) ;
#2272 = AXIS2_PLACEMENT_3D ( 'NONE', #3507, #344, #1831 ) ;
#2273 = MECHANICAL_DESIGN_GEOMETRIC_PRESENTATION_REPRESENTATION (  '', ( #7951 ), #3087 ) ;
#2274 = ADVANCED_FACE ( 'NONE', ( #9635 ), #8063, .F. ) ;
#2275 = CARTESIAN_POINT ( 'NONE',  ( 1.274999999999999911, -0.09999999999999976963, 2.149999999999999911 ) ) ;
#2276 = DIRECTION ( 'NONE',  ( 0.7071067811865479058, 0.000000000000000000, -0.7071067811865471286 ) ) ;
#2277 = CARTESIAN_POINT ( 'NONE',  ( -1.210622227010552665, -0.1066689108287635357, 2.124135258434745044 ) ) ;
#2278 = LINE ( 'NONE', #8774, #741 ) ;
#2279 = ADVANCED_FACE ( 'NONE', ( #332 ), #6489, .F. ) ;
#2280 = CARTESIAN_POINT ( 'NONE',  ( 1.899999999999999911, -7.560171795458674460, -1.199999999999999734 ) ) ;
#2281 = ORIENTED_EDGE ( 'NONE', *, *, #1484, .F. ) ;
#2282 = DIRECTION ( 'NONE',  ( 1.000000000000000000, 0.000000000000000000, 0.000000000000000000 ) ) ;
#2283 = ORIENTED_EDGE ( 'NONE', *, *, #9272, .F. ) ;
#2284 = ORIENTED_EDGE ( 'NONE', *, *, #1750, .F. ) ;
#2285 = VECTOR ( 'NONE', #8028, 1000.000000000000000 ) ;
#2286 = ADVANCED_FACE ( 'NONE', ( #486 ), #434, .T. ) ;
#2287 = PLANE ( 'NONE',  #6755 ) ;
#2288 = CARTESIAN_POINT ( 'NONE',  ( 2.020611199511437306, -0.6946228142421513319, 0.3252409048719890339 ) ) ;
#2289 = CARTESIAN_POINT ( 'NONE',  ( 2.017386645469349649, -0.7084630654528190075, -1.510468355502019744 ) ) ;
#2290 = AXIS2_PLACEMENT_3D ( 'NONE', #8340, #9820, #5297 ) ;
#2291 = DIRECTION ( 'NONE',  ( -0.000000000000000000, -1.000000000000000000, -0.000000000000000000 ) ) ;
#2292 = DIRECTION ( 'NONE',  ( 0.000000000000000000, -1.000000000000000000, 0.000000000000000000 ) ) ;
#2294 = ORIENTED_EDGE ( 'NONE', *, *, #5265, .T. ) ;
#2293 = DIRECTION ( 'NONE',  ( -1.000000000000000000, 0.000000000000000000, 0.000000000000000000 ) ) ;
#2295 = AXIS2_PLACEMENT_3D ( 'NONE', #9996, #5380, #6143 ) ;
#2296 = CARTESIAN_POINT ( 'NONE',  ( -1.899999999999999689, -0.6548169886614644275, -0.3499999999999999778 ) ) ;
#2297 = ORIENTED_EDGE ( 'NONE', *, *, #3400, .T. ) ;
#2298 = CARTESIAN_POINT ( 'NONE',  ( -1.301148175457528033, -0.6083740602123943741, 1.300000000000000266 ) ) ;
#2299 = ORIENTED_EDGE ( 'NONE', *, *, #5888, .F. ) ;
#2300 = EDGE_LOOP ( 'NONE', ( #3085, #7831, #3329, #9379, #3120, #2698 ) ) ;
#2301 = EDGE_CURVE ( 'NONE', #1398, #4149, #384, .T. ) ;
#2302 = CARTESIAN_POINT ( 'NONE',  ( 2.299999999999999378, -1.419999999999999929, 1.100000000000000089 ) ) ;
#2303 = B_SPLINE_CURVE_WITH_KNOTS ( 'NONE', 3,
 ( #1979, #5077, #1185, #8166, #5788, #4249, #3390, #3339, #3494, #1774, #4304, #1235, #5636, #7402, #9587, #3546, #1032, #4919, #2532, #8719, #2629, #4866 ),
 .UNSPECIFIED., .F., .F.,
 ( 4, 3, 3, 3, 3, 3, 3, 4 ),
 ( 5.287083852423186217E-18, 1.322264898369725186E-05, 2.426332886549520453E-05, 3.536281108264496034E-05, 4.560914692752927592E-05, 5.947385017127634671E-05, 8.048816613538964458E-05, 0.0001068825818247104106 ),
 .UNSPECIFIED. ) ;
#2304 = CARTESIAN_POINT ( 'NONE',  ( -0.4961224367392622625, -0.1000000000000000056, 1.382258232211409421 ) ) ;
#2305 = CARTESIAN_POINT ( 'NONE',  ( 1.344983577402405039, -0.1000000000000000056, 1.397023181841392958 ) ) ;
#2306 = CARTESIAN_POINT ( 'NONE',  ( -1.344983577402405039, -0.1000000000000000056, 1.400000000000000355 ) ) ;
#2307 = DIRECTION ( 'NONE',  ( 0.9098789178756583329, -0.4148739022949274324, -0.000000000000000000 ) ) ;
#2308 = AXIS2_PLACEMENT_3D ( 'NONE', #1674, #4085, #1763 ) ;
#2309 = ORIENTED_EDGE ( 'NONE', *, *, #9999, .F. ) ;
#2310 = ORIENTED_EDGE ( 'NONE', *, *, #4019, .F. ) ;
#2311 = EDGE_LOOP ( 'NONE', ( #6730, #456, #7866, #2284 ) ) ;
#2312 = CARTESIAN_POINT ( 'NONE',  ( 2.017386645469349649, -0.6650180178729041547, 0.9299338753735262308 ) ) ;
#2313 = LINE ( 'NONE', #2209, #4656 ) ;
#2314 = DIRECTION ( 'NONE',  ( -0.9098789178756583329, 0.4148739022949274324, 0.000000000000000000 ) ) ;
#2315 = LINE ( 'NONE', #5478, #9777 ) ;
#2316 = CARTESIAN_POINT ( 'NONE',  ( 1.250000000000000000, -0.05000000000000002359, 0.000000000000000000 ) ) ;
#2317 = EDGE_LOOP ( 'NONE', ( #2218, #1569, #5484, #1239, #6119, #2970, #435, #7767, #7749, #4617, #8632, #3906, #1483, #2912, #1604, #2090 ) ) ;
#2318 = CARTESIAN_POINT ( 'NONE',  ( -1.224999999999999645, -1.050000000000000044, 1.849999999999999867 ) ) ;
#2319 = CARTESIAN_POINT ( 'NONE',  ( 0.000000000000000000, -0.1999999999999998168, 1.208497736014245927 ) ) ;
#2320 = EDGE_CURVE ( 'NONE', #4492, #3293, #4093, .T. ) ;
#2321 = VECTOR ( 'NONE', #5190, 1000.000000000000114 ) ;
#2322 = B_SPLINE_CURVE_WITH_KNOTS ( 'NONE', 3,
 ( #4380, #9915, #5296, #6711, #9819, #6059, #4423, #2856, #2094, #9151, #7529, #611, #7061 ),
 .UNSPECIFIED., .F., .F.,
 ( 4, 3, 3, 3, 4 ),
 ( 1.355252715606880543E-20, 1.589160865562100832E-05, 3.165321463463855692E-05, 4.900479106062360918E-05, 5.255527532440242412E-05 ),
 .UNSPECIFIED. ) ;
#2323 = ORIENTED_EDGE ( 'NONE', *, *, #8034, .T. ) ;
#2324 = EDGE_CURVE ( 'NONE', #3792, #4035, #5023, .T. ) ;
#2325 = CYLINDRICAL_SURFACE ( 'NONE', #7581, 0.04999999999999980155 ) ;
#2326 = DIRECTION ( 'NONE',  ( -1.000000000000000000, -1.540743955509786767E-32, -2.775557561562887653E-17 ) ) ;
#2327 = AXIS2_PLACEMENT_3D ( 'NONE', #2418, #6282, #9374 ) ;
#2328 = CARTESIAN_POINT ( 'NONE',  ( 1.274999999999999911, -0.4999999999999998890, 1.800000000000000044 ) ) ;
#2329 = CARTESIAN_POINT ( 'NONE',  ( -1.194983577402405128, -0.1000000000000000056, 1.247023181841393047 ) ) ;
#2330 = DIRECTION ( 'NONE',  ( -0.000000000000000000, -1.000000000000000000, 9.346570452461245599E-18 ) ) ;
#2331 = EDGE_CURVE ( 'NONE', #8474, #4844, #7032, .T. ) ;
#2332 = ORIENTED_EDGE ( 'NONE', *, *, #7173, .T. ) ;
#2333 = DIRECTION ( 'NONE',  ( -0.000000000000000000, 0.000000000000000000, 1.000000000000000000 ) ) ;
#2334 = EDGE_LOOP ( 'NONE', ( #6661, #9965, #8912, #5886 ) ) ;
#2335 = ORIENTED_EDGE ( 'NONE', *, *, #8114, .T. ) ;
#2336 = AXIS2_PLACEMENT_3D ( 'NONE', #477, #1276, #627 ) ;
#2337 = EDGE_CURVE ( 'NONE', #8849, #8238, #2303, .T. ) ;
#2338 = CARTESIAN_POINT ( 'NONE',  ( 2.061603504581345003, -0.9661284766381847966, 0.7661930767256397434 ) ) ;
#2339 = LINE ( 'NONE', #5398, #1412 ) ;
#2340 = CARTESIAN_POINT ( 'NONE',  ( 1.956312538222585440, -0.5745186493193499278, 0.4816873910456410668 ) ) ;
#2341 = CARTESIAN_POINT ( 'NONE',  ( -1.899999999999999689, -7.560171795458674460, 1.099999999999999867 ) ) ;
#2342 = DIRECTION ( 'NONE',  ( 1.000000000000000000, 0.000000000000000000, 0.000000000000000000 ) ) ;
#2344 = ORIENTED_EDGE ( 'NONE', *, *, #1012, .T. ) ;
#2343 = CARTESIAN_POINT ( 'NONE',  ( -1.845392560103486179, -0.1000000000000000056, -1.399999999999999245 ) ) ;
#2345 = ADVANCED_FACE ( 'NONE', ( #7961 ), #1080, .F. ) ;
#2346 = FACE_OUTER_BOUND ( 'NONE', #6367, .T. ) ;
#2347 = UNCERTAINTY_MEASURE_WITH_UNIT (LENGTH_MEASURE( 1.000000000000000082E-05 ), #8693, 'distance_accuracy_value', 'NONE');
#2348 = ORIENTED_EDGE ( 'NONE', *, *, #575, .F. ) ;
#2349 = DIRECTION ( 'NONE',  ( 0.000000000000000000, -0.000000000000000000, 1.000000000000000000 ) ) ;
#2350 = ORIENTED_EDGE ( 'NONE', *, *, #5382, .F. ) ;
#2351 = ORIENTED_EDGE ( 'NONE', *, *, #4810, .F. ) ;
#2352 = AXIS2_PLACEMENT_3D ( 'NONE', #7321, #8788, #4263 ) ;
#2353 = CARTESIAN_POINT ( 'NONE',  ( 1.274999999999999911, -1.050000000000000044, 1.800000000000000044 ) ) ;
#2354 = CARTESIAN_POINT ( 'NONE',  ( 1.700000000000000178, -0.1000000000000000472, -1.349999999999999867 ) ) ;
#2355 = DIRECTION ( 'NONE',  ( 0.000000000000000000, 1.000000000000000000, 0.000000000000000000 ) ) ;
#2356 = CARTESIAN_POINT ( 'NONE',  ( -2.017386645469348316, -0.1499999999999991895, 0.4218284553639131129 ) ) ;
#2357 = EDGE_CURVE ( 'NONE', #6117, #9112, #2579, .T. ) ;
#2358 = FACE_OUTER_BOUND ( 'NONE', #5504, .T. ) ;
#2359 = CARTESIAN_POINT ( 'NONE',  ( 1.700000000000000178, -0.1500000000000000777, -1.349999999999999645 ) ) ;
#2360 = VECTOR ( 'NONE', #9682, 1000.000000000000000 ) ;
#2361 = EDGE_LOOP ( 'NONE', ( #9681, #8014, #1333, #8636 ) ) ;
#2362 = EDGE_CURVE ( 'NONE', #1301, #6287, #4356, .T. ) ;
#2363 = ORIENTED_EDGE ( 'NONE', *, *, #7227, .T. ) ;
#2364 = ORIENTED_EDGE ( 'NONE', *, *, #3703, .F. ) ;
#2365 = CARTESIAN_POINT ( 'NONE',  ( -0.6461224367392621737, 0.000000000000000000, -1.201033706287569558 ) ) ;
#2366 = CIRCLE ( 'NONE', #8041, 0.2278784632047899938 ) ;
#2367 = DIRECTION ( 'NONE',  ( 0.000000000000000000, 0.000000000000000000, -1.000000000000000000 ) ) ;
#2368 = LINE ( 'NONE', #9990, #7503 ) ;
#2369 = DIRECTION ( 'NONE',  ( 2.465190328815661071E-32, -1.000000000000000000, -1.232595164407830125E-32 ) ) ;
#2370 = ORIENTED_EDGE ( 'NONE', *, *, #6878, .T. ) ;
#2371 = DIRECTION ( 'NONE',  ( -3.210413239761970931E-15, 0.9870278567456314267, -0.1605490890915466096 ) ) ;
#2372 = DIRECTION ( 'NONE',  ( 0.000000000000000000, 0.000000000000000000, 1.000000000000000000 ) ) ;
#2373 = TOROIDAL_SURFACE ( 'NONE', #3016, 0.3664636981603575094, 0.08000000000000000167 ) ;
#2374 = VERTEX_POINT ( 'NONE', #2979 ) ;
#2375 = DIRECTION ( 'NONE',  ( -0.000000000000000000, -1.000000000000000000, -0.000000000000000000 ) ) ;
#2376 = EDGE_CURVE ( 'NONE', #4785, #2463, #5939, .T. ) ;
#2377 = DIRECTION ( 'NONE',  ( -2.775557561562887653E-17, 1.232595164407829304E-32, 1.000000000000000000 ) ) ;
#2378 = CARTESIAN_POINT ( 'NONE',  ( -1.916386645469349892, -0.6877039065132627416, -0.3925348923458470418 ) ) ;
#2379 = AXIS2_PLACEMENT_3D ( 'NONE', #4288, #1067, #3320 ) ;
#2380 = CARTESIAN_POINT ( 'NONE',  ( -2.005081564836367125, -0.7618219283150701182, -0.9157532022455884269 ) ) ;
#2381 = CARTESIAN_POINT ( 'NONE',  ( -1.499999999999999556, -1.419999999999999929, -0.6999999999999999556 ) ) ;
#2382 = ORIENTED_EDGE ( 'NONE', *, *, #1371, .F. ) ;
#2383 = ADVANCED_FACE ( 'NONE', ( #9033 ), #1283, .F. ) ;
#2384 = CARTESIAN_POINT ( 'NONE',  ( 1.899999999999999911, -1.269999999999999352, -1.199999999999999734 ) ) ;
#2385 = ORIENTED_EDGE ( 'NONE', *, *, #9008, .F. ) ;
#2386 = ORIENTED_EDGE ( 'NONE', *, *, #4897, .F. ) ;
#2387 = AXIS2_PLACEMENT_3D ( 'NONE', #548, #9645, #6694 ) ;
#2388 = LINE ( 'NONE', #3765, #3992 ) ;
#2389 = CARTESIAN_POINT ( 'NONE',  ( 1.750719978802683707, -0.4316846845395708177, 0.2774175960637573213 ) ) ;
#2390 = DIRECTION ( 'NONE',  ( -0.4148739022949277100, -0.9098789178756582219, 0.000000000000000000 ) ) ;
#2391 = CARTESIAN_POINT ( 'NONE',  ( -0.4961224367392622625, -1.178293477248595122, -1.315980034511265773 ) ) ;
#2392 = CARTESIAN_POINT ( 'NONE',  ( -2.061603504615495464, -0.9661284766226158061, 0.5089130437340408930 ) ) ;
#2394 = ORIENTED_EDGE ( 'NONE', *, *, #2668, .F. ) ;
#2393 = CARTESIAN_POINT ( 'NONE',  ( 1.344983577402405039, 0.000000000000000000, 1.400000000000000355 ) ) ;
#2395 = DIRECTION ( 'NONE',  ( 0.000000000000000000, 0.000000000000000000, 1.000000000000000000 ) ) ;
#2396 = ORIENTED_EDGE ( 'NONE', *, *, #925, .T. ) ;
#2397 = ADVANCED_FACE ( 'NONE', ( #5274 ), #9178, .F. ) ;
#2398 = CARTESIAN_POINT ( 'NONE',  ( 2.017386645469349649, -0.6650180178729037106, 0.9299338753735262308 ) ) ;
#2399 = ORIENTED_EDGE ( 'NONE', *, *, #7717, .T. ) ;
#2400 = ORIENTED_EDGE ( 'NONE', *, *, #8356, .F. ) ;
#2401 = EDGE_CURVE ( 'NONE', #956, #6943, #4450, .T. ) ;
#2402 = DIRECTION ( 'NONE',  ( 0.000000000000000000, 0.000000000000000000, 1.000000000000000000 ) ) ;
#2403 = CARTESIAN_POINT ( 'NONE',  ( 1.699999999999999734, -1.269999999999999796, -0.5000000000000001110 ) ) ;
#2404 =( LENGTH_UNIT ( ) NAMED_UNIT ( * ) SI_UNIT ( .MILLI., .METRE. ) );
#2405 = CIRCLE ( 'NONE', #9631, 0.05000000000000002359 ) ;
#2406 = DIRECTION ( 'NONE',  ( -0.000000000000000000, -1.000000000000000000, -0.000000000000000000 ) ) ;
#2407 = CARTESIAN_POINT ( 'NONE',  ( -1.917386645469349782, -0.4676805559526472367, 0.02182845536391306990 ) ) ;
#2408 = ORIENTED_EDGE ( 'NONE', *, *, #9073, .F. ) ;
#2409 = EDGE_LOOP ( 'NONE', ( #6453, #8314, #5677, #6920 ) ) ;
#2410 = ORIENTED_EDGE ( 'NONE', *, *, #9107, .T. ) ;
#2411 = CLOSED_SHELL ( 'NONE', ( #4444, #4171, #3351, #5893, #6673, #2484, #2397 ) ) ;
#2412 = EDGE_CURVE ( 'NONE', #5961, #8474, #7553, .T. ) ;
#2413 = CARTESIAN_POINT ( 'NONE',  ( -1.917386645469350004, -0.7078323662991684584, 0.9252032356380566203 ) ) ;
#2414 = FACE_OUTER_BOUND ( 'NONE', #2514, .T. ) ;
#2415 = FACE_OUTER_BOUND ( 'NONE', #7473, .T. ) ;
#2416 = CARTESIAN_POINT ( 'NONE',  ( -2.031274207352990135, -0.9799576066991059209, -0.4816873910456422325 ) ) ;
#2417 = PLANE ( 'NONE',  #4908 ) ;
#2418 = CARTESIAN_POINT ( 'NONE',  ( 0.4961224367392622625, -1.178293477248595122, -1.515980034511265950 ) ) ;
#2419 = CIRCLE ( 'NONE', #8262, 0.04999999999999991257 ) ;
#2420 = ORIENTED_EDGE ( 'NONE', *, *, #5072, .T. ) ;
#2421 = DIRECTION ( 'NONE',  ( 0.000000000000000000, 0.7071067811865484609, 0.7071067811865465735 ) ) ;
#2422 = VECTOR ( 'NONE', #3435, 1000.000000000000000 ) ;
#2423 = CYLINDRICAL_SURFACE ( 'NONE', #1153, 0.1499999999999999667 ) ;
#2424 = EDGE_LOOP ( 'NONE', ( #4951, #573, #9099, #9052 ) ) ;
#2425 = EDGE_CURVE ( 'NONE', #6754, #5601, #681, .T. ) ;
#2426 = VECTOR ( 'NONE', #9525, 999.9999999999998863 ) ;
#2427 = CARTESIAN_POINT ( 'NONE',  ( -0.7737652542620762075, 0.000000000000000000, -1.201033706287569558 ) ) ;
#2428 = AXIS2_PLACEMENT_3D ( 'NONE', #6764, #6118, #1510 ) ;
#2429 = CARTESIAN_POINT ( 'NONE',  ( -1.917386645469349782, -0.6876284520819738733, -0.3925349063861369170 ) ) ;
#2430 = DIRECTION ( 'NONE',  ( -0.000000000000000000, 1.000000000000000000, 0.000000000000000000 ) ) ;
#2431 = AXIS2_PLACEMENT_3D ( 'NONE', #2248, #9209, #6722 ) ;
#2432 = CARTESIAN_POINT ( 'NONE',  ( 1.865324646435019051, -0.6160060395488426987, -0.4816873910456424546 ) ) ;
#2433 = CARTESIAN_POINT ( 'NONE',  ( 2.020620890590827390, -0.7009037899971461982, -0.3642579750440186892 ) ) ;
#2434 = VECTOR ( 'NONE', #6347, 1000.000000000000000 ) ;
#2435 = ORIENTED_EDGE ( 'NONE', *, *, #8124, .F. ) ;
#2436 = AXIS2_PLACEMENT_3D ( 'NONE', #3423, #8853, #7335 ) ;
#2437 = DIRECTION ( 'NONE',  ( 1.000000000000000000, 0.000000000000000000, 0.000000000000000000 ) ) ;
#2438 = ORIENTED_EDGE ( 'NONE', *, *, #652, .F. ) ;
#2439 = VERTEX_POINT ( 'NONE', #2120 ) ;
#2440 = APPLICATION_CONTEXT ( 'automotive_design' ) ;
#2441 = CARTESIAN_POINT ( 'NONE',  ( 0.4961224367392622625, -0.1000000000000003941, -1.250000000000000000 ) ) ;
#2442 = CARTESIAN_POINT ( 'NONE',  ( 2.684053312136017055, -0.4316846845395708177, 0.2774175960637573213 ) ) ;
#2443 = EDGE_CURVE ( 'NONE', #4924, #8489, #9797, .T. ) ;
#2444 = DIRECTION ( 'NONE',  ( 1.000000000000000000, 0.000000000000000000, 0.000000000000000000 ) ) ;
#2445 = CARTESIAN_POINT ( 'NONE',  ( -1.995392560103486090, -0.1000000000000000056, -0.9886127665261839059 ) ) ;
#2446 = CARTESIAN_POINT ( 'NONE',  ( -2.061603504581260182, -0.9661284766382285394, 0.7661930767256143193 ) ) ;
#2448 = ORIENTED_EDGE ( 'NONE', *, *, #1436, .T. ) ;
#2447 = CARTESIAN_POINT ( 'NONE',  ( 1.274999999999999911, -0.5499999999999999334, 1.750000000000000000 ) ) ;
#2449 = CARTESIAN_POINT ( 'NONE',  ( -1.867386645469348405, -0.1499999999999996891, 0.4218284553639131129 ) ) ;
#2450 = ORIENTED_EDGE ( 'NONE', *, *, #996, .T. ) ;
#2451 = CARTESIAN_POINT ( 'NONE',  ( 1.917386645469350226, -0.6650180178729044878, 0.9299338753735262308 ) ) ;
#2452 = ORIENTED_EDGE ( 'NONE', *, *, #8034, .F. ) ;
#2453 = VECTOR ( 'NONE', #6260, 1000.000000000000000 ) ;
#2454 = ADVANCED_FACE ( 'NONE', ( #8269 ), #7419, .T. ) ;
#2455 = ORIENTED_EDGE ( 'NONE', *, *, #3203, .T. ) ;
#2456 = AXIS2_PLACEMENT_3D ( 'NONE', #9717, #509, #8296 ) ;
#2457 = EDGE_CURVE ( 'NONE', #7114, #6388, #7677, .T. ) ;
#2458 = DIRECTION ( 'NONE',  ( -1.387778780781444443E-16, 1.232595164407829851E-32, -1.000000000000000000 ) ) ;
#2459 = FACE_OUTER_BOUND ( 'NONE', #9552, .T. ) ;
#2460 = CIRCLE ( 'NONE', #1818, 0.04999999999999991257 ) ;
#2461 = DIRECTION ( 'NONE',  ( 0.000000000000000000, 1.000000000000000000, 0.000000000000000000 ) ) ;
#2462 = CARTESIAN_POINT ( 'NONE',  ( -1.499999999999999556, -1.269999999999999796, -1.099999999999999867 ) ) ;
#2463 = VERTEX_POINT ( 'NONE', #7457 ) ;
#2464 = EDGE_CURVE ( 'NONE', #1397, #1298, #4355, .T. ) ;
#2465 = ORIENTED_EDGE ( 'NONE', *, *, #690, .T. ) ;
#2466 = ORIENTED_EDGE ( 'NONE', *, *, #7481, .F. ) ;
#2467 = CARTESIAN_POINT ( 'NONE',  ( 1.900000000000000133, -0.6548169886614639834, 0.3499999999999999778 ) ) ;
#2468 = ADVANCED_FACE ( 'NONE', ( #9794 ), #3028, .F. ) ;
#2469 = DIRECTION ( 'NONE',  ( 0.000000000000000000, 0.000000000000000000, 1.000000000000000000 ) ) ;
#2470 = DIRECTION ( 'NONE',  ( -0.000000000000000000, -1.000000000000000000, -0.000000000000000000 ) ) ;
#2471 = FACE_OUTER_BOUND ( 'NONE', #4400, .T. ) ;
#2472 = FACE_OUTER_BOUND ( 'NONE', #355, .T. ) ;
#2473 = PLANE ( 'NONE',  #7198 ) ;
#2474 = ORIENTED_EDGE ( 'NONE', *, *, #4578, .F. ) ;
#2475 = CARTESIAN_POINT ( 'NONE',  ( 0.000000000000000000, -0.1199999999999998290, 1.208497736014245927 ) ) ;
#2476 = CARTESIAN_POINT ( 'NONE',  ( -0.2464402437188722428, -0.1000000000000000056, 1.118610311246403866 ) ) ;
#2477 = EDGE_CURVE ( 'NONE', #5110, #8661, #5530, .T. ) ;
#2478 = EDGE_LOOP ( 'NONE', ( #504, #8331, #6719, #6010 ) ) ;
#2479 = CARTESIAN_POINT ( 'NONE',  ( -1.250000000000000000, -0.1066987298107780202, 0.7000000000000001776 ) ) ;
#2480 = B_SPLINE_CURVE_WITH_KNOTS ( 'NONE', 3,
 ( #409, #8144, #4945, #6462, #5765, #3421, #7988, #2759, #8852, #7334, #6565, #4997, #2707 ),
 .UNSPECIFIED., .F., .F.,
 ( 4, 3, 3, 3, 4 ),
 ( 2.172635381862485677E-19, 1.591563684049721972E-05, 3.172403296443474007E-05, 4.897251707611349866E-05, 5.255253207110996389E-05 ),
 .UNSPECIFIED. ) ;
#2481 = CARTESIAN_POINT ( 'NONE',  ( -2.021339670119078669, -0.7050459818610820273, -0.3543621333355672642 ) ) ;
#2482 = CYLINDRICAL_SURFACE ( 'NONE', #5259, 0.4464636981603574695 ) ;
#2483 = CARTESIAN_POINT ( 'NONE',  ( 2.020669073140932692, -0.7011039810328723032, -0.3392930257716759712 ) ) ;
#2484 = ADVANCED_FACE ( 'NONE', ( #87 ), #2473, .T. ) ;
#2485 = ORIENTED_EDGE ( 'NONE', *, *, #8802, .T. ) ;
#2486 = CARTESIAN_POINT ( 'NONE',  ( 2.143774953583233334, -1.226688135358414256, -8.673617379884035472E-16 ) ) ;
#2487 = ORIENTED_EDGE ( 'NONE', *, *, #5151, .F. ) ;
#2488 = EDGE_LOOP ( 'NONE', ( #414, #8894, #2511, #4451 ) ) ;
#2489 = VECTOR ( 'NONE', #5881, 1000.000000000000000 ) ;
#2490 = CARTESIAN_POINT ( 'NONE',  ( -1.224999999999999645, -1.050000000000000044, 1.849999999999999867 ) ) ;
#2491 = CARTESIAN_POINT ( 'NONE',  ( 1.899999999999999689, -1.269999999999999796, -1.099999999999999867 ) ) ;
#2492 = CARTESIAN_POINT ( 'NONE',  ( 2.031274207352990135, -0.9799576066991059209, -1.510468355502019744 ) ) ;
#2493 = DIRECTION ( 'NONE',  ( 1.000000000000000000, 0.000000000000000000, 0.000000000000000000 ) ) ;
#2494 = FACE_OUTER_BOUND ( 'NONE', #5522, .T. ) ;
#2496 = ORIENTED_EDGE ( 'NONE', *, *, #6813, .F. ) ;
#2495 = DIRECTION ( 'NONE',  ( -1.000000000000000000, 0.000000000000000000, 0.000000000000000000 ) ) ;
#2497 = DIRECTION ( 'NONE',  ( 0.9098789178756584439, -0.4148739022949274324, -1.258268390375244346E-16 ) ) ;
#2498 = ORIENTED_EDGE ( 'NONE', *, *, #9686, .T. ) ;
#2499 = AXIS2_PLACEMENT_3D ( 'NONE', #374, #424, #5627 ) ;
#2500 = CARTESIAN_POINT ( 'NONE',  ( 1.916386645469350336, -0.7079750834503679702, 0.9252032351977829139 ) ) ;
#2501 = ORIENTED_EDGE ( 'NONE', *, *, #2677, .F. ) ;
#2502 = ORIENTED_EDGE ( 'NONE', *, *, #4619, .F. ) ;
#2503 = CYLINDRICAL_SURFACE ( 'NONE', #4633, 0.1499999999999999944 ) ;
#2504 = CIRCLE ( 'NONE', #8342, 0.04999999999999991257 ) ;
#2505 = CARTESIAN_POINT ( 'NONE',  ( -1.917386645469350004, -0.6650180178729041547, 0.9299338753735262308 ) ) ;
#2506 = DIRECTION ( 'NONE',  ( 0.000000000000000000, -1.000000000000000000, 0.000000000000000000 ) ) ;
#2507 = EDGE_CURVE ( 'NONE', #8139, #1266, #4100, .T. ) ;
#2508 =( LENGTH_UNIT ( ) NAMED_UNIT ( * ) SI_UNIT ( .MILLI., .METRE. ) );
#2509 = FACE_OUTER_BOUND ( 'NONE', #2614, .T. ) ;
#2510 = CARTESIAN_POINT ( 'NONE',  ( -1.499999999999999556, -1.269999999999999796, -1.099999999999999867 ) ) ;
#2511 = ORIENTED_EDGE ( 'NONE', *, *, #5214, .T. ) ;
#2512 = EDGE_CURVE ( 'NONE', #5084, #2991, #5581, .T. ) ;
#2513 = VECTOR ( 'NONE', #5040, 1000.000000000000000 ) ;
#2514 = EDGE_LOOP ( 'NONE', ( #4206, #1916, #4416, #6216 ) ) ;
#2515 = ORIENTED_EDGE ( 'NONE', *, *, #3460, .T. ) ;
#2516 = LINE ( 'NONE', #5525, #5474 ) ;
#2517 = ADVANCED_FACE ( 'NONE', ( #4753 ), #592, .F. ) ;
#2518 = DIRECTION ( 'NONE',  ( -2.465190328815661892E-32, 1.000000000000000000, 1.848892746611746419E-32 ) ) ;
#2519 = AXIS2_PLACEMENT_3D ( 'NONE', #6284, #5481, #136 ) ;
#2520 = DIRECTION ( 'NONE',  ( 0.000000000000000000, 0.000000000000000000, 1.000000000000000000 ) ) ;
#2521 = LINE ( 'NONE', #8653, #6176 ) ;
#2522 = LINE ( 'NONE', #7847, #5399 ) ;
#2523 = DIRECTION ( 'NONE',  ( -0.000000000000000000, -1.000000000000000000, -0.000000000000000000 ) ) ;
#2524 = ORIENTED_EDGE ( 'NONE', *, *, #4128, .F. ) ;
#2525 = CARTESIAN_POINT ( 'NONE',  ( 1.917386645469350226, -0.6650180178729044878, -0.3949867687062132982 ) ) ;
#2526 = CARTESIAN_POINT ( 'NONE',  ( 0.4961224367392622625, -0.1000000000000000056, -1.201033706287569558 ) ) ;
#2527 = EDGE_CURVE ( 'NONE', #9301, #2064, #8006, .T. ) ;
#2528 = ORIENTED_EDGE ( 'NONE', *, *, #9533, .F. ) ;
#2529 = VECTOR ( 'NONE', #9848, 1000.000000000000000 ) ;
#2530 = DIRECTION ( 'NONE',  ( 0.000000000000000000, -1.000000000000000000, 9.346570452461245599E-18 ) ) ;
#2531 = EDGE_CURVE ( 'NONE', #810, #3080, #7698, .T. ) ;
#2532 = CARTESIAN_POINT ( 'NONE',  ( -1.918465010133654669, -0.6904317135554131069, 0.3884236839443525602 ) ) ;
#2533 = CARTESIAN_POINT ( 'NONE',  ( 1.867386645469348405, 1.897353801849632760E-16, 1.060417588806084721 ) ) ;
#2534 = VECTOR ( 'NONE', #2461, 1000.000000000000000 ) ;
#2535 = ORIENTED_EDGE ( 'NONE', *, *, #5536, .T. ) ;
#2536 = LINE ( 'NONE', #1686, #4071 ) ;
#2537 = VERTEX_POINT ( 'NONE', #5479 ) ;
#2538 = VERTEX_POINT ( 'NONE', #134 ) ;
#2539 = CIRCLE ( 'NONE', #9508, 0.04999999999999991257 ) ;
#2540 = EDGE_CURVE ( 'NONE', #763, #1807, #6936, .T. ) ;
#2541 = CARTESIAN_POINT ( 'NONE',  ( 1.224999999999999867, -0.1499999999999998002, 2.099119630351393706 ) ) ;
#2542 = DIRECTION ( 'NONE',  ( 1.000000000000000000, 0.000000000000000000, 3.944829737176227913E-16 ) ) ;
#2543 = EDGE_CURVE ( 'NONE', #7458, #1970, #3180, .T. ) ;
#2544 = CARTESIAN_POINT ( 'NONE',  ( 1.194983577402405128, -0.1000000000000000056, 1.397023181841392958 ) ) ;
#2545 = CARTESIAN_POINT ( 'NONE',  ( -2.217386645469349826, -0.8983513512062376583, 0.7718015200835192102 ) ) ;
#2546 = ORIENTED_EDGE ( 'NONE', *, *, #7511, .F. ) ;
#2547 = FACE_OUTER_BOUND ( 'NONE', #3193, .T. ) ;
#2548 = ORIENTED_EDGE ( 'NONE', *, *, #4461, .F. ) ;
#2549 = VECTOR ( 'NONE', #2031, 1000.000000000000000 ) ;
#2550 = CARTESIAN_POINT ( 'NONE',  ( 1.917386645469350226, -0.7078323662991679033, 0.9252032356380566203 ) ) ;
#2551 = EDGE_LOOP ( 'NONE', ( #2394, #2191, #101, #3568, #6533, #2580 ) ) ;
#2552 = ORIENTED_EDGE ( 'NONE', *, *, #1327, .T. ) ;
#2553 = ADVANCED_FACE ( 'NONE', ( #3791 ), #8459, .T. ) ;
#2554 =( NAMED_UNIT ( * ) PLANE_ANGLE_UNIT ( ) SI_UNIT ( $, .RADIAN. ) );
#2555 = CARTESIAN_POINT ( 'NONE',  ( 2.035410861894218382, -0.7479927983318894746, -0.9157532022455928677 ) ) ;
#2556 = CARTESIAN_POINT ( 'NONE',  ( 1.699999999999999734, -1.419999999999999929, 0.4999999999999997780 ) ) ;
#2557 = CARTESIAN_POINT ( 'NONE',  ( -0.4961224367392622625, -0.3517625296630363940, -1.298961782710780888 ) ) ;
#2558 = DIRECTION ( 'NONE',  ( -0.4148739022949275990, 0.9098789178756583329, 0.000000000000000000 ) ) ;
#2559 = CARTESIAN_POINT ( 'NONE',  ( -2.018638338271069976, -0.6876055971515379062, -0.3845345131635882208 ) ) ;
#2560 = AXIS2_PLACEMENT_3D ( 'NONE', #8309, #1967, #5067 ) ;
#2561 = FACE_OUTER_BOUND ( 'NONE', #5129, .T. ) ;
#2562 = ORIENTED_EDGE ( 'NONE', *, *, #7743, .F. ) ;
#2563 = VERTEX_POINT ( 'NONE', #3228 ) ;
#2564 = CIRCLE ( 'NONE', #7275, 0.1499999999999999667 ) ;
#2565 = CARTESIAN_POINT ( 'NONE',  ( 1.238854737871892819, -0.1023563884368184768, 2.106798422984434982 ) ) ;
#2566 = DIRECTION ( 'NONE',  ( 0.000000000000000000, 0.000000000000000000, -1.000000000000000000 ) ) ;
#2567 = CARTESIAN_POINT ( 'NONE',  ( -1.943513091188776798, -0.7898950624636775775, -0.9157532022455918685 ) ) ;
#2568 = EDGE_CURVE ( 'NONE', #8248, #9291, #3891, .T. ) ;
#2569 = DIRECTION ( 'NONE',  ( 0.000000000000000000, 0.000000000000000000, -1.000000000000000000 ) ) ;
#2570 = CARTESIAN_POINT ( 'NONE',  ( 2.017386645469349649, -0.6935382986227248692, 0.9252069843308814434 ) ) ;
#2571 = CARTESIAN_POINT ( 'NONE',  ( 1.274999999999999911, -0.1072190875874354382, 2.125000000000000000 ) ) ;
#2572 = ORIENTED_EDGE ( 'NONE', *, *, #2443, .T. ) ;
#2573 = CARTESIAN_POINT ( 'NONE',  ( 1.921199010907578941, -0.7127989958012278526, -0.3282888180830393909 ) ) ;
#2574 = DIRECTION ( 'NONE',  ( 0.000000000000000000, -1.599198204416118409E-14, -1.000000000000000000 ) ) ;
#2575 = EDGE_LOOP ( 'NONE', ( #4682, #4604, #5599, #5420 ) ) ;
#2576 = PLANE ( 'NONE',  #679 ) ;
#2577 = EDGE_CURVE ( 'NONE', #440, #6541, #5575, .T. ) ;
#2578 = VECTOR ( 'NONE', #3481, 1000.000000000000000 ) ;
#2579 = LINE ( 'NONE', #5688, #1700 ) ;
#2580 = ORIENTED_EDGE ( 'NONE', *, *, #2041, .T. ) ;
#2581 = DIRECTION ( 'NONE',  ( 0.000000000000000000, 1.000000000000000000, -0.000000000000000000 ) ) ;
#2582 = VERTEX_POINT ( 'NONE', #9224 ) ;
#2583 = DIRECTION ( 'NONE',  ( 0.000000000000000000, 0.000000000000000000, 1.000000000000000000 ) ) ;
#2584 = ORIENTED_EDGE ( 'NONE', *, *, #1105, .F. ) ;
#2585 = ADVANCED_FACE ( 'NONE', ( #781 ), #6887, .F. ) ;
#2586 = CIRCLE ( 'NONE', #1317, 0.04999999999999991257 ) ;
#2587 = EDGE_LOOP ( 'NONE', ( #4962, #8385, #2748, #6354 ) ) ;
#2588 = VECTOR ( 'NONE', #413, 1000.000000000000000 ) ;
#2589 =( BOUNDED_CURVE ( )  B_SPLINE_CURVE ( 3, ( #1938, #4157, #1196, #3349 ),
 .UNSPECIFIED., .F., .F. ) 
 B_SPLINE_CURVE_WITH_KNOTS ( ( 4, 4 ),
 ( 4.563059309308263423, 4.712388980384689674 ),
 .UNSPECIFIED. ) 
 CURVE ( )  GEOMETRIC_REPRESENTATION_ITEM ( )  RATIONAL_B_SPLINE_CURVE ( ( 1.000000000000000000, 0.9981425839180244619, 0.9981425839180244619, 1.000000000000000000 ) ) 
 REPRESENTATION_ITEM ( '' )  );
#2590 = DIRECTION ( 'NONE',  ( 1.000000000000000000, 0.000000000000000000, 0.000000000000000000 ) ) ;
#2591 = DIRECTION ( 'NONE',  ( 0.000000000000000000, 9.346570452461245599E-18, 1.000000000000000000 ) ) ;
#2592 = EDGE_CURVE ( 'NONE', #5789, #2895, #3839, .T. ) ;
#2593 = CARTESIAN_POINT ( 'NONE',  ( -2.299999999999999378, -1.419999999999999929, -1.099999999999999867 ) ) ;
#2594 = AXIS2_PLACEMENT_3D ( 'NONE', #408, #7333, #2002 ) ;
#2595 = CARTESIAN_POINT ( 'NONE',  ( 2.035410861894218382, -0.7479927983318895857, -1.510468355502019744 ) ) ;
#2596 = CARTESIAN_POINT ( 'NONE',  ( -2.217386645469349826, -0.9650180178729041991, 0.7718015200835193212 ) ) ;
#2598 = ORIENTED_EDGE ( 'NONE', *, *, #7823, .T. ) ;
#2597 = CYLINDRICAL_SURFACE ( 'NONE', #45, 0.1499999999999999667 ) ;
#2599 = DIRECTION ( 'NONE',  ( 0.000000000000000000, 1.000000000000000000, 0.000000000000000000 ) ) ;
#2600 = ORIENTED_EDGE ( 'NONE', *, *, #3392, .T. ) ;
#2601 = CARTESIAN_POINT ( 'NONE',  ( 0.6006347602098600635, -7.560171795458674460, -1.399999999999999689 ) ) ;
#2602 = VERTEX_POINT ( 'NONE', #8511 ) ;
#2603 = EDGE_CURVE ( 'NONE', #4273, #8644, #1578, .T. ) ;
#2604 = ORIENTED_EDGE ( 'NONE', *, *, #6041, .F. ) ;
#2605 = FACE_OUTER_BOUND ( 'NONE', #5192, .T. ) ;
#2606 = DIRECTION ( 'NONE',  ( -0.9098789178756583329, -0.4148739022949274324, -0.000000000000000000 ) ) ;
#2607 = CYLINDRICAL_SURFACE ( 'NONE', #2456, 0.04999999999999991257 ) ;
#2608 = CYLINDRICAL_SURFACE ( 'NONE', #2436, 0.2999999999999999334 ) ;
#2609 = VECTOR ( 'NONE', #5610, 1000.000000000000000 ) ;
#2610 = CARTESIAN_POINT ( 'NONE',  ( -2.020937697938979927, -0.7025388256222280248, -0.3534468154267763618 ) ) ;
#2611 = FACE_OUTER_BOUND ( 'NONE', #5338, .T. ) ;
#2612 = ORIENTED_EDGE ( 'NONE', *, *, #5684, .F. ) ;
#2613 = EDGE_CURVE ( 'NONE', #3111, #4051, #7804, .T. ) ;
#2614 = EDGE_LOOP ( 'NONE', ( #629, #619, #1072, #7375 ) ) ;
#2615 = FACE_OUTER_BOUND ( 'NONE', #545, .T. ) ;
#2616 = CARTESIAN_POINT ( 'NONE',  ( -1.917386645469350004, -0.6799648765719980004, 0.2733295117989501533 ) ) ;
#2617 = DIRECTION ( 'NONE',  ( 0.000000000000000000, -1.000000000000000000, 0.000000000000000000 ) ) ;
#2618 = LINE ( 'NONE', #8652, #5979 ) ;
#2619 = DIRECTION ( 'NONE',  ( 1.000000000000000000, 1.144624758761189350E-33, 1.224646799147353207E-16 ) ) ;
#2620 = CARTESIAN_POINT ( 'NONE',  ( 1.937306492611746922, -0.01729274708749455047, -0.4213399645313029573 ) ) ;
#2621 = CARTESIAN_POINT ( 'NONE',  ( 1.499999999999999556, -1.269999999999999796, -0.6999999999999998446 ) ) ;
#2622 = ORIENTED_EDGE ( 'NONE', *, *, #8305, .F. ) ;
#2623 = CARTESIAN_POINT ( 'NONE',  ( 2.017386645469348316, -0.1131169872250357838, 0.9928150550226966242 ) ) ;
#2624 = DIRECTION ( 'NONE',  ( -1.000000000000000000, -0.000000000000000000, 0.000000000000000000 ) ) ;
#2625 = ORIENTED_EDGE ( 'NONE', *, *, #2907, .F. ) ;
#2626 = PLANE ( 'NONE',  #340 ) ;
#2627 = DIRECTION ( 'NONE',  ( -0.1501478781677598739, 0.3292961744590264805, 0.9322122312909061348 ) ) ;
#2628 = EDGE_CURVE ( 'NONE', #7450, #1557, #5098, .T. ) ;
#2629 = CARTESIAN_POINT ( 'NONE',  ( -1.917386645469349338, -0.6737235226358065932, 0.3940427488387473476 ) ) ;
#2630 = VERTEX_POINT ( 'NONE', #5070 ) ;
#2631 = DIRECTION ( 'NONE',  ( 1.000000000000000000, -0.000000000000000000, 3.614007241618346306E-16 ) ) ;
#2632 = ORIENTED_EDGE ( 'NONE', *, *, #9058, .T. ) ;
#2633 = DIRECTION ( 'NONE',  ( -6.106226635438355056E-16, -2.465190328815659702E-32, 1.000000000000000000 ) ) ;
#2634 = ORIENTED_EDGE ( 'NONE', *, *, #5258, .T. ) ;
#2635 = ORIENTED_EDGE ( 'NONE', *, *, #4505, .F. ) ;
#2636 = EDGE_CURVE ( 'NONE', #7067, #7674, #3437, .T. ) ;
#2637 = CARTESIAN_POINT ( 'NONE',  ( -1.224999999999999645, -0.4999999999999998890, 1.750000000000000000 ) ) ;
#2638 = LINE ( 'NONE', #343, #8365 ) ;
#2639 = FACE_OUTER_BOUND ( 'NONE', #4543, .T. ) ;
#2640 = DIRECTION ( 'NONE',  ( 1.000000000000000000, -4.237045877651914771E-33, 7.216449660063510610E-16 ) ) ;
#2641 = ADVANCED_FACE ( 'NONE', ( #9627 ), #7346, .F. ) ;
#2642 = DIRECTION ( 'NONE',  ( 1.000000000000000000, 0.000000000000000000, 0.000000000000000000 ) ) ;
#2643 = FACE_OUTER_BOUND ( 'NONE', #5231, .T. ) ;
#2644 = DIRECTION ( 'NONE',  ( 0.000000000000000000, -0.1017606285048205800, -0.9948089135539065486 ) ) ;
#2645 = CYLINDRICAL_SURFACE ( 'NONE', #6696, 0.1499999999999999667 ) ;
#2646 = ORIENTED_EDGE ( 'NONE', *, *, #1126, .T. ) ;
#2647 = DIRECTION ( 'NONE',  ( -1.000000000000000000, 0.000000000000000000, 0.000000000000000000 ) ) ;
#2648 = ORIENTED_EDGE ( 'NONE', *, *, #6393, .T. ) ;
#2649 = ORIENTED_EDGE ( 'NONE', *, *, #8350, .F. ) ;
#2650 = VECTOR ( 'NONE', #1481, 1000.000000000000000 ) ;
#2651 = CARTESIAN_POINT ( 'NONE',  ( 2.020024856900107135, -0.9552861420438116813, 0.3369225578399874244 ) ) ;
#2652 = LINE ( 'NONE', #3420, #4213 ) ;
#2653 = CARTESIAN_POINT ( 'NONE',  ( 1.224999999999999867, -1.050000000000000044, 1.849999999999999867 ) ) ;
#2654 = EDGE_CURVE ( 'NONE', #8603, #793, #2672, .T. ) ;
#2655 = VECTOR ( 'NONE', #6688, 1000.000000000000000 ) ;
#2656 = CARTESIAN_POINT ( 'NONE',  ( 1.917386645469348005, 6.561764951283327056E-15, 0.000000000000000000 ) ) ;
#2657 = UNCERTAINTY_MEASURE_WITH_UNIT (LENGTH_MEASURE( 1.000000000000000082E-05 ), #315, 'distance_accuracy_value', 'NONE');
#2658 = FACE_OUTER_BOUND ( 'NONE', #9216, .T. ) ;
#2659 = FACE_OUTER_BOUND ( 'NONE', #2311, .T. ) ;
#2660 = VERTEX_POINT ( 'NONE', #976 ) ;
#2661 = ORIENTED_EDGE ( 'NONE', *, *, #6238, .T. ) ;
#2662 =( NAMED_UNIT ( * ) SI_UNIT ( $, .STERADIAN. ) SOLID_ANGLE_UNIT ( ) );
#2663 = VECTOR ( 'NONE', #2968, 1000.000000000000000 ) ;
#2664 = CARTESIAN_POINT ( 'NONE',  ( 1.840170837638705592, -0.3198029772490044165, -1.344633953694285511 ) ) ;
#2665 = LINE ( 'NONE', #1221, #3732 ) ;
#2666 = DIRECTION ( 'NONE',  ( 1.000000000000000000, 0.000000000000000000, 0.000000000000000000 ) ) ;
#2667 = EDGE_CURVE ( 'NONE', #6750, #5058, #1764, .T. ) ;
#2668 = EDGE_CURVE ( 'NONE', #9464, #5555, #7954, .T. ) ;
#2669 = FILL_AREA_STYLE ('',( #1118 ) ) ;
#2670 = CARTESIAN_POINT ( 'NONE',  ( 2.018131335360687117, -0.6849285582641899683, 0.2992245905846196985 ) ) ;
#2671 = CARTESIAN_POINT ( 'NONE',  ( 1.679389374268562163, -1.147765288697149000, -1.217537360445094086 ) ) ;
#2672 = LINE ( 'NONE', #3379, #5105 ) ;
#2673 = ORIENTED_EDGE ( 'NONE', *, *, #8404, .F. ) ;
#2674 = CARTESIAN_POINT ( 'NONE',  ( 1.917386645469349338, -0.6737235226358069262, -0.3940427488387472921 ) ) ;
#2675 = AXIS2_PLACEMENT_3D ( 'NONE', #792, #2330, #5542 ) ;
#2676 = LINE ( 'NONE', #1124, #9889 ) ;
#2677 = EDGE_CURVE ( 'NONE', #7968, #1298, #3483, .T. ) ;
#2678 = ORIENTED_EDGE ( 'NONE', *, *, #9434, .F. ) ;
#2679 = DIRECTION ( 'NONE',  ( -0.000000000000000000, 1.000000000000000000, -0.000000000000000000 ) ) ;
#2680 = AXIS2_PLACEMENT_3D ( 'NONE', #2475, #8767, #3280 ) ;
#2681 = AXIS2_PLACEMENT_3D ( 'NONE', #1342, #598, #6002 ) ;
#2682 = CARTESIAN_POINT ( 'NONE',  ( 1.699999999999999734, -1.419999999999999929, -0.4999999999999998890 ) ) ;
#2683 = ORIENTED_EDGE ( 'NONE', *, *, #9911, .T. ) ;
#2684 = CARTESIAN_POINT ( 'NONE',  ( 1.899999999999999911, -7.560171795458674460, -1.199999999999999734 ) ) ;
#2685 = ORIENTED_EDGE ( 'NONE', *, *, #2507, .T. ) ;
#2686 = CIRCLE ( 'NONE', #623, 0.1499999999999999667 ) ;
#2687 = VERTEX_POINT ( 'NONE', #323 ) ;
#2688 = ORIENTED_EDGE ( 'NONE', *, *, #7783, .T. ) ;
#2689 = CARTESIAN_POINT ( 'NONE',  ( 1.944422970106652215, -0.7894801885613822456, -0.9157532022455918685 ) ) ;
#2690 = CARTESIAN_POINT ( 'NONE',  ( -0.9237652542620761187, -0.1000000000000000056, -1.201033706287569558 ) ) ;
#2691 = VECTOR ( 'NONE', #8758, 1000.000000000000000 ) ;
#2692 = LINE ( 'NONE', #4260, #2925 ) ;
#2693 = AXIS2_PLACEMENT_3D ( 'NONE', #6229, #2469, #7034 ) ;
#2694 = LINE ( 'NONE', #1043, #2079 ) ;
#2695 = EDGE_CURVE ( 'NONE', #176, #5531, #223, .T. ) ;
#2696 = CARTESIAN_POINT ( 'NONE',  ( 1.679389374268562163, -1.178293477248595122, -1.315980034511265773 ) ) ;
#2698 = ORIENTED_EDGE ( 'NONE', *, *, #287, .T. ) ;
#2697 = CARTESIAN_POINT ( 'NONE',  ( -2.017386645469349649, -0.7084630654528190075, -1.510468355502019744 ) ) ;
#2699 = CARTESIAN_POINT ( 'NONE',  ( 1.301148175457528033, -0.1868735732387497572, 1.326252853522496444 ) ) ;
#2700 = ORIENTED_EDGE ( 'NONE', *, *, #581, .T. ) ;
#2701 = FACE_OUTER_BOUND ( 'NONE', #1442, .T. ) ;
#2702 = ORIENTED_EDGE ( 'NONE', *, *, #7394, .T. ) ;
#2703 = EDGE_LOOP ( 'NONE', ( #6203, #4242, #6215, #6605, #3394 ) ) ;
#2704 = VERTEX_POINT ( 'NONE', #2621 ) ;
#2705 = DIRECTION ( 'NONE',  ( 0.000000000000000000, -1.000000000000000000, 0.000000000000000000 ) ) ;
#2706 = CARTESIAN_POINT ( 'NONE',  ( 1.200000000000000178, -0.05000000000000002359, 1.875000000000000222 ) ) ;
#2707 = CARTESIAN_POINT ( 'NONE',  ( -1.224999999999999645, -0.09999999999999976963, 1.831698729810778081 ) ) ;
#2708 = LINE ( 'NONE', #5663, #7305 ) ;
#2709 = EDGE_CURVE ( 'NONE', #5472, #3384, #5829, .T. ) ;
#2710 = VECTOR ( 'NONE', #8649, 1000.000000000000000 ) ;
#2711 = LINE ( 'NONE', #5817, #9454 ) ;
#2712 = PLANE ( 'NONE',  #9077 ) ;
#2713 = CARTESIAN_POINT ( 'NONE',  ( -1.301148175457528033, -0.1414213562373093369, 1.329289321881344854 ) ) ;
#2714 = ORIENTED_EDGE ( 'NONE', *, *, #7187, .F. ) ;
#2715 = EDGE_LOOP ( 'NONE', ( #8183, #2150, #2779, #8119 ) ) ;
#2716 = EDGE_CURVE ( 'NONE', #9320, #9912, #2022, .T. ) ;
#2717 = AXIS2_PLACEMENT_3D ( 'NONE', #5385, #5235, #842 ) ;
#2718 = CARTESIAN_POINT ( 'NONE',  ( -1.401148175457528122, -0.1999999999999999833, 0.7000000000000001776 ) ) ;
#2719 = DIRECTION ( 'NONE',  ( 1.000000000000000000, 3.252606517456510541E-15, 0.000000000000000000 ) ) ;
#2720 = CARTESIAN_POINT ( 'NONE',  ( -0.4961224367392622625, -1.225231940280812060, -1.219674819086067563 ) ) ;
#2721 = DIRECTION ( 'NONE',  ( 0.000000000000000000, 0.000000000000000000, 1.000000000000000000 ) ) ;
#2722 = DIRECTION ( 'NONE',  ( 0.9098789178756583329, -0.4148739022949275435, -4.553896008972792495E-16 ) ) ;
#2723 = CARTESIAN_POINT ( 'NONE',  ( 1.921206639354400059, -0.7127401718241717088, 0.3701551491272246919 ) ) ;
#2724 = PLANE ( 'NONE',  #432 ) ;
#2725 = ORIENTED_EDGE ( 'NONE', *, *, #599, .T. ) ;
#2726 = DIRECTION ( 'NONE',  ( 0.9888710284833839292, -0.1487752970967104460, 0.000000000000000000 ) ) ;
#2727 = DIRECTION ( 'NONE',  ( 0.000000000000000000, 0.000000000000000000, -1.000000000000000000 ) ) ;
#2728 = EDGE_LOOP ( 'NONE', ( #913, #1928, #2924, #2309 ) ) ;
#2729 = EDGE_CURVE ( 'NONE', #4950, #7537, #4854, .T. ) ;
#2730 = CIRCLE ( 'NONE', #7911, 0.1499999999999999667 ) ;
#2731 = DIRECTION ( 'NONE',  ( -1.000000000000000000, 0.000000000000000000, 0.000000000000000000 ) ) ;
#2732 = B_SPLINE_CURVE_WITH_KNOTS ( 'NONE', 3,
 ( #4807, #2573, #9429, #1917, #4914, #5577, #8004, #273, #5015, #1722, #6377, #184, #8105, #4088, #7248, #7901, #4036, #225, #9477, #5781, #2674, #2525 ),
 .UNSPECIFIED., .F., .F.,
 ( 4, 3, 3, 3, 3, 3, 3, 4 ),
 ( 1.104716359534744454E-17, 1.322264898369798200E-05, 2.426332886549553656E-05, 3.536281108264491968E-05, 4.560914692752890322E-05, 5.947385017127634671E-05, 8.048816613538842485E-05, 0.0001068825818247097194 ),
 .UNSPECIFIED. ) ;
#2733 = DIRECTION ( 'NONE',  ( -0.7071067811865476838, -1.232595164407830535E-32, -0.7071067811865473507 ) ) ;
#2734 = VECTOR ( 'NONE', #6220, 1000.000000000000000 ) ;
#2735 = ORIENTED_EDGE ( 'NONE', *, *, #9918, .T. ) ;
#2736 = CARTESIAN_POINT ( 'NONE',  ( 1.940801028908307302, -0.01863580275334597927, 0.9983656719431506232 ) ) ;
#2737 = VERTEX_POINT ( 'NONE', #1024 ) ;
#2738 = ORIENTED_EDGE ( 'NONE', *, *, #8030, .F. ) ;
#2739 = VERTEX_POINT ( 'NONE', #4086 ) ;
#2740 = AXIS2_PLACEMENT_3D ( 'NONE', #5883, #7447, #6825 ) ;
#2741 = CIRCLE ( 'NONE', #9718, 0.2000000000000000944 ) ;
#2742 = CARTESIAN_POINT ( 'NONE',  ( 3.035766082959412415E-15, -1.269999999999999796, -5.421010862427522170E-16 ) ) ;
#2743 = CARTESIAN_POINT ( 'NONE',  ( -1.972002019540192386, -0.04174446180517432659, -0.9900987579205062783 ) ) ;
#2744 = DIRECTION ( 'NONE',  ( 0.000000000000000000, -0.000000000000000000, 1.000000000000000000 ) ) ;
#2745 = FACE_OUTER_BOUND ( 'NONE', #3022, .T. ) ;
#2746 = CARTESIAN_POINT ( 'NONE',  ( -0.4961224367392622625, 0.000000000000000000, -1.351033706287569469 ) ) ;
#2748 = ORIENTED_EDGE ( 'NONE', *, *, #7838, .F. ) ;
#2747 = CARTESIAN_POINT ( 'NONE',  ( -1.849999999999999645, -0.1499999999999999667, -1.200000000000000178 ) ) ;
#2749 = CARTESIAN_POINT ( 'NONE',  ( -1.224999999999999645, -0.09999999999999982514, 0.7000000000000001776 ) ) ;
#2750 = ORIENTED_EDGE ( 'NONE', *, *, #445, .F. ) ;
#2751 = TOROIDAL_SURFACE ( 'NONE', #5998, 0.1000000000000000056, 0.05000000000000000278 ) ;
#2752 = CARTESIAN_POINT ( 'NONE',  ( 0.5025469639228721253, -0.01025261660714371810, -1.306017721795195374 ) ) ;
#2753 = ORIENTED_EDGE ( 'NONE', *, *, #8224, .F. ) ;
#2754 = ORIENTED_EDGE ( 'NONE', *, *, #4606, .T. ) ;
#2755 = ORIENTED_EDGE ( 'NONE', *, *, #6257, .T. ) ;
#2756 = DIRECTION ( 'NONE',  ( -0.000000000000000000, 0.000000000000000000, -1.000000000000000000 ) ) ;
#2757 = VECTOR ( 'NONE', #3129, 1000.000000000000000 ) ;
#2758 = DIRECTION ( 'NONE',  ( 1.000000000000000000, -0.000000000000000000, -0.000000000000000000 ) ) ;
#2759 = CARTESIAN_POINT ( 'NONE',  ( -1.237031492455258341, -0.1013431949843240504, 1.840934047779766214 ) ) ;
#2760 =( NAMED_UNIT ( * ) SI_UNIT ( $, .STERADIAN. ) SOLID_ANGLE_UNIT ( ) );
#2761 = CARTESIAN_POINT ( 'NONE',  ( 1.250000000000000000, 0.000000000000000000, 1.825000000000000178 ) ) ;
#2762 = ADVANCED_FACE ( 'NONE', ( #8816 ), #2724, .T. ) ;
#2763 = CARTESIAN_POINT ( 'NONE',  ( 0.9749999999999999778, -1.919999999999999929, 0.7500000000000000000 ) ) ;
#2764 = DIRECTION ( 'NONE',  ( 1.000000000000000000, -0.000000000000000000, 0.000000000000000000 ) ) ;
#2765 = ORIENTED_EDGE ( 'NONE', *, *, #8582, .T. ) ;
#2766 = VECTOR ( 'NONE', #5448, 1000.000000000000000 ) ;
#2767 = PRODUCT_CONTEXT ( 'NONE', #1100, 'mechanical' ) ;
#2768 = AXIS2_PLACEMENT_3D ( 'NONE', #4383, #4574, #6019 ) ;
#2769 = EDGE_CURVE ( 'NONE', #3384, #6750, #7194, .T. ) ;
#2770 = CARTESIAN_POINT ( 'NONE',  ( 1.867386645469348405, 1.897353801849632760E-16, 0.3974207797200597914 ) ) ;
#2771 = FACE_OUTER_BOUND ( 'NONE', #9204, .T. ) ;
#2772 = CARTESIAN_POINT ( 'NONE',  ( -2.017386645469349649, -0.4676805559526472367, 0.4218284553639131129 ) ) ;
#2773 = CARTESIAN_POINT ( 'NONE',  ( 2.019612439772669354, -0.6947730772922187104, 0.3252409048719890339 ) ) ;
#2774 = CARTESIAN_POINT ( 'NONE',  ( 1.921188159365450954, -0.7127268683993638332, 0.3316021493273738630 ) ) ;
#2775 = EDGE_CURVE ( 'NONE', #4626, #3464, #9521, .T. ) ;
#2776 = CARTESIAN_POINT ( 'NONE',  ( 1.679389374268562163, -1.376679697059090435, -1.344912995807318934 ) ) ;
#2777 = LINE ( 'NONE', #8312, #6464 ) ;
#2778 = CARTESIAN_POINT ( 'NONE',  ( 1.249133960642419217, -0.1061722292187321365, 2.085634271898852976 ) ) ;
#2779 = ORIENTED_EDGE ( 'NONE', *, *, #3632, .T. ) ;
#2780 = AXIS2_PLACEMENT_3D ( 'NONE', #1360, #5407, #1408 ) ;
#2781 = EDGE_CURVE ( 'NONE', #6982, #4924, #5675, .T. ) ;
#2782 = CARTESIAN_POINT ( 'NONE',  ( -2.100000000000000089, -0.3653699307730465806, -0.3499999999999999778 ) ) ;
#2783 = EDGE_CURVE ( 'NONE', #224, #4273, #4135, .T. ) ;
#2784 = DIRECTION ( 'NONE',  ( -5.551115123125779004E-17, 1.222965514685893946E-32, -1.000000000000000000 ) ) ;
#2785 = ORIENTED_EDGE ( 'NONE', *, *, #3846, .T. ) ;
#2786 = DIRECTION ( 'NONE',  ( -1.694818351060767551E-32, -1.000000000000000000, 1.232595164407829304E-32 ) ) ;
#2787 = VERTEX_POINT ( 'NONE', #4961 ) ;
#2788 = CARTESIAN_POINT ( 'NONE',  ( 2.019347621490384270, -0.6929562529900106238, 0.3756881534490823515 ) ) ;
#2789 = VERTEX_POINT ( 'NONE', #4189 ) ;
#2790 = DIRECTION ( 'NONE',  ( 0.000000000000000000, -0.9870278567456314267, 0.1605490890915466096 ) ) ;
#2791 = CARTESIAN_POINT ( 'NONE',  ( 1.700000000000000178, -0.1000000000000000472, -1.349999999999998979 ) ) ;
#2792 = CARTESIAN_POINT ( 'NONE',  ( 1.899999999999999911, -0.1499999999999999667, -1.199999999999999734 ) ) ;
#2793 = EDGE_CURVE ( 'NONE', #2582, #2906, #8053, .T. ) ;
#2794 = CARTESIAN_POINT ( 'NONE',  ( 1.401148175457528344, -0.6083740602123934860, 1.400000000000000133 ) ) ;
#2795 = VECTOR ( 'NONE', #322, 1000.000000000000000 ) ;
#2796 = CARTESIAN_POINT ( 'NONE',  ( -1.617386645469349959, -0.3650180178729041103, -0.2774175960637574878 ) ) ;
#2797 = ORIENTED_EDGE ( 'NONE', *, *, #3515, .F. ) ;
#2798 = CARTESIAN_POINT ( 'NONE',  ( 1.970168888348498459, -0.7022118421470477934, 0.3252409048719890339 ) ) ;
#2799 = VERTEX_POINT ( 'NONE', #5219 ) ;
#2800 = CARTESIAN_POINT ( 'NONE',  ( 1.224999999999999867, -0.1499999999999998002, 0.7500000000000002220 ) ) ;
#2801 = ORIENTED_EDGE ( 'NONE', *, *, #8008, .T. ) ;
#2802 = VERTEX_POINT ( 'NONE', #5982 ) ;
#2803 = ORIENTED_EDGE ( 'NONE', *, *, #3914, .T. ) ;
#2804 = CARTESIAN_POINT ( 'NONE',  ( 1.918529968437538757, -0.7009841025199371467, 0.3797558294957290026 ) ) ;
#2805 = LINE ( 'NONE', #4226, #9249 ) ;
#2806 = CARTESIAN_POINT ( 'NONE',  ( 0.4961224367392622625, -0.3314104039620722753, -1.099999999999999423 ) ) ;
#2807 = CARTESIAN_POINT ( 'NONE',  ( 1.274999999999999911, -0.5499999999999999334, 1.800000000000000044 ) ) ;
#2808 = DIRECTION ( 'NONE',  ( -0.000000000000000000, -0.000000000000000000, 1.000000000000000000 ) ) ;
#2809 = DIRECTION ( 'NONE',  ( -1.000000000000000000, 0.000000000000000000, 2.352799587455083312E-16 ) ) ;
#2810 = AXIS2_PLACEMENT_3D ( 'NONE', #7631, #2957, #5454 ) ;
#2811 = CARTESIAN_POINT ( 'NONE',  ( -0.4961224367392622625, -0.1000000000000000056, 0.4218284553639134460 ) ) ;
#2812 = ORIENTED_EDGE ( 'NONE', *, *, #83, .F. ) ;
#2813 = ORIENTED_EDGE ( 'NONE', *, *, #4801, .T. ) ;
#2814 = EDGE_CURVE ( 'NONE', #4421, #7127, #5591, .T. ) ;
#2815 = CARTESIAN_POINT ( 'NONE',  ( 0.2464402437188722428, 0.000000000000000000, 1.118610311246403866 ) ) ;
#2816 = VECTOR ( 'NONE', #143, 1000.000000000000000 ) ;
#2817 = LINE ( 'NONE', #3634, #3577 ) ;
#2818 = DIRECTION ( 'NONE',  ( 0.000000000000000000, 9.346570452461244058E-18, 1.000000000000000000 ) ) ;
#2819 = CARTESIAN_POINT ( 'NONE',  ( -1.867386645469348405, -0.09999999999999976963, -0.9886127665261839059 ) ) ;
#2820 = LINE ( 'NONE', #9679, #6953 ) ;
#2821 = CARTESIAN_POINT ( 'NONE',  ( 1.921686774920014384, -0.7156565321301862070, 0.3381433153319642337 ) ) ;
#2822 = CARTESIAN_POINT ( 'NONE',  ( -1.499999999999999334, -1.419999999999999929, -0.6999999999999998446 ) ) ;
#2823 = EDGE_LOOP ( 'NONE', ( #9159, #5794, #1654, #4643 ) ) ;
#2824 = ADVANCED_FACE ( 'NONE', ( #8311 ), #8259, .F. ) ;
#2825 = LINE ( 'NONE', #5220, #9649 ) ;
#2826 = AXIS2_PLACEMENT_3D ( 'NONE', #6773, #668, #6726 ) ;
#2827 = ORIENTED_EDGE ( 'NONE', *, *, #7287, .F. ) ;
#2828 = EDGE_CURVE ( 'NONE', #5293, #6659, #1369, .T. ) ;
#2829 = CARTESIAN_POINT ( 'NONE',  ( -1.499999999999999556, -1.269999999999999796, 0.6999999999999999556 ) ) ;
#2830 = AXIS2_PLACEMENT_3D ( 'NONE', #1214, #9720, #9064 ) ;
#2831 = DIRECTION ( 'NONE',  ( -0.000000000000000000, -0.000000000000000000, -1.000000000000000000 ) ) ;
#2832 = ORIENTED_EDGE ( 'NONE', *, *, #7331, .F. ) ;
#2833 = ADVANCED_FACE ( 'NONE', ( #4487 ), #5168, .T. ) ;
#2834 = LINE ( 'NONE', #5941, #130 ) ;
#2835 = ORIENTED_EDGE ( 'NONE', *, *, #5495, .T. ) ;
#2836 = PLANE ( 'NONE',  #5874 ) ;
#2837 = ORIENTED_EDGE ( 'NONE', *, *, #5306, .F. ) ;
#2838 = AXIS2_PLACEMENT_3D ( 'NONE', #2684, #6386, #335 ) ;
#2839 = EDGE_CURVE ( 'NONE', #3776, #1949, #4442, .T. ) ;
#2840 = CARTESIAN_POINT ( 'NONE',  ( -0.9237652542620762297, 0.000000000000000000, -1.399999999999999467 ) ) ;
#2841 = CARTESIAN_POINT ( 'NONE',  ( -0.9749999999999999778, -1.919999999999999929, 0.7500000000000000000 ) ) ;
#2842 = VECTOR ( 'NONE', #3030, 1000.000000000000000 ) ;
#2843 = CARTESIAN_POINT ( 'NONE',  ( 2.020435325659489578, -0.6998297393870691607, -0.3343091188803227753 ) ) ;
#2844 = ORIENTED_EDGE ( 'NONE', *, *, #1231, .T. ) ;
#2845 = LINE ( 'NONE', #2085, #3290 ) ;
#2846 = ORIENTED_EDGE ( 'NONE', *, *, #2667, .F. ) ;
#2847 = LINE ( 'NONE', #4515, #4889 ) ;
#2848 = EDGE_LOOP ( 'NONE', ( #7029, #3963, #9885, #8386, #9005 ) ) ;
#2849 = ORIENTED_EDGE ( 'NONE', *, *, #3012, .T. ) ;
#2850 = AXIS2_PLACEMENT_3D ( 'NONE', #3836, #587, #8264 ) ;
#2851 = ORIENTED_EDGE ( 'NONE', *, *, #4565, .T. ) ;
#2852 = ADVANCED_FACE ( 'NONE', ( #4293 ), #7542, .T. ) ;
#2853 = EDGE_CURVE ( 'NONE', #1557, #1660, #2170, .T. ) ;
#2854 = TOROIDAL_SURFACE ( 'NONE', #5615, 0.3464636981603574917, 0.08000000000000000167 ) ;
#2855 = CARTESIAN_POINT ( 'NONE',  ( 1.917043732780923104, -0.6863090189313303391, 0.3871486632666570893 ) ) ;
#2856 = CARTESIAN_POINT ( 'NONE',  ( 1.248005206753528551, -0.1055346924122023272, 1.859908777893144016 ) ) ;
#2857 = DIRECTION ( 'NONE',  ( 0.000000000000000000, -0.9948089135539065486, 0.1017606285048205939 ) ) ;
#2858 = CARTESIAN_POINT ( 'NONE',  ( -1.499999999999999556, -1.419999999999999929, -1.099999999999999867 ) ) ;
#2859 = LINE ( 'NONE', #6021, #1148 ) ;
#2860 = CARTESIAN_POINT ( 'NONE',  ( 1.917386645469348450, -0.1499999999999995226, -0.9886127665261839059 ) ) ;
#2861 = VECTOR ( 'NONE', #9022, 1000.000000000000000 ) ;
#2862 = DIRECTION ( 'NONE',  ( 0.000000000000000000, 0.000000000000000000, -1.000000000000000000 ) ) ;
#2863 = VERTEX_POINT ( 'NONE', #5263 ) ;
#2864 = ORIENTED_EDGE ( 'NONE', *, *, #2900, .T. ) ;
#2865 = ADVANCED_FACE ( 'NONE', ( #2014 ), #2920, .T. ) ;
#2866 = CARTESIAN_POINT ( 'NONE',  ( 1.274999999999999911, -0.4499999999999999001, 0.7000000000000001776 ) ) ;
#2867 = VECTOR ( 'NONE', #901, 1000.000000000000000 ) ;
#2868 = CARTESIAN_POINT ( 'NONE',  ( -1.901844315696993526, -0.004011408108431519133, 0.4140896160978098095 ) ) ;
#2869 = DIRECTION ( 'NONE',  ( -1.000000000000000000, 0.000000000000000000, 0.000000000000000000 ) ) ;
#2870 = CARTESIAN_POINT ( 'NONE',  ( 1.715052709667138631, -0.1000000000000000472, 1.350000000000000311 ) ) ;
#2871 = CARTESIAN_POINT ( 'NONE',  ( 1.921709421264349960, -0.7157700667990498644, 0.3654873694116634320 ) ) ;
#2872 = CARTESIAN_POINT ( 'NONE',  ( 1.200000000000000178, -0.05000000000000002359, 2.075000000000000178 ) ) ;
#2873 = EDGE_LOOP ( 'NONE', ( #3563, #3678, #1391, #9375 ) ) ;
#2874 = CARTESIAN_POINT ( 'NONE',  ( 2.100000000000000089, -0.3653699307730465806, 0.3499999999999999778 ) ) ;
#2875 = AXIS2_PLACEMENT_3D ( 'NONE', #4002, #7107, #9443 ) ;
#2876 = ORIENTED_EDGE ( 'NONE', *, *, #3146, .F. ) ;
#2877 = EDGE_CURVE ( 'NONE', #8644, #3585, #4398, .T. ) ;
#2878 = CARTESIAN_POINT ( 'NONE',  ( -2.100000000000000089, -0.3653699307730465806, 0.3499999999999999778 ) ) ;
#2879 = PLANE ( 'NONE',  #963 ) ;
#2880 = DIRECTION ( 'NONE',  ( -5.421010862427532031E-16, 0.000000000000000000, 1.000000000000000000 ) ) ;
#2881 = ORIENTED_EDGE ( 'NONE', *, *, #6620, .T. ) ;
#2882 = CARTESIAN_POINT ( 'NONE',  ( 2.122262099140557634, -0.9384702164696124838, -0.7661930767260418662 ) ) ;
#2883 = EDGE_CURVE ( 'NONE', #9388, #4113, #3684, .T. ) ;
#2884 = VECTOR ( 'NONE', #9880, 1000.000000000000000 ) ;
#2885 = LINE ( 'NONE', #2270, #8781 ) ;
#2886 = ORIENTED_EDGE ( 'NONE', *, *, #5719, .F. ) ;
#2887 = EDGE_CURVE ( 'NONE', #1560, #3004, #7446, .T. ) ;
#2888 = FACE_OUTER_BOUND ( 'NONE', #6905, .T. ) ;
#2889 = DIRECTION ( 'NONE',  ( -1.000000000000000000, -3.252606517456510541E-15, 0.000000000000000000 ) ) ;
#2890 = DIRECTION ( 'NONE',  ( 0.000000000000000000, 0.000000000000000000, 1.000000000000000000 ) ) ;
#2891 = FACE_OUTER_BOUND ( 'NONE', #6468, .T. ) ;
#2892 = CARTESIAN_POINT ( 'NONE',  ( -1.684053312136017277, -0.9316846845395710952, 0.7718015200835195433 ) ) ;
#2893 = ORIENTED_EDGE ( 'NONE', *, *, #3567, .F. ) ;
#2894 = EDGE_CURVE ( 'NONE', #8564, #6538, #3594, .T. ) ;
#2895 = VERTEX_POINT ( 'NONE', #6824 ) ;
#2896 = CARTESIAN_POINT ( 'NONE',  ( -1.845392560103486179, 0.000000000000000000, 1.399999999999999245 ) ) ;
#2897 = EDGE_LOOP ( 'NONE', ( #4222, #338, #6457, #2101, #658, #502, #5059 ) ) ;
#2898 = EDGE_LOOP ( 'NONE', ( #3870, #1980, #9466, #9563 ) ) ;
#2899 = VERTEX_POINT ( 'NONE', #9027 ) ;
#2900 = EDGE_CURVE ( 'NONE', #8715, #2563, #7041, .T. ) ;
#2901 = CARTESIAN_POINT ( 'NONE',  ( 2.017823248334182917, -0.6791648624299976289, 0.3871486632666570893 ) ) ;
#2902 = CARTESIAN_POINT ( 'NONE',  ( -1.401148175457528122, -0.6083740602123943741, 1.300000000000000266 ) ) ;
#2903 = CYLINDRICAL_SURFACE ( 'NONE', #2290, 0.04999999999999980155 ) ;
#2904 = CARTESIAN_POINT ( 'NONE',  ( -1.617386645469349959, -0.9650180178729044211, -0.7718015200835194323 ) ) ;
#2905 = CIRCLE ( 'NONE', #8737, 0.04999999999999991257 ) ;
#2906 = VERTEX_POINT ( 'NONE', #6034 ) ;
#2907 = EDGE_CURVE ( 'NONE', #650, #5696, #9124, .T. ) ;
#2908 = CARTESIAN_POINT ( 'NONE',  ( 2.143774953583233334, -1.226688135358414256, -8.673617379884035472E-16 ) ) ;
#2909 = PLANE ( 'NONE',  #669 ) ;
#2910 = FACE_OUTER_BOUND ( 'NONE', #3428, .T. ) ;
#2911 = EDGE_LOOP ( 'NONE', ( #2177, #5863, #6022, #6860 ) ) ;
#2912 = ORIENTED_EDGE ( 'NONE', *, *, #6577, .F. ) ;
#2913 = VECTOR ( 'NONE', #3281, 1000.000000000000000 ) ;
#2914 = AXIS2_PLACEMENT_3D ( 'NONE', #1601, #3155, #907 ) ;
#2915 = DIRECTION ( 'NONE',  ( 0.000000000000000000, 1.000000000000000000, 0.000000000000000000 ) ) ;
#2916 = CARTESIAN_POINT ( 'NONE',  ( -1.937306492611746922, -0.01729274708749455047, 0.4213399645313029573 ) ) ;
#2917 = CYLINDRICAL_SURFACE ( 'NONE', #3040, 0.2000000000000000944 ) ;
#2918 = CARTESIAN_POINT ( 'NONE',  ( 1.224999999999999867, -0.5499999999999999334, 1.800000000000000044 ) ) ;
#2919 = EDGE_CURVE ( 'NONE', #4747, #726, #8010, .T. ) ;
#2920 = CYLINDRICAL_SURFACE ( 'NONE', #2336, 0.2500000000000000000 ) ;
#2921 = AXIS2_PLACEMENT_3D ( 'NONE', #9543, #5850, #6396 ) ;
#2922 = VERTEX_POINT ( 'NONE', #6075 ) ;
#2923 = ORIENTED_EDGE ( 'NONE', *, *, #8907, .T. ) ;
#2924 = ORIENTED_EDGE ( 'NONE', *, *, #5411, .F. ) ;
#2925 = VECTOR ( 'NONE', #5089, 1000.000000000000000 ) ;
#2926 = DIRECTION ( 'NONE',  ( -1.000000000000000000, -0.000000000000000000, 0.000000000000000000 ) ) ;
#2927 = CARTESIAN_POINT ( 'NONE',  ( -1.224999999999999645, -0.5499999999999999334, 1.750000000000000000 ) ) ;
#2928 = DIRECTION ( 'NONE',  ( 1.000000000000000000, -0.000000000000000000, -0.000000000000000000 ) ) ;
#2929 = CARTESIAN_POINT ( 'NONE',  ( -1.715597471382980910, -0.1012310397681060320, 1.361026718364951593 ) ) ;
#2930 = VERTEX_POINT ( 'NONE', #5930 ) ;
#2931 = FACE_OUTER_BOUND ( 'NONE', #8986, .T. ) ;
#2932 = AXIS2_PLACEMENT_3D ( 'NONE', #4418, #8475, #2282 ) ;
#2933 = CARTESIAN_POINT ( 'NONE',  ( 1.344983577402405039, -0.1000000000000000056, 1.400000000000000355 ) ) ;
#2934 = VERTEX_POINT ( 'NONE', #6633 ) ;
#2935 = VECTOR ( 'NONE', #7053, 1000.000000000000000 ) ;
#2936 = ADVANCED_FACE ( 'NONE', ( #5882 ), #6872, .F. ) ;
#2937 = FACE_OUTER_BOUND ( 'NONE', #1346, .T. ) ;
#2938 = CARTESIAN_POINT ( 'NONE',  ( 0.4961224367392622625, -1.209585785936739821, -1.318443224227800359 ) ) ;
#2939 = FACE_OUTER_BOUND ( 'NONE', #2823, .T. ) ;
#2940 = DIRECTION ( 'NONE',  ( 0.000000000000000000, 0.000000000000000000, 1.000000000000000000 ) ) ;
#2941 = B_SPLINE_CURVE_WITH_KNOTS ( 'NONE', 3,
 ( #4831, #3355, #7066, #5755 ),
 .UNSPECIFIED., .F., .F.,
 ( 4, 4 ),
 ( 0.000000000000000000, 1.000000000000000000 ),
 .UNSPECIFIED. ) ;
#2942 = CARTESIAN_POINT ( 'NONE',  ( -2.684053312136017055, -0.4316846845395708732, -0.2774175960637573213 ) ) ;
#2943 = VERTEX_POINT ( 'NONE', #5364 ) ;
#2944 = VERTEX_POINT ( 'NONE', #9978 ) ;
#2945 = ADVANCED_FACE ( 'NONE', ( #2358 ), #5518, .T. ) ;
#2946 = DIRECTION ( 'NONE',  ( -0.000000000000000000, 1.000000000000000000, -0.000000000000000000 ) ) ;
#2947 = EDGE_LOOP ( 'NONE', ( #1279, #4252, #5604 ) ) ;
#2948 = ORIENTED_EDGE ( 'NONE', *, *, #5633, .T. ) ;
#2949 = ORIENTED_EDGE ( 'NONE', *, *, #9272, .T. ) ;
#2950 = ADVANCED_FACE ( 'NONE', ( #26 ), #1566, .T. ) ;
#2951 = CARTESIAN_POINT ( 'NONE',  ( 1.916386645469350114, -0.6766787072156476013, 0.3909982441722669733 ) ) ;
#2952 = FACE_OUTER_BOUND ( 'NONE', #3673, .T. ) ;
#2953 = DIRECTION ( 'NONE',  ( 3.231698293335027359E-15, -0.9935718556765874565, 0.1132032137679068184 ) ) ;
#2954 = DIRECTION ( 'NONE',  ( 0.7071067811865476838, -6.162975822039152677E-33, -0.7071067811865473507 ) ) ;
#2955 = ORIENTED_EDGE ( 'NONE', *, *, #5786, .T. ) ;
#2956 = APPLICATION_CONTEXT ( 'automotive_design' ) ;
#2957 = DIRECTION ( 'NONE',  ( 0.000000000000000000, 1.000000000000000000, -9.346570452461245599E-18 ) ) ;
#2958 = DIRECTION ( 'NONE',  ( 0.000000000000000000, 0.000000000000000000, -1.000000000000000000 ) ) ;
#2959 = EDGE_CURVE ( 'NONE', #651, #2537, #123, .T. ) ;
#2960 = DIRECTION ( 'NONE',  ( 0.000000000000000000, 1.000000000000000000, -0.000000000000000000 ) ) ;
#2961 = ORIENTED_EDGE ( 'NONE', *, *, #8097, .T. ) ;
#2962 = VERTEX_POINT ( 'NONE', #7791 ) ;
#2963 = ADVANCED_FACE ( 'NONE', ( #5469 ), #7738, .T. ) ;
#2964 = DIRECTION ( 'NONE',  ( 1.355252715606883008E-16, 1.000000000000000000, -0.000000000000000000 ) ) ;
#2965 = CARTESIAN_POINT ( 'NONE',  ( 2.017386645469349649, -0.6749825903389660153, -0.2733295117989480993 ) ) ;
#2966 = DIRECTION ( 'NONE',  ( -0.000000000000000000, 1.000000000000000000, -0.000000000000000000 ) ) ;
#2967 = CARTESIAN_POINT ( 'NONE',  ( 0.2595474544006036721, -1.376679697059090657, -1.344912995807318934 ) ) ;
#2968 = DIRECTION ( 'NONE',  ( -0.000000000000000000, -0.000000000000000000, 1.000000000000000000 ) ) ;
#2969 = EDGE_LOOP ( 'NONE', ( #3118, #2849, #5243, #864, #5830, #1267 ) ) ;
#2970 = ORIENTED_EDGE ( 'NONE', *, *, #5444, .T. ) ;
#2971 = AXIS2_PLACEMENT_3D ( 'NONE', #9549, #2599, #4782 ) ;
#2972 = EDGE_CURVE ( 'NONE', #8454, #9127, #5429, .T. ) ;
#2973 = EDGE_CURVE ( 'NONE', #5353, #6150, #7688, .T. ) ;
#2974 = DIRECTION ( 'NONE',  ( 0.000000000000000000, 0.000000000000000000, -1.000000000000000000 ) ) ;
#2975 = CARTESIAN_POINT ( 'NONE',  ( -2.021892826188541381, -0.7031414562147322300, 0.3376743873175932498 ) ) ;
#2976 = CARTESIAN_POINT ( 'NONE',  ( 1.499999999999999556, -1.419999999999999929, 1.099999999999999867 ) ) ;
#2977 = DIRECTION ( 'NONE',  ( -0.4148739022949276545, -0.9098789178756582219, 0.000000000000000000 ) ) ;
#2978 = CARTESIAN_POINT ( 'NONE',  ( -1.250000000000000000, -0.05000000000000002359, 2.075000000000000178 ) ) ;
#2979 = CARTESIAN_POINT ( 'NONE',  ( 1.224999999999999867, -1.050872620321864348, 2.133402456673817227 ) ) ;
#2980 = ORIENTED_EDGE ( 'NONE', *, *, #6536, .T. ) ;
#2981 = DIRECTION ( 'NONE',  ( -1.000000000000000000, 0.000000000000000000, 0.000000000000000000 ) ) ;
#2982 = VECTOR ( 'NONE', #2831, 1000.000000000000000 ) ;
#2983 = CARTESIAN_POINT ( 'NONE',  ( -0.4961224367392622625, -0.1000000000000000056, -1.201033706287569558 ) ) ;
#2984 = ORIENTED_EDGE ( 'NONE', *, *, #6324, .T. ) ;
#2985 = AXIS2_PLACEMENT_3D ( 'NONE', #4999, #4842, #7234 ) ;
#2986 = DIRECTION ( 'NONE',  ( 0.000000000000000000, -0.000000000000000000, 1.000000000000000000 ) ) ;
#2987 = CARTESIAN_POINT ( 'NONE',  ( -2.020277901345582716, -0.6929724139469591870, -0.3822878226370939325 ) ) ;
#2988 = DIRECTION ( 'NONE',  ( 0.000000000000000000, 1.000000000000000000, 0.000000000000000000 ) ) ;
#2989 = CARTESIAN_POINT ( 'NONE',  ( -1.922540961784761082, -0.7203928180455948516, -0.3421894333106162978 ) ) ;
#2990 = ORIENTED_EDGE ( 'NONE', *, *, #2425, .T. ) ;
#2991 = VERTEX_POINT ( 'NONE', #821 ) ;
#2992 = CIRCLE ( 'NONE', #2352, 0.4000000000000000222 ) ;
#2993 = FACE_OUTER_BOUND ( 'NONE', #6597, .T. ) ;
#2994 = ORIENTED_EDGE ( 'NONE', *, *, #8987, .T. ) ;
#2995 = ORIENTED_EDGE ( 'NONE', *, *, #261, .T. ) ;
#2996 = CARTESIAN_POINT ( 'NONE',  ( -0.4961224367392622625, -0.1000000000000000056, 1.382258232211409421 ) ) ;
#2997 = LINE ( 'NONE', #6110, #460 ) ;
#2998 = EDGE_CURVE ( 'NONE', #4066, #3582, #915, .T. ) ;
#2999 = VECTOR ( 'NONE', #7348, 1000.000000000000000 ) ;
#3000 = CARTESIAN_POINT ( 'NONE',  ( 1.899999999999999467, -7.560171795458674460, 0.5000000000000000000 ) ) ;
#3001 = DIRECTION ( 'NONE',  ( 0.000000000000000000, 0.000000000000000000, 1.000000000000000000 ) ) ;
#3002 = CARTESIAN_POINT ( 'NONE',  ( -2.817386645469349915, -0.9650180178729041991, -0.7718015200835190992 ) ) ;
#3003 = AXIS2_PLACEMENT_3D ( 'NONE', #1078, #5124, #330 ) ;
#3004 = VERTEX_POINT ( 'NONE', #3064 ) ;
#3005 = DIRECTION ( 'NONE',  ( 0.000000000000000000, 1.000000000000000000, 0.000000000000000000 ) ) ;
#3006 = ORIENTED_EDGE ( 'NONE', *, *, #9358, .T. ) ;
#3007 = CYLINDRICAL_SURFACE ( 'NONE', #2780, 0.04999999999999991257 ) ;
#3008 = ORIENTED_EDGE ( 'NONE', *, *, #8298, .F. ) ;
#3009 = EDGE_CURVE ( 'NONE', #9112, #8233, #6557, .T. ) ;
#3010 = EDGE_LOOP ( 'NONE', ( #6701, #4569, #3883, #4685, #194, #127 ) ) ;
#3011 = AXIS2_PLACEMENT_3D ( 'NONE', #6014, #654, #9770 ) ;
#3012 = EDGE_CURVE ( 'NONE', #7325, #782, #1854, .T. ) ;
#3013 = DIRECTION ( 'NONE',  ( -1.000000000000000000, 1.355252715606883008E-16, 0.000000000000000000 ) ) ;
#3014 = CARTESIAN_POINT ( 'NONE',  ( -1.925965292663617712, -0.01131737686935446394, 0.4204224364844058037 ) ) ;
#3015 = CARTESIAN_POINT ( 'NONE',  ( -1.917386645469350004, -0.6650180178729041547, -0.9299338753735266749 ) ) ;
#3016 = AXIS2_PLACEMENT_3D ( 'NONE', #4238, #6677, #2818 ) ;
#3017 = DIRECTION ( 'NONE',  ( 0.000000000000000000, 0.000000000000000000, 1.000000000000000000 ) ) ;
#3018 = CARTESIAN_POINT ( 'NONE',  ( -0.6006347602098600635, -1.420000000000000151, -1.399999999999999689 ) ) ;
#3019 = DIRECTION ( 'NONE',  ( -0.9098789178756583329, -0.4148739022949274324, -0.000000000000000000 ) ) ;
#3020 = VERTEX_POINT ( 'NONE', #3018 ) ;
#3021 = EDGE_CURVE ( 'NONE', #9790, #9692, #2504, .T. ) ;
#3022 = EDGE_LOOP ( 'NONE', ( #1052, #5159, #1995, #5337 ) ) ;
#3023 = ORIENTED_EDGE ( 'NONE', *, *, #4648, .T. ) ;
#3024 = VECTOR ( 'NONE', #8508, 1000.000000000000000 ) ;
#3025 = CARTESIAN_POINT ( 'NONE',  ( -1.995392560103486090, -0.1000000000000000056, -1.138612766526183817 ) ) ;
#3026 = CARTESIAN_POINT ( 'NONE',  ( -1.867386645469348405, -0.1499999999999996891, -0.9886127665261839059 ) ) ;
#3027 = CARTESIAN_POINT ( 'NONE',  ( 1.919256728351546704, -0.7074465468850771321, -0.3820832415370515323 ) ) ;
#3028 = PLANE ( 'NONE',  #9956 ) ;
#3029 = ORIENTED_EDGE ( 'NONE', *, *, #2654, .F. ) ;
#3030 = DIRECTION ( 'NONE',  ( 1.000000000000000000, 0.000000000000000000, 1.805093951117126478E-16 ) ) ;
#3031 = CARTESIAN_POINT ( 'NONE',  ( -1.224999999999999867, -1.050000000000000044, 1.849999999999999867 ) ) ;
#3032 = CIRCLE ( 'NONE', #4490, 0.1499999999999999667 ) ;
#3033 = ADVANCED_FACE ( 'NONE', ( #1666 ), #4743, .T. ) ;
#3034 = LINE ( 'NONE', #1337, #9271 ) ;
#3035 = EDGE_LOOP ( 'NONE', ( #2994, #2348, #6178, #81, #7632, #1697 ) ) ;
#3036 = DIRECTION ( 'NONE',  ( 0.000000000000000000, -0.01745240643728357757, 0.9998476951563912696 ) ) ;
#3037 = DIRECTION ( 'NONE',  ( 0.000000000000000000, 0.000000000000000000, 1.000000000000000000 ) ) ;
#3038 = FILL_AREA_STYLE_COLOUR ( '', #5212 ) ;
#3039 = CARTESIAN_POINT ( 'NONE',  ( -2.143774953583233334, -1.226688135358414034, -8.673617379884034486E-16 ) ) ;
#3040 = AXIS2_PLACEMENT_3D ( 'NONE', #5980, #2721, #4396 ) ;
#3041 = LINE ( 'NONE', #7860, #7696 ) ;
#3042 = ORIENTED_EDGE ( 'NONE', *, *, #8030, .T. ) ;
#3043 = EDGE_CURVE ( 'NONE', #5523, #1296, #918, .T. ) ;
#3044 = EDGE_LOOP ( 'NONE', ( #3615, #8122, #2714, #3221 ) ) ;
#3045 = ORIENTED_EDGE ( 'NONE', *, *, #2531, .F. ) ;
#3046 = EDGE_LOOP ( 'NONE', ( #9982, #7615, #400, #8778 ) ) ;
#3047 = AXIS2_PLACEMENT_3D ( 'NONE', #1462, #3167, #1787 ) ;
#3048 = FACE_OUTER_BOUND ( 'NONE', #8015, .T. ) ;
#3049 = CARTESIAN_POINT ( 'NONE',  ( 2.217386645469349826, -0.3983513512062374917, 0.2774175960637573213 ) ) ;
#3050 = DIRECTION ( 'NONE',  ( 0.000000000000000000, 0.000000000000000000, 1.000000000000000000 ) ) ;
#3051 = DIRECTION ( 'NONE',  ( -0.000000000000000000, 1.000000000000000000, -0.000000000000000000 ) ) ;
#3052 = CARTESIAN_POINT ( 'NONE',  ( -2.031274207352990135, -0.9799576066991059209, -0.5089130437326950807 ) ) ;
#3053 = ORIENTED_EDGE ( 'NONE', *, *, #2457, .T. ) ;
#3054 = DIRECTION ( 'NONE',  ( 1.000000000000000000, -0.000000000000000000, -0.000000000000000000 ) ) ;
#3055 = ORIENTED_EDGE ( 'NONE', *, *, #7509, .F. ) ;
#3056 = CARTESIAN_POINT ( 'NONE',  ( -2.017386645469349649, -0.7766002279829631316, 0.9172206883889949536 ) ) ;
#3057 = ORIENTED_EDGE ( 'NONE', *, *, #2668, .T. ) ;
#3058 = ORIENTED_EDGE ( 'NONE', *, *, #2202, .F. ) ;
#3059 = VECTOR ( 'NONE', #2251, 1000.000000000000000 ) ;
#3060 = EDGE_CURVE ( 'NONE', #6388, #1397, #7852, .T. ) ;
#3061 = LINE ( 'NONE', #8252, #3828 ) ;
#3062 = CARTESIAN_POINT ( 'NONE',  ( 1.700000000000000178, -0.1000000000000000472, -1.199999999999999734 ) ) ;
#3063 = DIRECTION ( 'NONE',  ( -3.210413239761970931E-15, 0.9870278567456314267, -0.1605490890915466096 ) ) ;
#3064 = CARTESIAN_POINT ( 'NONE',  ( -1.867386645469348405, -0.09999999999999976963, -0.4218284553639135015 ) ) ;
#3065 = CARTESIAN_POINT ( 'NONE',  ( 0.9237652542620762297, 0.000000000000000000, -1.351033706287569469 ) ) ;
#3066 = ORIENTED_EDGE ( 'NONE', *, *, #9031, .F. ) ;
#3067 = AXIS2_PLACEMENT_3D ( 'NONE', #8056, #3331, #4244 ) ;
#3068 = EDGE_CURVE ( 'NONE', #8031, #8795, #7077, .T. ) ;
#3069 = VECTOR ( 'NONE', #8893, 1000.000000000000000 ) ;
#3070 = ORIENTED_EDGE ( 'NONE', *, *, #1362, .T. ) ;
#3071 = ORIENTED_EDGE ( 'NONE', *, *, #5935, .T. ) ;
#3072 = PLANE ( 'NONE',  #8926 ) ;
#3073 = EDGE_CURVE ( 'NONE', #5642, #7978, #562, .T. ) ;
#3074 = CARTESIAN_POINT ( 'NONE',  ( -1.919256728351546704, -0.7074465468850771321, 0.3820832415370515323 ) ) ;
#3075 = VECTOR ( 'NONE', #3912, 1000.000000000000000 ) ;
#3076 = DIRECTION ( 'NONE',  ( 1.000000000000000000, 0.000000000000000000, 0.000000000000000000 ) ) ;
#3077 = VECTOR ( 'NONE', #7531, 1000.000000000000000 ) ;
#3078 = FACE_OUTER_BOUND ( 'NONE', #7816, .T. ) ;
#3079 = CARTESIAN_POINT ( 'NONE',  ( 1.949402302898350259, -0.1000000000000000056, 0.2718284553639134793 ) ) ;
#3080 = VERTEX_POINT ( 'NONE', #8803 ) ;
#3081 = CARTESIAN_POINT ( 'NONE',  ( -0.6006347602098601746, -0.1499999999999999667, -1.200000000000000178 ) ) ;
#3082 = DIRECTION ( 'NONE',  ( -1.000000000000000000, 0.000000000000000000, 0.000000000000000000 ) ) ;
#3083 = VECTOR ( 'NONE', #3730, 1000.000000000000000 ) ;
#3084 = ADVANCED_FACE ( 'NONE', ( #1903 ), #5665, .F. ) ;
#3085 = ORIENTED_EDGE ( 'NONE', *, *, #4558, .F. ) ;
#3086 = AXIS2_PLACEMENT_3D ( 'NONE', #6047, #1439, #5950 ) ;
#3087 =( GEOMETRIC_REPRESENTATION_CONTEXT ( 3 ) GLOBAL_UNCERTAINTY_ASSIGNED_CONTEXT ( ( #8039 ) ) GLOBAL_UNIT_ASSIGNED_CONTEXT ( ( #926, #4852, #3227 ) ) REPRESENTATION_CONTEXT ( 'NONE', 'WORKASPACE' ) );
#3088 = ADVANCED_FACE ( 'NONE', ( #212 ), #3314, .F. ) ;
#3089 = DIRECTION ( 'NONE',  ( -1.000000000000000000, 4.237045877651918192E-33, 3.330669073875468635E-16 ) ) ;
#3090 = CARTESIAN_POINT ( 'NONE',  ( -1.224999999999999645, -0.4499999999999999001, 0.7000000000000001776 ) ) ;
#3091 = CARTESIAN_POINT ( 'NONE',  ( -1.916386645469349892, -0.6650180178729041547, -0.3949867687062132426 ) ) ;
#3092 = VECTOR ( 'NONE', #8745, 1000.000000000000000 ) ;
#3093 = CARTESIAN_POINT ( 'NONE',  ( -1.243797756012290368, -0.1036681063531565417, 2.099119630351393706 ) ) ;
#3094 = FACE_OUTER_BOUND ( 'NONE', #6802, .T. ) ;
#3095 = VERTEX_POINT ( 'NONE', #2462 ) ;
#3096 = LINE ( 'NONE', #7154, #2935 ) ;
#3097 = ORIENTED_EDGE ( 'NONE', *, *, #5873, .T. ) ;
#3098 = ORIENTED_EDGE ( 'NONE', *, *, #1165, .T. ) ;
#3099 = VECTOR ( 'NONE', #8384, 1000.000000000000000 ) ;
#3100 = ADVANCED_FACE ( 'NONE', ( #6465 ), #310, .F. ) ;
#3101 = DIRECTION ( 'NONE',  ( 0.000000000000000000, 0.000000000000000000, -1.000000000000000000 ) ) ;
#3102 = CARTESIAN_POINT ( 'NONE',  ( 2.021455332513523828, -0.6997756005415647351, 0.3435697309260271615 ) ) ;
#3103 = CARTESIAN_POINT ( 'NONE',  ( -1.224999999999999867, -0.4499999999999999001, 1.750000000000000000 ) ) ;
#3104 = CARTESIAN_POINT ( 'NONE',  ( -0.2595474544006036721, -1.145404838548830684, -1.207029204805405431 ) ) ;
#3105 = CARTESIAN_POINT ( 'NONE',  ( -2.122262099140557634, -0.9384702164696124838, 0.7661930767260397568 ) ) ;
#3106 = ORIENTED_EDGE ( 'NONE', *, *, #2477, .F. ) ;
#3107 = ADVANCED_FACE ( 'NONE', ( #5766 ), #8855, .F. ) ;
#3108 = PLANE ( 'NONE',  #4587 ) ;
#3109 = CARTESIAN_POINT ( 'NONE',  ( 1.943513091188777020, -0.7898950624636773554, 0.9157532022455918685 ) ) ;
#3110 = ORIENTED_EDGE ( 'NONE', *, *, #6272, .F. ) ;
#3111 = VERTEX_POINT ( 'NONE', #8643 ) ;
#3112 = DIRECTION ( 'NONE',  ( -1.000000000000000000, -0.000000000000000000, -0.000000000000000000 ) ) ;
#3113 = SURFACE_STYLE_FILL_AREA ( #74 ) ;
#3114 = DIRECTION ( 'NONE',  ( 1.000000000000000000, 0.000000000000000000, 8.673617379884051249E-15 ) ) ;
#3115 = CYLINDRICAL_SURFACE ( 'NONE', #8419, 0.05000000000000012768 ) ;
#3116 = DIRECTION ( 'NONE',  ( 1.000000000000000000, 0.000000000000000000, 0.000000000000000000 ) ) ;
#3117 = AXIS2_PLACEMENT_3D ( 'NONE', #9938, #4548, #8368 ) ;
#3118 = ORIENTED_EDGE ( 'NONE', *, *, #5821, .T. ) ;
#3119 = VERTEX_POINT ( 'NONE', #9561 ) ;
#3120 = ORIENTED_EDGE ( 'NONE', *, *, #801, .F. ) ;
#3121 = ADVANCED_FACE ( 'NONE', ( #7282 ), #8038, .F. ) ;
#3122 = LINE ( 'NONE', #128, #1431 ) ;
#3123 = DIRECTION ( 'NONE',  ( -0.000000000000000000, 1.000000000000000000, -0.000000000000000000 ) ) ;
#3124 = ADVANCED_FACE ( 'NONE', ( #1708 ), #4118, .T. ) ;
#3125 = CARTESIAN_POINT ( 'NONE',  ( -1.499999999999999112, -1.419999999999999929, 1.099999999999999867 ) ) ;
#3126 = CARTESIAN_POINT ( 'NONE',  ( 1.700000000000000178, -1.420000000000000151, -1.199999999999999734 ) ) ;
#3127 = ORIENTED_EDGE ( 'NONE', *, *, #1851, .T. ) ;
#3128 = LINE ( 'NONE', #9376, #4787 ) ;
#3129 = DIRECTION ( 'NONE',  ( -1.000000000000000000, -0.000000000000000000, -0.000000000000000000 ) ) ;
#3130 = CIRCLE ( 'NONE', #4429, 0.1499999999999999667 ) ;
#3131 = DIRECTION ( 'NONE',  ( 1.000000000000000000, 0.000000000000000000, 0.000000000000000000 ) ) ;
#3132 = ORIENTED_EDGE ( 'NONE', *, *, #9579, .F. ) ;
#3133 = EDGE_CURVE ( 'NONE', #3344, #4725, #9462, .T. ) ;
#3134 = DIRECTION ( 'NONE',  ( 0.000000000000000000, 0.000000000000000000, 1.000000000000000000 ) ) ;
#3135 = PLANE ( 'NONE',  #798 ) ;
#3136 = LINE ( 'NONE', #47, #3823 ) ;
#3137 = ADVANCED_FACE ( 'NONE', ( #2509 ), #362, .T. ) ;
#3138 = VECTOR ( 'NONE', #832, 1000.000000000000000 ) ;
#3139 = SURFACE_SIDE_STYLE ('',( #188 ) ) ;
#3140 = FACE_OUTER_BOUND ( 'NONE', #2575, .T. ) ;
#3141 = DIRECTION ( 'NONE',  ( -0.000000000000000000, 1.000000000000000000, -0.000000000000000000 ) ) ;
#3142 = LINE ( 'NONE', #6292, #125 ) ;
#3143 = ORIENTED_EDGE ( 'NONE', *, *, #9799, .F. ) ;
#3144 = CARTESIAN_POINT ( 'NONE',  ( 2.031274207352990135, -0.9799576066991059209, -0.4816873910456424546 ) ) ;
#3145 = ORIENTED_EDGE ( 'NONE', *, *, #2654, .T. ) ;
#3146 = EDGE_CURVE ( 'NONE', #9029, #385, #1013, .T. ) ;
#3147 = ORIENTED_EDGE ( 'NONE', *, *, #7439, .T. ) ;
#3148 = AXIS2_PLACEMENT_3D ( 'NONE', #2407, #3973, #7642 ) ;
#3149 = APPLICATION_CONTEXT ( 'automotive_design' ) ;
#3150 = CARTESIAN_POINT ( 'NONE',  ( 2.031274207352645078, -0.9799576066992633505, 0.7661930767260480835 ) ) ;
#3151 = CARTESIAN_POINT ( 'NONE',  ( 2.021109966698408478, -0.6979379910946221788, 0.3355760257919302436 ) ) ;
#3152 = DIRECTION ( 'NONE',  ( -0.000000000000000000, -0.000000000000000000, 1.000000000000000000 ) ) ;
#3153 = CARTESIAN_POINT ( 'NONE',  ( 1.499999999999999556, -1.419999999999999929, -1.099999999999999867 ) ) ;
#3154 = CARTESIAN_POINT ( 'NONE',  ( -1.199999999999999956, 0.000000000000000000, 1.875000000000000222 ) ) ;
#3156 = VERTEX_POINT ( 'NONE', #258 ) ;
#3155 = DIRECTION ( 'NONE',  ( -0.9098789178756583329, 0.4148739022949274324, 0.000000000000000000 ) ) ;
#3157 = DIRECTION ( 'NONE',  ( 0.9098789178756582219, 0.4148739022949275435, 0.000000000000000000 ) ) ;
#3158 = ORIENTED_EDGE ( 'NONE', *, *, #3943, .T. ) ;
#3159 = CARTESIAN_POINT ( 'NONE',  ( 2.017386645469349649, -0.6935606511791634343, 0.9252032796654281466 ) ) ;
#3160 = ORIENTED_EDGE ( 'NONE', *, *, #7883, .F. ) ;
#3161 = ADVANCED_FACE ( 'NONE', ( #7991 ), #1062, .F. ) ;
#3162 = VERTEX_POINT ( 'NONE', #8908 ) ;
#3163 = AXIS2_PLACEMENT_3D ( 'NONE', #6777, #4494, #2974 ) ;
#3164 = CARTESIAN_POINT ( 'NONE',  ( -0.6006347602098601746, -1.420000000000000151, -1.200000000000000178 ) ) ;
#3165 = CARTESIAN_POINT ( 'NONE',  ( -1.499999999999999556, -1.419999999999999929, -1.099999999999999867 ) ) ;
#3166 = SURFACE_STYLE_USAGE ( .BOTH. , #4637 ) ;
#3167 = DIRECTION ( 'NONE',  ( 1.000000000000000000, 0.000000000000000000, -0.000000000000000000 ) ) ;
#3168 = DIRECTION ( 'NONE',  ( 1.000000000000000000, 0.000000000000000000, 0.000000000000000000 ) ) ;
#3169 = DIRECTION ( 'NONE',  ( -0.000000000000000000, -0.000000000000000000, -1.000000000000000000 ) ) ;
#3170 = VECTOR ( 'NONE', #1292, 1000.000000000000000 ) ;
#3171 = ORIENTED_EDGE ( 'NONE', *, *, #6861, .F. ) ;
#3172 = ORIENTED_EDGE ( 'NONE', *, *, #5157, .F. ) ;
#3173 = ORIENTED_EDGE ( 'NONE', *, *, #5842, .T. ) ;
#3174 = CARTESIAN_POINT ( 'NONE',  ( 1.989074743118145472, -0.8874080328634451620, -0.1447648332056548082 ) ) ;
#3175 = AXIS2_PLACEMENT_3D ( 'NONE', #4561, #7658, #740 ) ;
#3176 = CARTESIAN_POINT ( 'NONE',  ( 1.344983577402405039, -0.1000000000000000056, 1.247023181841393047 ) ) ;
#3177 = DIRECTION ( 'NONE',  ( -0.7071067811865476838, -1.232595164407830535E-32, -0.7071067811865473507 ) ) ;
#3178 = PLANE ( 'NONE',  #3117 ) ;
#3179 =( BOUNDED_SURFACE ( )  B_SPLINE_SURFACE ( 3, 2, ( 
 ( #3204, #5552, #6912 ),
 ( #9398, #2446, #2392 ),
 ( #1600, #7112, #8631 ),
 ( #7824, #3105, #5597 ) ),
 .UNSPECIFIED., .F., .F., .T. ) 
 B_SPLINE_SURFACE_WITH_KNOTS ( ( 4, 4 ),
 ( 3, 3 ),
 ( 1.973546296483288590E-05, 0.0001197354629648630789 ),
 ( 0.000000000000000000, 1.000000000000000000 ),
 .UNSPECIFIED. ) 
 GEOMETRIC_REPRESENTATION_ITEM ( )  RATIONAL_B_SPLINE_SURFACE ( (
 ( 1.000000000000000000, 0.8891885633483627149, 1.000000000000000000),
 ( 1.000000000000000000, 0.8891885633483627149, 1.000000000000000000),
 ( 1.000000000000000000, 0.8891885633483864737, 1.000000000000000000),
 ( 1.000000000000000000, 0.8891885633483864737, 1.000000000000000000) ) ) 
 REPRESENTATION_ITEM ( '' )  SURFACE ( )  );
#3180 = LINE ( 'NONE', #9278, #3138 ) ;
#3181 = ORIENTED_EDGE ( 'NONE', *, *, #1932, .T. ) ;
#3182 = CARTESIAN_POINT ( 'NONE',  ( -1.301148175457528033, -0.6083740602123943741, 1.300000000000000266 ) ) ;
#3183 = FACE_OUTER_BOUND ( 'NONE', #3763, .T. ) ;
#3184 = AXIS2_PLACEMENT_3D ( 'NONE', #830, #3322, #6421 ) ;
#3185 = ORIENTED_EDGE ( 'NONE', *, *, #1776, .T. ) ;
#3186 = EDGE_CURVE ( 'NONE', #4566, #9306, #7384, .T. ) ;
#3187 = DIRECTION ( 'NONE',  ( 0.000000000000000000, -1.000000000000000000, 0.000000000000000000 ) ) ;
#3188 = CARTESIAN_POINT ( 'NONE',  ( -1.920725336924328452, -0.7096506070018764323, -0.3252409048719889784 ) ) ;
#3189 = VECTOR ( 'NONE', #4620, 1000.000000000000000 ) ;
#3190 = EDGE_CURVE ( 'NONE', #6224, #4115, #274, .T. ) ;
#3191 = LINE ( 'NONE', #3904, #6227 ) ;
#3192 = CARTESIAN_POINT ( 'NONE',  ( 1.749182945851139648, -0.3612903674784972430, -1.344633953694285511 ) ) ;
#3193 = EDGE_LOOP ( 'NONE', ( #3719, #9538, #4940, #7209 ) ) ;
#3194 = CYLINDRICAL_SURFACE ( 'NONE', #868, 0.4000000000000001332 ) ;
#3195 = ORIENTED_EDGE ( 'NONE', *, *, #3813, .T. ) ;
#3196 = VERTEX_POINT ( 'NONE', #2048 ) ;
#3197 = ADVANCED_FACE ( 'NONE', ( #8301 ), #465, .F. ) ;
#3198 = VECTOR ( 'NONE', #3655, 1000.000000000000000 ) ;
#3199 = CARTESIAN_POINT ( 'NONE',  ( 1.799402302898350348, -0.1000000000000000056, -0.4218284553639131129 ) ) ;
#3200 = DIRECTION ( 'NONE',  ( -1.000000000000000000, 0.000000000000000000, 0.000000000000000000 ) ) ;
#3201 = FACE_OUTER_BOUND ( 'NONE', #7861, .T. ) ;
#3202 = CARTESIAN_POINT ( 'NONE',  ( -0.6006347602098601746, -1.420000000000000151, -1.200000000000000178 ) ) ;
#3203 = EDGE_CURVE ( 'NONE', #825, #8684, #4385, .T. ) ;
#3204 = CARTESIAN_POINT ( 'NONE',  ( -1.944422970106086224, -0.7894801885615936321, 0.9157532022455968646 ) ) ;
#3206 = ORIENTED_EDGE ( 'NONE', *, *, #252, .T. ) ;
#3205 = CYLINDRICAL_SURFACE ( 'NONE', #1772, 0.04999999999999991257 ) ;
#3207 = CARTESIAN_POINT ( 'NONE',  ( 1.679389374268562163, -0.2234557569309458258, -1.400000000000001243 ) ) ;
#3208 = ORIENTED_EDGE ( 'NONE', *, *, #4749, .T. ) ;
#3209 = DIRECTION ( 'NONE',  ( -0.4148739022949272659, 0.9098789178756584439, 0.000000000000000000 ) ) ;
#3210 = EDGE_LOOP ( 'NONE', ( #8775, #2408, #4530, #3916 ) ) ;
#3211 = VECTOR ( 'NONE', #8550, 1000.000000000000000 ) ;
#3212 = VERTEX_POINT ( 'NONE', #7582 ) ;
#3213 = EDGE_CURVE ( 'NONE', #9512, #1602, #7486, .T. ) ;
#3214 = B_SPLINE_CURVE_WITH_KNOTS ( 'NONE', 3,
 ( #2128, #6000, #443, #6695, #9094, #8277, #3506, #5236, #6599, #7562, #2743, #642, #3701, #6790, #5898, #8995 ),
 .UNSPECIFIED., .F., .F.,
 ( 4, 3, 3, 3, 3, 4 ),
 ( 0.000000000000000000, 4.325237360678474939E-05, 8.683504394338677581E-05, 0.0001265152838319787306, 0.0001653978884064867929, 0.0001772195740447809196 ),
 .UNSPECIFIED. ) ;
#3215 = CARTESIAN_POINT ( 'NONE',  ( 1.925691325761515138, -0.7508093341209401972, -0.9204838424213361847 ) ) ;
#3216 = LINE ( 'NONE', #5464, #5785 ) ;
#3217 = EDGE_CURVE ( 'NONE', #7238, #5747, #7516, .T. ) ;
#3218 = AXIS2_PLACEMENT_3D ( 'NONE', #6170, #4638, #3114 ) ;
#3219 = DIRECTION ( 'NONE',  ( 0.000000000000000000, 0.000000000000000000, 1.000000000000000000 ) ) ;
#3220 = DIRECTION ( 'NONE',  ( -0.4148739022949273769, -0.9098789178756583329, 4.472333961502704213E-15 ) ) ;
#3221 = ORIENTED_EDGE ( 'NONE', *, *, #6355, .F. ) ;
#3222 = ORIENTED_EDGE ( 'NONE', *, *, #6776, .T. ) ;
#3223 = ORIENTED_EDGE ( 'NONE', *, *, #9292, .T. ) ;
#3224 = CARTESIAN_POINT ( 'NONE',  ( -2.035410861894218382, -0.7479927983318898077, 0.9157532022455918685 ) ) ;
#3225 = LINE ( 'NONE', #4800, #8374 ) ;
#3226 = EDGE_CURVE ( 'NONE', #4090, #1191, #659, .T. ) ;
#3227 =( NAMED_UNIT ( * ) SI_UNIT ( $, .STERADIAN. ) SOLID_ANGLE_UNIT ( ) );
#3228 = CARTESIAN_POINT ( 'NONE',  ( -1.845392560103486179, 0.000000000000000000, 1.138612766526183595 ) ) ;
#3229 = AXIS2_PLACEMENT_3D ( 'NONE', #5417, #6174, #7793 ) ;
#3230 = EDGE_LOOP ( 'NONE', ( #6876, #56, #7727, #2310 ) ) ;
#3231 = CARTESIAN_POINT ( 'NONE',  ( 1.274999999999999911, -0.09999999999999982514, 0.7500000000000002220 ) ) ;
#3232 = CARTESIAN_POINT ( 'NONE',  ( -0.4961224367392622625, -0.1000000000000000056, 1.382258232211409421 ) ) ;
#3233 = VERTEX_POINT ( 'NONE', #3720 ) ;
#3234 = CIRCLE ( 'NONE', #7941, 0.2278784632047899938 ) ;
#3235 = PLANE ( 'NONE',  #8928 ) ;
#3236 = AXIS2_PLACEMENT_3D ( 'NONE', #1634, #7095, #1770 ) ;
#3237 =( BOUNDED_SURFACE ( )  B_SPLINE_SURFACE ( 3, 2, ( 
 ( #9295, #3150, #1448 ),
 ( #2234, #2338, #852 ),
 ( #9781, #4519, #6251 ),
 ( #5445, #3910, #9345 ) ),
 .UNSPECIFIED., .F., .F., .F. ) 
 B_SPLINE_SURFACE_WITH_KNOTS ( ( 4, 4 ),
 ( 3, 3 ),
 ( 1.952167777186474329E-05, 0.0001195216777718686953 ),
 ( 0.000000000000000000, 1.000000000000000000 ),
 .UNSPECIFIED. ) 
 GEOMETRIC_REPRESENTATION_ITEM ( )  RATIONAL_B_SPLINE_SURFACE ( (
 ( 1.000000000000000000, 0.8891885633483610496, 1.000000000000000000),
 ( 1.000000000000000000, 0.8891885633483610496, 1.000000000000000000),
 ( 1.000000000000000000, 0.8891885633483850304, 1.000000000000000000),
 ( 1.000000000000000000, 0.8891885633483850304, 1.000000000000000000) ) ) 
 REPRESENTATION_ITEM ( '' )  SURFACE ( )  );
#3238 = VECTOR ( 'NONE', #9070, 1000.000000000000000 ) ;
#3239 = DIRECTION ( 'NONE',  ( 0.000000000000000000, 0.000000000000000000, 1.000000000000000000 ) ) ;
#3240 = CARTESIAN_POINT ( 'NONE',  ( -1.699999999999999734, -1.419999999999999929, -0.4999999999999997780 ) ) ;
#3241 = VECTOR ( 'NONE', #1502, 1000.000000000000000 ) ;
#3242 = ORIENTED_EDGE ( 'NONE', *, *, #546, .T. ) ;
#3243 = AXIS2_PLACEMENT_3D ( 'NONE', #7871, #8534, #7770 ) ;
#3244 = DIRECTION ( 'NONE',  ( 0.000000000000000000, 0.000000000000000000, 1.000000000000000000 ) ) ;
#3245 = EDGE_LOOP ( 'NONE', ( #9001, #2886, #1289, #8044 ) ) ;
#3246 = ORIENTED_EDGE ( 'NONE', *, *, #8840, .T. ) ;
#3247 = EDGE_CURVE ( 'NONE', #4166, #6864, #3433, .T. ) ;
#3248 = DIRECTION ( 'NONE',  ( 0.000000000000000000, 1.626303258728252509E-15, -1.000000000000000000 ) ) ;
#3249 = PLANE ( 'NONE',  #8850 ) ;
#3250 = DIRECTION ( 'NONE',  ( 0.000000000000000000, 0.000000000000000000, 1.000000000000000000 ) ) ;
#3251 = FACE_OUTER_BOUND ( 'NONE', #5421, .T. ) ;
#3252 = EDGE_CURVE ( 'NONE', #782, #8527, #3524, .T. ) ;
#3253 = CARTESIAN_POINT ( 'NONE',  ( -1.274999999999999911, -1.050000000000000044, 2.083410071915997808 ) ) ;
#3255 = VERTEX_POINT ( 'NONE', #1358 ) ;
#3254 = CARTESIAN_POINT ( 'NONE',  ( 1.301148175457528033, -0.1999999999999999833, 0.7000000000000001776 ) ) ;
#3256 = CARTESIAN_POINT ( 'NONE',  ( 1.401148175457528122, -0.09999999999999999167, 1.349999999999999867 ) ) ;
#3257 = LINE ( 'NONE', #5602, #9754 ) ;
#3258 = ORIENTED_EDGE ( 'NONE', *, *, #1473, .T. ) ;
#3259 = ORIENTED_EDGE ( 'NONE', *, *, #6473, .T. ) ;
#3260 = EDGE_CURVE ( 'NONE', #1511, #5961, #1128, .T. ) ;
#3261 = AXIS2_PLACEMENT_3D ( 'NONE', #5702, #2640, #396 ) ;
#3262 = CARTESIAN_POINT ( 'NONE',  ( 1.715492542398821652, -0.1007422863593638862, 1.358865060221046139 ) ) ;
#3263 = DIRECTION ( 'NONE',  ( -1.000000000000000000, -0.000000000000000000, 0.000000000000000000 ) ) ;
#3264 = DIRECTION ( 'NONE',  ( -0.000000000000000000, -0.000000000000000000, -1.000000000000000000 ) ) ;
#3265 = MECHANICAL_DESIGN_GEOMETRIC_PRESENTATION_REPRESENTATION (  '', ( #7157 ), #9596 ) ;
#3266 = EDGE_CURVE ( 'NONE', #3951, #165, #9774, .T. ) ;
#3267 = CARTESIAN_POINT ( 'NONE',  ( 2.031274207352990135, -0.9799576066991059209, -1.510468355502019744 ) ) ;
#3268 = CARTESIAN_POINT ( 'NONE',  ( -1.749182945851139648, -0.3612903674784972985, -1.344633953694285511 ) ) ;
#3269 = CARTESIAN_POINT ( 'NONE',  ( 1.200000000000000178, -0.05000000000000002359, 2.075000000000000178 ) ) ;
#3270 = VERTEX_POINT ( 'NONE', #3627 ) ;
#3271 = ORIENTED_EDGE ( 'NONE', *, *, #5772, .T. ) ;
#3272 = EDGE_LOOP ( 'NONE', ( #9357, #2961, #5709, #7915 ) ) ;
#3273 = EDGE_CURVE ( 'NONE', #4426, #9006, #2162, .T. ) ;
#3274 = DIRECTION ( 'NONE',  ( -1.000000000000000000, 0.000000000000000000, 0.000000000000000000 ) ) ;
#3275 = CARTESIAN_POINT ( 'NONE',  ( 0.000000000000000000, -0.09999999999999982514, 1.208497736014245927 ) ) ;
#3276 = CARTESIAN_POINT ( 'NONE',  ( 0.4961224367392622625, -0.1500000000000002998, -1.250000000000000000 ) ) ;
#3277 = CARTESIAN_POINT ( 'NONE',  ( 2.035410861894218382, -0.7479927983318894746, 0.9157532022455918685 ) ) ;
#3278 = CARTESIAN_POINT ( 'NONE',  ( -1.499999999999999556, -1.269999999999999796, -1.099999999999999867 ) ) ;
#3279 = VERTEX_POINT ( 'NONE', #8345 ) ;
#3280 = DIRECTION ( 'NONE',  ( 0.000000000000000000, 0.000000000000000000, 1.000000000000000000 ) ) ;
#3281 = DIRECTION ( 'NONE',  ( 1.000000000000000000, -0.000000000000000000, -0.000000000000000000 ) ) ;
#3282 = ORIENTED_EDGE ( 'NONE', *, *, #7685, .F. ) ;
#3283 = EDGE_CURVE ( 'NONE', #9912, #1949, #2711, .T. ) ;
#3284 = EDGE_CURVE ( 'NONE', #5890, #8795, #3130, .T. ) ;
#3285 = DIRECTION ( 'NONE',  ( 0.000000000000000000, 1.000000000000000000, 0.000000000000000000 ) ) ;
#3286 = DIRECTION ( 'NONE',  ( -0.000000000000000000, -1.000000000000000000, 0.000000000000000000 ) ) ;
#3287 = DIRECTION ( 'NONE',  ( 0.000000000000000000, 0.000000000000000000, 1.000000000000000000 ) ) ;
#3288 = CARTESIAN_POINT ( 'NONE',  ( 1.944422970106652215, -0.7894801885613821346, 0.9157532022455919796 ) ) ;
#3289 = CARTESIAN_POINT ( 'NONE',  ( -0.6006347602098601746, -0.1499999999999999667, -1.200000000000000178 ) ) ;
#3290 = VECTOR ( 'NONE', #452, 1000.000000000000000 ) ;
#3291 = ORIENTED_EDGE ( 'NONE', *, *, #652, .T. ) ;
#3292 = DIRECTION ( 'NONE',  ( -0.000000000000000000, 0.000000000000000000, -1.000000000000000000 ) ) ;
#3293 = VERTEX_POINT ( 'NONE', #513 ) ;
#3294 = EDGE_CURVE ( 'NONE', #1348, #7325, #4335, .T. ) ;
#3295 = EDGE_LOOP ( 'NONE', ( #3359, #302, #9641, #9707 ) ) ;
#3296 = PRODUCT_RELATED_PRODUCT_CATEGORY ( 'part', '', ( #6607 ) ) ;
#3297 = CARTESIAN_POINT ( 'NONE',  ( -1.499999999999999556, -1.269999999999999796, 0.6999999999999999556 ) ) ;
#3298 = DIRECTION ( 'NONE',  ( 0.000000000000000000, 0.000000000000000000, -1.000000000000000000 ) ) ;
#3299 = CARTESIAN_POINT ( 'NONE',  ( -0.9749999999999999778, -1.919999999999999929, 0.7500000000000000000 ) ) ;
#3300 = FACE_OUTER_BOUND ( 'NONE', #6413, .T. ) ;
#3301 = ORIENTED_EDGE ( 'NONE', *, *, #5976, .F. ) ;
#3302 = DIRECTION ( 'NONE',  ( -0.000000000000000000, -1.000000000000000000, 0.000000000000000000 ) ) ;
#3303 = VECTOR ( 'NONE', #3539, 1000.000000000000114 ) ;
#3304 = CARTESIAN_POINT ( 'NONE',  ( 1.224999999999999867, -0.4999999999999998890, 1.750000000000000000 ) ) ;
#3305 = ORIENTED_EDGE ( 'NONE', *, *, #1414, .T. ) ;
#3306 = ORIENTED_EDGE ( 'NONE', *, *, #390, .F. ) ;
#3307 = EDGE_CURVE ( 'NONE', #1467, #6107, #1406, .T. ) ;
#3308 = CARTESIAN_POINT ( 'NONE',  ( 1.949402302898350259, -0.1499999999999996891, 0.2718284553639134793 ) ) ;
#3309 = AXIS2_PLACEMENT_3D ( 'NONE', #4121, #8966, #5870 ) ;
#3310 = LINE ( 'NONE', #9411, #4040 ) ;
#3311 = CARTESIAN_POINT ( 'NONE',  ( 1.243797756012290590, -0.1036681063531565417, 2.099119630351393706 ) ) ;
#3312 = FILL_AREA_STYLE_COLOUR ( '', #947 ) ;
#3313 = CARTESIAN_POINT ( 'NONE',  ( 1.890777186032642332, -0.001485991394322198466, -1.030357228331358233 ) ) ;
#3314 = PLANE ( 'NONE',  #8181 ) ;
#3315 = CARTESIAN_POINT ( 'NONE',  ( 0.000000000000000000, -0.1999999999999998168, 1.208497736014245927 ) ) ;
#3316 = ORIENTED_EDGE ( 'NONE', *, *, #1208, .T. ) ;
#3317 = ORIENTED_EDGE ( 'NONE', *, *, #7859, .F. ) ;
#3318 = VECTOR ( 'NONE', #5438, 1000.000000000000000 ) ;
#3319 = EDGE_CURVE ( 'NONE', #2922, #1825, #5917, .T. ) ;
#3320 = DIRECTION ( 'NONE',  ( 0.000000000000000000, 0.000000000000000000, 1.000000000000000000 ) ) ;
#3321 = LINE ( 'NONE', #9186, #3499 ) ;
#3322 = DIRECTION ( 'NONE',  ( -1.000000000000000000, -0.000000000000000000, 0.000000000000000000 ) ) ;
#3323 = VECTOR ( 'NONE', #3841, 1000.000000000000000 ) ;
#3324 = CARTESIAN_POINT ( 'NONE',  ( -1.926674489852814753, -0.7505551852821470415, 0.9204800932882366560 ) ) ;
#3325 = DIRECTION ( 'NONE',  ( 0.000000000000000000, 0.9876840514173279573, 0.1564615434407225780 ) ) ;
#3326 = CARTESIAN_POINT ( 'NONE',  ( 1.867386645469348405, 1.897353801849632760E-16, -0.3974207797200592363 ) ) ;
#3327 = ADVANCED_FACE ( 'NONE', ( #7827 ), #909, .F. ) ;
#3328 = CARTESIAN_POINT ( 'NONE',  ( -2.299999999999999822, -1.419999999999999929, 0.4999999999999994449 ) ) ;
#3329 = ORIENTED_EDGE ( 'NONE', *, *, #8728, .F. ) ;
#3330 = CARTESIAN_POINT ( 'NONE',  ( -2.035410861894218826, -0.7479927983318896967, -0.9157532022455918685 ) ) ;
#3331 = DIRECTION ( 'NONE',  ( 1.000000000000000000, 0.000000000000000000, 0.000000000000000000 ) ) ;
#3332 = CIRCLE ( 'NONE', #8520, 0.04999999999999996808 ) ;
#3333 = ORIENTED_EDGE ( 'NONE', *, *, #4449, .F. ) ;
#3334 = EDGE_CURVE ( 'NONE', #5122, #9636, #8538, .T. ) ;
#3335 = AXIS2_PLACEMENT_3D ( 'NONE', #5283, #5332, #8377 ) ;
#3336 = CARTESIAN_POINT ( 'NONE',  ( 1.917386645469348450, -0.1131169872250361169, 0.9928150550226966242 ) ) ;
#3337 = DIRECTION ( 'NONE',  ( -0.000000000000000000, -0.000000000000000000, 1.000000000000000000 ) ) ;
#3338 = ADVANCED_FACE ( 'NONE', ( #3865 ), #6064, .F. ) ;
#3339 = CARTESIAN_POINT ( 'NONE',  ( -1.922763643651558940, -0.7215653221533491202, 0.3498825380801598439 ) ) ;
#3340 = ORIENTED_EDGE ( 'NONE', *, *, #4926, .T. ) ;
#3341 = CARTESIAN_POINT ( 'NONE',  ( -1.995392560103486090, -0.1000000000000000056, -0.9886127665261839059 ) ) ;
#3342 = AXIS2_PLACEMENT_3D ( 'NONE', #4703, #8651, #8560 ) ;
#3343 = ORIENTED_EDGE ( 'NONE', *, *, #751, .F. ) ;
#3344 = VERTEX_POINT ( 'NONE', #1508 ) ;
#3345 = ORIENTED_EDGE ( 'NONE', *, *, #6443, .F. ) ;
#3346 = AXIS2_PLACEMENT_3D ( 'NONE', #196, #1739, #4928 ) ;
#3347 = PLANE ( 'NONE',  #4980 ) ;
#3348 = DIRECTION ( 'NONE',  ( 1.000000000000000000, 0.000000000000000000, 3.944829737176227913E-16 ) ) ;
#3349 = CARTESIAN_POINT ( 'NONE',  ( -2.017386645469349649, -0.6650180178729041547, -0.2471919620098809445 ) ) ;
#3350 = CARTESIAN_POINT ( 'NONE',  ( -1.344983577402405039, 0.000000000000000000, 1.400000000000000355 ) ) ;
#3351 = ADVANCED_FACE ( 'NONE', ( #2346 ), #9921, .F. ) ;
#3352 = CARTESIAN_POINT ( 'NONE',  ( 1.274999999999999911, -0.1499999999999998002, 2.099119630351393706 ) ) ;
#3353 = DIRECTION ( 'NONE',  ( 0.000000000000000000, 1.000000000000000000, 0.000000000000000000 ) ) ;
#3354 = EDGE_LOOP ( 'NONE', ( #6865, #3976, #1670 ) ) ;
#3355 = CARTESIAN_POINT ( 'NONE',  ( 2.017386645469349649, -0.6935382986227248692, -0.9252069843308824426 ) ) ;
#3356 = VERTEX_POINT ( 'NONE', #6814 ) ;
#3357 = VECTOR ( 'NONE', #8946, 1000.000000000000000 ) ;
#3358 = LINE ( 'NONE', #6353, #4718 ) ;
#3359 = ORIENTED_EDGE ( 'NONE', *, *, #5111, .F. ) ;
#3360 = ORIENTED_EDGE ( 'NONE', *, *, #6294, .F. ) ;
#3361 = DIRECTION ( 'NONE',  ( 1.000000000000000000, 0.000000000000000000, 0.000000000000000000 ) ) ;
#3362 = DIRECTION ( 'NONE',  ( -0.000000000000000000, -0.000000000000000000, 1.000000000000000000 ) ) ;
#3363 = CARTESIAN_POINT ( 'NONE',  ( 0.9749999999999999778, -1.919999999999999929, 0.5750000000000001776 ) ) ;
#3364 = FACE_OUTER_BOUND ( 'NONE', #4320, .T. ) ;
#3365 = CARTESIAN_POINT ( 'NONE',  ( -2.018212054728985461, -0.6836696381186885274, -0.3876298575169705996 ) ) ;
#3366 = VECTOR ( 'NONE', #8937, 1000.000000000000000 ) ;
#3367 = DIRECTION ( 'NONE',  ( 1.000000000000000000, 0.000000000000000000, -0.000000000000000000 ) ) ;
#3368 = ORIENTED_EDGE ( 'NONE', *, *, #8047, .F. ) ;
#3369 = ORIENTED_EDGE ( 'NONE', *, *, #4124, .F. ) ;
#3370 =( NAMED_UNIT ( * ) SI_UNIT ( $, .STERADIAN. ) SOLID_ANGLE_UNIT ( ) );
#3371 = EDGE_CURVE ( 'NONE', #5240, #9242, #9203, .T. ) ;
#3372 = CIRCLE ( 'NONE', #4508, 0.4000000000000000222 ) ;
#3373 = SPHERICAL_SURFACE ( 'NONE', #8541, 0.05000000000000000278 ) ;
#3374 = LINE ( 'NONE', #1068, #3979 ) ;
#3375 = DIRECTION ( 'NONE',  ( -0.000000000000000000, -0.1017606285048205939, -0.9948089135539065486 ) ) ;
#3376 = CARTESIAN_POINT ( 'NONE',  ( -0.9749999999999999778, -1.919999999999999929, 0.7500000000000000000 ) ) ;
#3377 = CARTESIAN_POINT ( 'NONE',  ( -0.6006347602098601746, -7.560171795458674460, -1.200000000000000178 ) ) ;
#3378 = DIRECTION ( 'NONE',  ( 3.210413239761970931E-15, -0.9870278567456314267, -0.1605490890915466096 ) ) ;
#3379 = CARTESIAN_POINT ( 'NONE',  ( -1.917386645469349782, -0.3274871287541996079, -0.4498892483251178409 ) ) ;
#3380 = ORIENTED_EDGE ( 'NONE', *, *, #1522, .T. ) ;
#3381 = EDGE_CURVE ( 'NONE', #8443, #4432, #1373, .T. ) ;
#3382 = CARTESIAN_POINT ( 'NONE',  ( -1.499999999999999556, -1.419999999999999929, 0.6999999999999999556 ) ) ;
#3383 = CARTESIAN_POINT ( 'NONE',  ( 1.850000000000000089, -0.1500000000000000777, -1.199999999999999734 ) ) ;
#3384 = VERTEX_POINT ( 'NONE', #9156 ) ;
#3385 = ADVANCED_FACE ( 'NONE', ( #1655 ), #4627, .T. ) ;
#3386 = FACE_OUTER_BOUND ( 'NONE', #3396, .T. ) ;
#3387 = AXIS2_PLACEMENT_3D ( 'NONE', #6568, #9463, #9562 ) ;
#3388 = CARTESIAN_POINT ( 'NONE',  ( 0.4961224367392622625, -0.2234557569309458258, -1.400000000000001243 ) ) ;
#3389 = AXIS2_PLACEMENT_3D ( 'NONE', #9266, #3683, #6171 ) ;
#3390 = CARTESIAN_POINT ( 'NONE',  ( -1.922659574986223197, -0.7210176064713035293, 0.3462282779537335098 ) ) ;
#3391 = ORIENTED_EDGE ( 'NONE', *, *, #8707, .T. ) ;
#3392 = EDGE_CURVE ( 'NONE', #1191, #9486, #6964, .T. ) ;
#3393 = DIRECTION ( 'NONE',  ( -0.7071067811865479058, -3.274080905458298898E-33, 0.7071067811865471286 ) ) ;
#3394 = ORIENTED_EDGE ( 'NONE', *, *, #7046, .F. ) ;
#3395 = DIRECTION ( 'NONE',  ( 0.9098789178756583329, -0.4148739022949275435, 1.610483921709693877E-16 ) ) ;
#3396 = EDGE_LOOP ( 'NONE', ( #7195, #9824, #9553, #3606 ) ) ;
#3397 = VECTOR ( 'NONE', #7023, 1000.000000000000000 ) ;
#3398 = EDGE_LOOP ( 'NONE', ( #2876, #6612, #262, #3853 ) ) ;
#3399 = CIRCLE ( 'NONE', #992, 0.1000000000000000472 ) ;
#3400 = EDGE_CURVE ( 'NONE', #7101, #922, #6859, .T. ) ;
#3401 = VECTOR ( 'NONE', #4534, 1000.000000000000000 ) ;
#3402 = CARTESIAN_POINT ( 'NONE',  ( 1.679389374268562163, -0.2234557569309442437, -1.300000000000001155 ) ) ;
#3403 = DIRECTION ( 'NONE',  ( -5.449175095217500610E-16, 0.000000000000000000, -1.000000000000000000 ) ) ;
#3404 = DIRECTION ( 'NONE',  ( 0.000000000000000000, 0.000000000000000000, -1.000000000000000000 ) ) ;
#3405 = CARTESIAN_POINT ( 'NONE',  ( -1.249999999999999778, -0.1066987298107779647, 2.078143022546534713 ) ) ;
#3406 = CIRCLE ( 'NONE', #7625, 0.04999999999999991257 ) ;
#3407 = DIRECTION ( 'NONE',  ( 0.000000000000000000, 0.1564615434407232442, -0.9876840514173278462 ) ) ;
#3408 = DIRECTION ( 'NONE',  ( 0.000000000000000000, 0.000000000000000000, -1.000000000000000000 ) ) ;
#3409 = AXIS2_PLACEMENT_3D ( 'NONE', #5718, #1156, #8801 ) ;
#3410 = DIRECTION ( 'NONE',  ( 0.000000000000000000, 1.000000000000000000, 0.000000000000000000 ) ) ;
#3411 = CARTESIAN_POINT ( 'NONE',  ( 1.867386645469348405, -0.1499999999999996891, -0.4218284553639132239 ) ) ;
#3412 = ORIENTED_EDGE ( 'NONE', *, *, #3213, .F. ) ;
#3413 = DIRECTION ( 'NONE',  ( 2.220446049250313081E-16, -2.465190328815658608E-32, 1.000000000000000000 ) ) ;
#3414 = ORIENTED_EDGE ( 'NONE', *, *, #2196, .T. ) ;
#3415 = ORIENTED_EDGE ( 'NONE', *, *, #1213, .T. ) ;
#3416 = EDGE_CURVE ( 'NONE', #1162, #6657, #4681, .T. ) ;
#3417 = AXIS2_PLACEMENT_3D ( 'NONE', #395, #292, #7319 ) ;
#3418 = EDGE_CURVE ( 'NONE', #5149, #3156, #250, .T. ) ;
#3419 = CARTESIAN_POINT ( 'NONE',  ( 1.715126993317819704, -0.09999999999999993616, 1.351487798242802851 ) ) ;
#3420 = CARTESIAN_POINT ( 'NONE',  ( -1.274999999999999911, -1.050000000000000044, 2.132544935071782444 ) ) ;
#3421 = CARTESIAN_POINT ( 'NONE',  ( -1.243424741281273116, -0.1034071546255520557, 1.849677423061596659 ) ) ;
#3422 = EDGE_CURVE ( 'NONE', #7065, #650, #5505, .T. ) ;
#3423 = CARTESIAN_POINT ( 'NONE',  ( 2.217386645469349826, -0.6650180178729041547, -1.510468355502019744 ) ) ;
#3424 = VECTOR ( 'NONE', #5661, 1000.000000000000000 ) ;
#3425 = AXIS2_PLACEMENT_3D ( 'NONE', #9451, #7929, #1003 ) ;
#3426 = CARTESIAN_POINT ( 'NONE',  ( 1.274999999999999911, -1.050000000000000044, 1.849999999999999867 ) ) ;
#3427 = DIRECTION ( 'NONE',  ( 0.000000000000000000, 0.000000000000000000, 1.000000000000000000 ) ) ;
#3428 = EDGE_LOOP ( 'NONE', ( #1205, #2332, #1240, #9384 ) ) ;
#3429 = ORIENTED_EDGE ( 'NONE', *, *, #945, .T. ) ;
#3430 = CYLINDRICAL_SURFACE ( 'NONE', #2216, 0.1000000000000000472 ) ;
#3431 = CARTESIAN_POINT ( 'NONE',  ( 2.017386645469348316, -0.07973365157532141811, 0.4901886125309882769 ) ) ;
#3432 = PLANE ( 'NONE',  #466 ) ;
#3433 = B_SPLINE_CURVE_WITH_KNOTS ( 'NONE', 3,
 ( #7533, #4279, #9666, #5969 ),
 .UNSPECIFIED., .F., .F.,
 ( 4, 4 ),
 ( 0.000000000000000000, 1.000000000000000000 ),
 .UNSPECIFIED. ) ;
#3434 = DIRECTION ( 'NONE',  ( 0.000000000000000000, 0.000000000000000000, 1.000000000000000000 ) ) ;
#3435 = DIRECTION ( 'NONE',  ( -1.000000000000000000, 0.000000000000000000, 0.000000000000000000 ) ) ;
#3436 = CARTESIAN_POINT ( 'NONE',  ( 1.250000000000000000, 0.000000000000000000, 2.075000000000000178 ) ) ;
#3437 = LINE ( 'NONE', #6529, #8173 ) ;
#3438 = VERTEX_POINT ( 'NONE', #2242 ) ;
#3439 = CARTESIAN_POINT ( 'NONE',  ( -2.045973160857283091, -0.9732553828315437805, 0.5089130437326935263 ) ) ;
#3440 = DIRECTION ( 'NONE',  ( 0.000000000000000000, 1.000000000000000000, 0.000000000000000000 ) ) ;
#3441 = ORIENTED_EDGE ( 'NONE', *, *, #7267, .T. ) ;
#3442 = EDGE_CURVE ( 'NONE', #2863, #7980, #5352, .T. ) ;
#3443 = PLANE ( 'NONE',  #7281 ) ;
#3444 = DIRECTION ( 'NONE',  ( 0.000000000000000000, 0.000000000000000000, 1.000000000000000000 ) ) ;
#3445 = DIRECTION ( 'NONE',  ( 1.000000000000000000, 0.000000000000000000, 0.000000000000000000 ) ) ;
#3446 = DIRECTION ( 'NONE',  ( 1.000000000000000000, 0.000000000000000000, 0.000000000000000000 ) ) ;
#3447 = ORIENTED_EDGE ( 'NONE', *, *, #1599, .T. ) ;
#3448 = SPHERICAL_SURFACE ( 'NONE', #6083, 0.05000000000000000278 ) ;
#3449 = ORIENTED_EDGE ( 'NONE', *, *, #8108, .T. ) ;
#3450 = DIRECTION ( 'NONE',  ( 2.465190328815661618E-32, -1.000000000000000000, 1.232595164407830672E-32 ) ) ;
#3451 = VERTEX_POINT ( 'NONE', #4733 ) ;
#3452 = VERTEX_POINT ( 'NONE', #8440 ) ;
#3453 = EDGE_CURVE ( 'NONE', #4115, #8806, #7675, .T. ) ;
#3454 = CARTESIAN_POINT ( 'NONE',  ( 1.699999999999999734, -1.419999999999999929, -0.4999999999999998890 ) ) ;
#3455 = CARTESIAN_POINT ( 'NONE',  ( -1.899999999999999467, -7.560171795458674460, -1.200000000000000178 ) ) ;
#3456 = FACE_OUTER_BOUND ( 'NONE', #7169, .T. ) ;
#3457 = LINE ( 'NONE', #6450, #7106 ) ;
#3458 = LINE ( 'NONE', #2746, #8833 ) ;
#3459 = DIRECTION ( 'NONE',  ( -3.252606517456513302E-15, 1.000000000000000000, -1.778769189234030712E-15 ) ) ;
#3460 = EDGE_CURVE ( 'NONE', #9659, #2787, #3628, .T. ) ;
#3461 = LINE ( 'NONE', #7418, #5088 ) ;
#3462 = ORIENTED_EDGE ( 'NONE', *, *, #4907, .F. ) ;
#3463 = PLANE ( 'NONE',  #379 ) ;
#3464 = VERTEX_POINT ( 'NONE', #1556 ) ;
#3465 = ORIENTED_EDGE ( 'NONE', *, *, #2828, .F. ) ;
#3466 = VECTOR ( 'NONE', #2497, 999.9999999999998863 ) ;
#3467 = EDGE_LOOP ( 'NONE', ( #6765, #7984, #9480, #646 ) ) ;
#3468 = CARTESIAN_POINT ( 'NONE',  ( -0.4961224367392622625, -1.178293477248595122, -1.515980034511265950 ) ) ;
#3469 = LINE ( 'NONE', #9111, #1963 ) ;
#3470 = AXIS2_PLACEMENT_3D ( 'NONE', #189, #1729, #3239 ) ;
#3471 = ADVANCED_FACE ( 'NONE', ( #807 ), #3108, .T. ) ;
#3472 = CARTESIAN_POINT ( 'NONE',  ( -1.699999999999999734, -0.1499999999999999667, -1.200000000000000178 ) ) ;
#3473 = CARTESIAN_POINT ( 'NONE',  ( -2.122262099140556302, -0.9384702164696131499, -0.4816873910456420105 ) ) ;
#3474 = CARTESIAN_POINT ( 'NONE',  ( 0.6006347602098603966, -0.1207106781186547129, -1.199999999999999956 ) ) ;
#3475 = ORIENTED_EDGE ( 'NONE', *, *, #7838, .T. ) ;
#3476 = ORIENTED_EDGE ( 'NONE', *, *, #7634, .F. ) ;
#3477 = VECTOR ( 'NONE', #1418, 1000.000000000000000 ) ;
#3478 = CARTESIAN_POINT ( 'NONE',  ( 1.499999999999999556, -1.269999999999999796, -1.099999999999999867 ) ) ;
#3479 = CARTESIAN_POINT ( 'NONE',  ( -0.6213454383285147431, -0.09999999999999996392, -1.379289321881345565 ) ) ;
#3480 = LINE ( 'NONE', #578, #1286 ) ;
#3481 = DIRECTION ( 'NONE',  ( -1.000000000000000000, -0.000000000000000000, -0.000000000000000000 ) ) ;
#3482 = ADVANCED_FACE ( 'NONE', ( #7926 ), #8026, .F. ) ;
#3483 = LINE ( 'NONE', #4912, #5112 ) ;
#3484 = VERTEX_POINT ( 'NONE', #6305 ) ;
#3485 = DIRECTION ( 'NONE',  ( -0.000000000000000000, -0.000000000000000000, -1.000000000000000000 ) ) ;
#3486 = VECTOR ( 'NONE', #1888, 1000.000000000000000 ) ;
#3487 = DIRECTION ( 'NONE',  ( 3.210413239761970931E-15, -0.9870278567456314267, -0.1605490890915466096 ) ) ;
#3488 = EDGE_LOOP ( 'NONE', ( #4988, #6179, #3391, #608 ) ) ;
#3489 = DIRECTION ( 'NONE',  ( 0.000000000000000000, 0.000000000000000000, 1.000000000000000000 ) ) ;
#3490 = AXIS2_PLACEMENT_3D ( 'NONE', #1844, #9505, #7175 ) ;
#3491 = AXIS2_PLACEMENT_3D ( 'NONE', #7367, #8021, #7921 ) ;
#3492 = DIRECTION ( 'NONE',  ( -0.000000000000000000, -1.000000000000000000, 9.346570452461245599E-18 ) ) ;
#3493 = VECTOR ( 'NONE', #2679, 1000.000000000000000 ) ;
#3494 = CARTESIAN_POINT ( 'NONE',  ( -1.922741929915652737, -0.7214547094251011483, 0.3536995480240347489 ) ) ;
#3495 = ORIENTED_EDGE ( 'NONE', *, *, #8047, .T. ) ;
#3496 = CARTESIAN_POINT ( 'NONE',  ( -1.949402302898350259, -0.1000000000000000056, -0.2718284553639134793 ) ) ;
#3497 = ORIENTED_EDGE ( 'NONE', *, *, #8141, .F. ) ;
#3498 = ADVANCED_FACE ( 'NONE', ( #9449 ), #298, .F. ) ;
#3499 = VECTOR ( 'NONE', #8468, 1000.000000000000000 ) ;
#3500 = B_SPLINE_CURVE_WITH_KNOTS ( 'NONE', 3,
 ( #2773, #2670, #2059, #1224 ),
 .UNSPECIFIED., .F., .F.,
 ( 4, 4 ),
 ( 0.000000000000000000, 1.000000000000000000 ),
 .UNSPECIFIED. ) ;
#3501 = CARTESIAN_POINT ( 'NONE',  ( 2.020600117820939179, -0.7007280757447160724, 0.3505198990488179733 ) ) ;
#3502 = ORIENTED_EDGE ( 'NONE', *, *, #8344, .F. ) ;
#3503 = EDGE_LOOP ( 'NONE', ( #5491, #9330, #5756, #5081 ) ) ;
#3504 = EDGE_CURVE ( 'NONE', #4834, #7537, #4162, .T. ) ;
#3505 = CARTESIAN_POINT ( 'NONE',  ( -1.499999999999999112, -1.419999999999999929, 1.099999999999999867 ) ) ;
#3506 = CARTESIAN_POINT ( 'NONE',  ( -1.929805399873949057, -0.01360388899027135425, -1.003711601175305557 ) ) ;
#3507 = CARTESIAN_POINT ( 'NONE',  ( 1.679389374268562163, -1.178293477248595122, -1.515980034511265950 ) ) ;
#3508 = CIRCLE ( 'NONE', #7399, 0.2000000000000003164 ) ;
#3509 = PLANE ( 'NONE',  #7388 ) ;
#3510 = DIRECTION ( 'NONE',  ( 0.000000000000000000, 0.000000000000000000, 1.000000000000000000 ) ) ;
#3511 = CARTESIAN_POINT ( 'NONE',  ( 0.4961224367392622625, -0.2234557569309442437, -1.300000000000001155 ) ) ;
#3512 = DIRECTION ( 'NONE',  ( 1.000000000000000000, 0.000000000000000000, -0.000000000000000000 ) ) ;
#3513 = CARTESIAN_POINT ( 'NONE',  ( 1.301148175457528255, -0.2000000000000001499, 1.300000000000000044 ) ) ;
#3514 = EDGE_LOOP ( 'NONE', ( #9924, #5457, #2683, #8349, #4667, #561, #1571 ) ) ;
#3515 = EDGE_CURVE ( 'NONE', #4152, #8817, #2941, .T. ) ;
#3516 = ORIENTED_EDGE ( 'NONE', *, *, #3226, .F. ) ;
#3517 = ORIENTED_EDGE ( 'NONE', *, *, #2091, .F. ) ;
#3518 = ORIENTED_EDGE ( 'NONE', *, *, #5731, .T. ) ;
#3519 = EDGE_CURVE ( 'NONE', #6749, #1135, #673, .T. ) ;
#3520 = CARTESIAN_POINT ( 'NONE',  ( 1.921013334249169313, -0.7175936869179160293, 0.3435697309260271615 ) ) ;
#3521 = CARTESIAN_POINT ( 'NONE',  ( 1.823837256205526502, -0.5250181477612768655, 0.5089130437326906398 ) ) ;
#3522 = FACE_OUTER_BOUND ( 'NONE', #3660, .T. ) ;
#3523 = VECTOR ( 'NONE', #3587, 1000.000000000000000 ) ;
#3524 = LINE ( 'NONE', #2099, #7358 ) ;
#3525 = DIRECTION ( 'NONE',  ( -2.352799587455083312E-16, 0.000000000000000000, -1.000000000000000000 ) ) ;
#3526 = ADVANCED_FACE ( 'NONE', ( #7222 ), #1744, .F. ) ;
#3527 = LINE ( 'NONE', #570, #2588 ) ;
#3528 = ORIENTED_EDGE ( 'NONE', *, *, #5691, .F. ) ;
#3529 = EDGE_LOOP ( 'NONE', ( #9725, #64, #5096, #6689, #8885, #1255 ) ) ;
#3530 = PRODUCT_DEFINITION_SHAPE ( 'NONE', 'NONE',  #9321 ) ;
#3531 = VECTOR ( 'NONE', #8376, 1000.000000000000000 ) ;
#3532 = ADVANCED_FACE ( 'NONE', ( #8633 ), #4060, .T. ) ;
#3533 = DIRECTION ( 'NONE',  ( -0.000000000000000000, -1.000000000000000000, -0.000000000000000000 ) ) ;
#3534 = LINE ( 'NONE', #3431, #7946 ) ;
#3535 = CARTESIAN_POINT ( 'NONE',  ( -1.224999999999999645, -0.5499999999999999334, 1.849999999999999867 ) ) ;
#3536 = AXIS2_PLACEMENT_3D ( 'NONE', #6422, #7950, #2569 ) ;
#3537 = DIRECTION ( 'NONE',  ( 0.000000000000000000, 0.9876840514173278462, 0.1564615434407232164 ) ) ;
#3538 = LINE ( 'NONE', #1968, #2578 ) ;
#3539 = DIRECTION ( 'NONE',  ( -0.7071067811865477948, -3.274080905458298213E-33, 0.7071067811865472397 ) ) ;
#3540 = CARTESIAN_POINT ( 'NONE',  ( -1.699999999999999734, -1.269999999999999796, -0.5000000000000001110 ) ) ;
#3541 = ORIENTED_EDGE ( 'NONE', *, *, #788, .F. ) ;
#3542 = AXIS2_PLACEMENT_3D ( 'NONE', #8730, #5414, #1564 ) ;
#3543 = ADVANCED_FACE ( 'NONE', ( #1836 ), #8845, .F. ) ;
#3544 = DIRECTION ( 'NONE',  ( 1.000000000000000000, -9.757819552369557261E-15, 0.000000000000000000 ) ) ;
#3545 = LINE ( 'NONE', #381, #640 ) ;
#3546 = CARTESIAN_POINT ( 'NONE',  ( -1.920504353811869347, -0.7081562248384380975, 0.3774592280180909531 ) ) ;
#3547 = CLOSED_SHELL ( 'NONE', ( #7855, #7665, #7493, #3327, #8597, #6742, #6645, #1432, #3750, #5989, #4745, #1919, #7210, #4246, #8478, #6012, #9668, #5658, #4570, #8675, #3878, #8645, #5063, #9221, #3137, #9515, #2107, #8418, #4757, #5744, #3687, #1694, #4080, #4270, #5037, #9181, #5629, #2029, #9474, #2067, #1453, #3711, #7233, #5813, #8623, #9876, #2279, #2824, #6460, #9129, #703, #4402, #2833, #2266, #3532, #5757, #776, #3789, #746, #4117, #9803, #2238, #6369, #209, #3197, #2517, #4820 ) ) ;
#3548 = ORIENTED_EDGE ( 'NONE', *, *, #5309, .T. ) ;
#3549 = CARTESIAN_POINT ( 'NONE',  ( 2.299999999999999378, -1.419999999999999929, -1.100000000000000089 ) ) ;
#3550 = ORIENTED_EDGE ( 'NONE', *, *, #7287, .T. ) ;
#3551 = VERTEX_POINT ( 'NONE', #161 ) ;
#3552 = ORIENTED_EDGE ( 'NONE', *, *, #5004, .T. ) ;
#3553 = AXIS2_PLACEMENT_3D ( 'NONE', #3269, #6363, #8699 ) ;
#3554 = AXIS2_PLACEMENT_3D ( 'NONE', #8158, #2619, #5729 ) ;
#3555 = CARTESIAN_POINT ( 'NONE',  ( 2.299999999999999822, -1.269999999999999796, 0.4999999999999995559 ) ) ;
#3556 = DIRECTION ( 'NONE',  ( 0.000000000000000000, 1.000000000000000000, 0.000000000000000000 ) ) ;
#3557 = CARTESIAN_POINT ( 'NONE',  ( 1.900001432804957480, -1.419999999999999929, -0.5000000000000000000 ) ) ;
#3558 = CARTESIAN_POINT ( 'NONE',  ( 1.499999999999999556, -1.419999999999999929, 1.099999999999999867 ) ) ;
#3559 = CYLINDRICAL_SURFACE ( 'NONE', #3702, 0.1000000000000000472 ) ;
#3560 = CARTESIAN_POINT ( 'NONE',  ( -1.921207282940305738, -0.7128539778691765916, -0.3283420454898630658 ) ) ;
#3561 = DIRECTION ( 'NONE',  ( 0.000000000000000000, 0.000000000000000000, -1.000000000000000000 ) ) ;
#3562 = AXIS2_PLACEMENT_3D ( 'NONE', #412, #1904, #4949 ) ;
#3563 = ORIENTED_EDGE ( 'NONE', *, *, #1076, .F. ) ;
#3564 = VECTOR ( 'NONE', #6432, 1000.000000000000000 ) ;
#3565 = CARTESIAN_POINT ( 'NONE',  ( 1.699999999999999734, -1.419999999999999929, 0.4999999999999997780 ) ) ;
#3566 = ORIENTED_EDGE ( 'NONE', *, *, #968, .T. ) ;
#3567 = EDGE_CURVE ( 'NONE', #7398, #425, #350, .T. ) ;
#3568 = ORIENTED_EDGE ( 'NONE', *, *, #3068, .T. ) ;
#3569 = ORIENTED_EDGE ( 'NONE', *, *, #5888, .T. ) ;
#3570 = CARTESIAN_POINT ( 'NONE',  ( 1.919135698668536616, -0.6975882380730297205, 0.3815783491883482648 ) ) ;
#3571 = AXIS2_PLACEMENT_3D ( 'NONE', #5918, #2764, #8193 ) ;
#3572 = ADVANCED_FACE ( 'NONE', ( #2547 ), #1891, .F. ) ;
#3573 = CARTESIAN_POINT ( 'NONE',  ( -1.917386645469349782, -0.6650180178729041547, -0.3949867687062132426 ) ) ;
#3574 = AXIS2_PLACEMENT_3D ( 'NONE', #7989, #361, #5816 ) ;
#3575 = LINE ( 'NONE', #7670, #1023 ) ;
#3576 = DIRECTION ( 'NONE',  ( -1.000000000000000000, 0.000000000000000000, 0.000000000000000000 ) ) ;
#3577 = VECTOR ( 'NONE', #9021, 1000.000000000000000 ) ;
#3578 = DIRECTION ( 'NONE',  ( 0.9098789178756583329, 0.4148739022949274324, 0.000000000000000000 ) ) ;
#3579 = CARTESIAN_POINT ( 'NONE',  ( -1.967815858791149175, -0.03858198928555468116, 0.9911694704943525558 ) ) ;
#3580 =( GEOMETRIC_REPRESENTATION_CONTEXT ( 3 ) GLOBAL_UNCERTAINTY_ASSIGNED_CONTEXT ( ( #9667 ) ) GLOBAL_UNIT_ASSIGNED_CONTEXT ( ( #8807, #6469, #6190 ) ) REPRESENTATION_CONTEXT ( 'NONE', 'WORKASPACE' ) );
#3581 = CARTESIAN_POINT ( 'NONE',  ( 0.4961224367392622625, -0.1000000000000000056, -1.201033706287569558 ) ) ;
#3582 = VERTEX_POINT ( 'NONE', #4989 ) ;
#3583 = ADVANCED_FACE ( 'NONE', ( #9605 ), #2645, .F. ) ;
#3584 = VECTOR ( 'NONE', #7482, 1000.000000000000000 ) ;
#3585 = VERTEX_POINT ( 'NONE', #4009 ) ;
#3586 = VECTOR ( 'NONE', #6474, 1000.000000000000000 ) ;
#3587 = DIRECTION ( 'NONE',  ( -2.465190328815661892E-32, 1.000000000000000000, -2.465190328815661892E-32 ) ) ;
#3588 = ADVANCED_FACE ( 'NONE', ( #7115 ), #2142, .T. ) ;
#3589 = CARTESIAN_POINT ( 'NONE',  ( -1.499999999999999556, -1.269999999999999796, 0.6999999999999999556 ) ) ;
#3590 = DIRECTION ( 'NONE',  ( 0.000000000000000000, -1.590163186312073380E-14, -1.000000000000000000 ) ) ;
#3591 = CARTESIAN_POINT ( 'NONE',  ( 1.224999999999999867, -1.050000000000000044, 2.083410071915998252 ) ) ;
#3592 = CYLINDRICAL_SURFACE ( 'NONE', #3718, 0.04999999999999991257 ) ;
#3593 = CARTESIAN_POINT ( 'NONE',  ( -1.224999999999999867, -0.1499999999999998002, 0.7500000000000002220 ) ) ;
#3594 = LINE ( 'NONE', #2776, #8993 ) ;
#3595 = CARTESIAN_POINT ( 'NONE',  ( -1.274999999999999911, 0.000000000000000000, 0.000000000000000000 ) ) ;
#3596 = EDGE_CURVE ( 'NONE', #823, #9142, #8232, .T. ) ;
#3597 = VERTEX_POINT ( 'NONE', #6702 ) ;
#3598 = AXIS2_PLACEMENT_3D ( 'NONE', #2800, #5906, #3804 ) ;
#3599 = DIRECTION ( 'NONE',  ( -1.000000000000000000, 1.232595164407830946E-32, -1.387778780781445676E-16 ) ) ;
#3600 = DIRECTION ( 'NONE',  ( 0.000000000000000000, -1.000000000000000000, 9.346570452461247140E-18 ) ) ;
#3601 = CIRCLE ( 'NONE', #6830, 0.05000000000000002359 ) ;
#3602 = CARTESIAN_POINT ( 'NONE',  ( -1.715384737261160808, -0.1003968415546547671, 1.356666135327910805 ) ) ;
#3603 = EDGE_LOOP ( 'NONE', ( #5301, #2232, #967, #1835 ) ) ;
#3604 = FACE_OUTER_BOUND ( 'NONE', #7854, .T. ) ;
#3605 = EDGE_CURVE ( 'NONE', #9512, #3707, #1250, .T. ) ;
#3606 = ORIENTED_EDGE ( 'NONE', *, *, #3605, .T. ) ;
#3607 = EDGE_CURVE ( 'NONE', #8739, #8290, #6221, .T. ) ;
#3608 = LINE ( 'NONE', #9183, #7969 ) ;
#3609 = ORIENTED_EDGE ( 'NONE', *, *, #6602, .T. ) ;
#3610 = FACE_OUTER_BOUND ( 'NONE', #7554, .T. ) ;
#3611 = DIRECTION ( 'NONE',  ( 1.000000000000000000, -2.168404344971008079E-15, 0.000000000000000000 ) ) ;
#3612 = CARTESIAN_POINT ( 'NONE',  ( -1.717386645469347606, -0.1499999999999999667, 1.399999999999999911 ) ) ;
#3613 = CARTESIAN_POINT ( 'NONE',  ( 1.224999999999999867, -0.1499999999999998002, 0.7000000000000001776 ) ) ;
#3614 = CARTESIAN_POINT ( 'NONE',  ( -1.817386645469349915, -0.4650180178729040326, -0.2774175960637574323 ) ) ;
#3615 = ORIENTED_EDGE ( 'NONE', *, *, #2839, .T. ) ;
#3616 = EDGE_CURVE ( 'NONE', #5668, #1446, #3461, .T. ) ;
#3617 = CARTESIAN_POINT ( 'NONE',  ( 1.203495523398421030, -0.1072190875874353688, 2.125000000000000000 ) ) ;
#3618 = ORIENTED_EDGE ( 'NONE', *, *, #9728, .F. ) ;
#3619 = CARTESIAN_POINT ( 'NONE',  ( 0.4999036671014916444, -0.01607911504894374288, -1.317566238417761992 ) ) ;
#3620 = EDGE_LOOP ( 'NONE', ( #5761, #4759, #1479, #5109 ) ) ;
#3621 = ORIENTED_EDGE ( 'NONE', *, *, #2337, .T. ) ;
#3622 = ORIENTED_EDGE ( 'NONE', *, *, #1851, .F. ) ;
#3623 = CARTESIAN_POINT ( 'NONE',  ( 1.922017067305870519, -0.7175267638848487062, 0.3599183875473372374 ) ) ;
#3624 = CARTESIAN_POINT ( 'NONE',  ( 1.499999999999999556, -1.269999999999999796, -1.099999999999999867 ) ) ;
#3625 = LINE ( 'NONE', #6810, #4067 ) ;
#3626 = DIRECTION ( 'NONE',  ( 0.9098789178756583329, 0.4148739022949274879, -1.763512170734858089E-16 ) ) ;
#3627 = CARTESIAN_POINT ( 'NONE',  ( 1.274999999999999911, -0.4499999999999999001, 1.750000000000000000 ) ) ;
#3628 = CIRCLE ( 'NONE', #9947, 0.4000000000000000222 ) ;
#3629 = CARTESIAN_POINT ( 'NONE',  ( -1.348948686836070276, -0.1553890661920740990, 1.389221867615851869 ) ) ;
#3630 = ORIENTED_EDGE ( 'NONE', *, *, #4565, .F. ) ;
#3631 = VERTEX_POINT ( 'NONE', #1994 ) ;
#3632 = EDGE_CURVE ( 'NONE', #3255, #8132, #1944, .T. ) ;
#3633 =( BOUNDED_SURFACE ( )  B_SPLINE_SURFACE ( 3, 2, ( 
 ( #1343, #6793, #6243 ),
 ( #985, #8470, #6197 ),
 ( #1538, #893, #2380 ),
 ( #3993, #6385, #3948 ) ),
 .UNSPECIFIED., .F., .F., .F. ) 
 B_SPLINE_SURFACE_WITH_KNOTS ( ( 4, 4 ),
 ( 3, 3 ),
 ( 1.952167777187619179E-05, 0.0001195216777718763389 ),
 ( 0.000000000000000000, 1.000000000000000000 ),
 .UNSPECIFIED. ) 
 GEOMETRIC_REPRESENTATION_ITEM ( )  RATIONAL_B_SPLINE_SURFACE ( (
 ( 1.000000000000000000, 0.8891885633483869178, 1.000000000000000000),
 ( 1.000000000000000000, 0.8891885633483869178, 1.000000000000000000),
 ( 1.000000000000000000, 0.8891885633483868068, 1.000000000000000000),
 ( 1.000000000000000000, 0.8891885633483868068, 1.000000000000000000) ) ) 
 REPRESENTATION_ITEM ( '' )  SURFACE ( )  );
#3634 = CARTESIAN_POINT ( 'NONE',  ( 1.917386645469348894, -0.1499999999999995226, -0.4218284553639131129 ) ) ;
#3635 = DIRECTION ( 'NONE',  ( -0.000000000000000000, 1.000000000000000000, -0.000000000000000000 ) ) ;
#3636 = CARTESIAN_POINT ( 'NONE',  ( -1.899999999999999467, -1.269999999999999796, -0.5000000000000000000 ) ) ;
#3637 = DIRECTION ( 'NONE',  ( -0.000000000000000000, -0.000000000000000000, 1.000000000000000000 ) ) ;
#3638 = DIRECTION ( 'NONE',  ( -1.000000000000000000, 0.000000000000000000, 0.000000000000000000 ) ) ;
#3639 = SURFACE_STYLE_USAGE ( .BOTH. , #7448 ) ;
#3640 = EDGE_CURVE ( 'NONE', #5408, #4626, #8498, .T. ) ;
#3641 = AXIS2_PLACEMENT_3D ( 'NONE', #6172, #172, #3168 ) ;
#3642 = ORIENTED_EDGE ( 'NONE', *, *, #3903, .T. ) ;
#3643 = CARTESIAN_POINT ( 'NONE',  ( 1.849999522405189500, -0.1500000000000000777, 1.200000002410433364 ) ) ;
#3644 = EDGE_CURVE ( 'NONE', #8507, #1237, #9994, .T. ) ;
#3645 = CARTESIAN_POINT ( 'NONE',  ( -1.916386645469349448, -0.6650180178729042657, 0.3949867687062137978 ) ) ;
#3646 = B_SPLINE_CURVE_WITH_KNOTS ( 'NONE', 3,
 ( #1312, #4336, #7434, #3579, #6668, #9775, #4386, #7487, #569, #4711, #4808, #4602, #887, #9430, #7091, #932 ),
 .UNSPECIFIED., .F., .F.,
 ( 4, 3, 3, 3, 3, 4 ),
 ( 2.710505431213761085E-20, 4.325237360678489847E-05, 8.683504394338712818E-05, 0.0001265152838319787306, 0.0001653978884064865760, 0.0001772195740447806214 ),
 .UNSPECIFIED. ) ;
#3647 = DIRECTION ( 'NONE',  ( 4.237045877651917508E-33, -1.000000000000000000, -1.222965514685893946E-32 ) ) ;
#3648 = ORIENTED_EDGE ( 'NONE', *, *, #5809, .F. ) ;
#3649 = CARTESIAN_POINT ( 'NONE',  ( 0.000000000000000000, -0.1199999999999998290, 1.554961434174603196 ) ) ;
#3650 = EDGE_CURVE ( 'NONE', #2463, #662, #9051, .T. ) ;
#3651 = DIRECTION ( 'NONE',  ( 1.000000000000000000, 1.144624758761189350E-33, 1.224646799147353207E-16 ) ) ;
#3652 = VERTEX_POINT ( 'NONE', #4266 ) ;
#3653 = AXIS2_PLACEMENT_3D ( 'NONE', #3511, #9602, #1045 ) ;
#3654 = EDGE_CURVE ( 'NONE', #4514, #4886, #7372, .T. ) ;
#3655 = DIRECTION ( 'NONE',  ( -0.000000000000000000, 1.000000000000000000, -0.000000000000000000 ) ) ;
#3656 = DIRECTION ( 'NONE',  ( -0.9098789178756583329, 0.4148739022949275435, -1.538661271300325734E-16 ) ) ;
#3657 = DIRECTION ( 'NONE',  ( -1.000000000000000000, 0.000000000000000000, 0.000000000000000000 ) ) ;
#3658 = CIRCLE ( 'NONE', #1870, 0.04999999999999991257 ) ;
#3659 = CARTESIAN_POINT ( 'NONE',  ( -2.817386645469349915, -0.9650180178729041991, 0.7718015200835194323 ) ) ;
#3660 = EDGE_LOOP ( 'NONE', ( #8605, #6344, #9798, #1808, #4468, #7016, #4653 ) ) ;
#3661 = ORIENTED_EDGE ( 'NONE', *, *, #1469, .F. ) ;
#3662 = CARTESIAN_POINT ( 'NONE',  ( 1.917386645469350226, -0.6650180178729044878, -0.2471919620098809445 ) ) ;
#3663 = EDGE_LOOP ( 'NONE', ( #8417, #989, #1150, #8844 ) ) ;
#3664 = VERTEX_POINT ( 'NONE', #7472 ) ;
#3665 = ORIENTED_EDGE ( 'NONE', *, *, #1054, .F. ) ;
#3666 = CIRCLE ( 'NONE', #3175, 0.4464636981603574695 ) ;
#3667 = EDGE_CURVE ( 'NONE', #3095, #8537, #2845, .T. ) ;
#3668 = CARTESIAN_POINT ( 'NONE',  ( 1.920725336924328674, -0.7096506070018766543, 0.3252409048719890339 ) ) ;
#3669 = DIRECTION ( 'NONE',  ( 0.000000000000000000, 0.000000000000000000, 1.000000000000000000 ) ) ;
#3670 = CARTESIAN_POINT ( 'NONE',  ( -1.879482455756483761, -0.0004884908326529758182, -0.4045357082766989354 ) ) ;
#3671 = CARTESIAN_POINT ( 'NONE',  ( -1.817386645469349915, -0.8650180178729042213, -0.7718015200835194323 ) ) ;
#3673 = EDGE_LOOP ( 'NONE', ( #8064, #8405, #877, #8007, #7876 ) ) ;
#3672 = DIRECTION ( 'NONE',  ( 0.000000000000000000, -1.000000000000000000, 0.000000000000000000 ) ) ;
#3674 = CARTESIAN_POINT ( 'NONE',  ( -1.499999999999999556, -1.419999999999999929, -0.6999999999999999556 ) ) ;
#3675 = VECTOR ( 'NONE', #9974, 1000.000000000000000 ) ;
#3676 = DIRECTION ( 'NONE',  ( 0.000000000000000000, -1.000000000000000000, 0.000000000000000000 ) ) ;
#3677 = ORIENTED_EDGE ( 'NONE', *, *, #634, .F. ) ;
#3678 = ORIENTED_EDGE ( 'NONE', *, *, #3203, .F. ) ;
#3679 = PLANE ( 'NONE',  #6169 ) ;
#3680 = AXIS2_PLACEMENT_3D ( 'NONE', #2541, #1783, #3248 ) ;
#3681 = CARTESIAN_POINT ( 'NONE',  ( 2.017386645469349649, -0.6650180178729041547, -0.2471919620098809445 ) ) ;
#3682 = CARTESIAN_POINT ( 'NONE',  ( -0.4961224367392622625, -0.3467142199536816793, -1.399999999999999245 ) ) ;
#3683 = DIRECTION ( 'NONE',  ( -1.000000000000000000, 0.000000000000000000, 0.000000000000000000 ) ) ;
#3684 = LINE ( 'NONE', #2822, #3303 ) ;
#3685 = VECTOR ( 'NONE', #5184, 1000.000000000000000 ) ;
#3686 = ORIENTED_EDGE ( 'NONE', *, *, #5079, .F. ) ;
#3687 = ADVANCED_FACE ( 'NONE', ( #6606 ), #6890, .T. ) ;
#3688 = CARTESIAN_POINT ( 'NONE',  ( 2.172022516360312405, -1.288639156403750041, -1.280619391957610986 ) ) ;
#3689 = CARTESIAN_POINT ( 'NONE',  ( -1.916386645469349448, -0.6877224684239866548, 0.3925328811266083351 ) ) ;
#3690 = EDGE_CURVE ( 'NONE', #1513, #9112, #401, .T. ) ;
#3691 = DIRECTION ( 'NONE',  ( 1.000000000000000000, 0.000000000000000000, -0.000000000000000000 ) ) ;
#3692 = FACE_OUTER_BOUND ( 'NONE', #1790, .T. ) ;
#3693 = CARTESIAN_POINT ( 'NONE',  ( -1.715201888597104762, -0.1000665356383435983, 1.352977046109663739 ) ) ;
#3694 = EDGE_LOOP ( 'NONE', ( #7237, #2661, #3609, #4052 ) ) ;
#3695 = CARTESIAN_POINT ( 'NONE',  ( 1.981122789428489739, -0.05134545591752558841, 0.9890978130802793311 ) ) ;
#3696 = VECTOR ( 'NONE', #9829, 1000.000000000000000 ) ;
#3697 = PLANE ( 'NONE',  #383 ) ;
#3698 = ORIENTED_EDGE ( 'NONE', *, *, #7843, .F. ) ;
#3699 = EDGE_CURVE ( 'NONE', #5149, #6262, #8895, .T. ) ;
#3700 = DIRECTION ( 'NONE',  ( -0.000000000000000000, -1.000000000000000000, -0.000000000000000000 ) ) ;
#3701 = CARTESIAN_POINT ( 'NONE',  ( -1.988753868622438414, -0.06185241271533221258, -0.9887597459512903475 ) ) ;
#3702 = AXIS2_PLACEMENT_3D ( 'NONE', #9703, #1887, #5901 ) ;
#3703 = EDGE_CURVE ( 'NONE', #8766, #1557, #5858, .T. ) ;
#3704 = CARTESIAN_POINT ( 'NONE',  ( -2.020611199511437306, -0.6946228142421515539, -0.3252409048719889784 ) ) ;
#3705 = PLANE ( 'NONE',  #9212 ) ;
#3706 = CARTESIAN_POINT ( 'NONE',  ( -2.217386645469349826, -0.9316846845395709842, 0.7718015200835192102 ) ) ;
#3707 = VERTEX_POINT ( 'NONE', #4575 ) ;
#3708 = EDGE_LOOP ( 'NONE', ( #1218, #7651, #5934, #2604 ) ) ;
#3709 = CARTESIAN_POINT ( 'NONE',  ( -1.499999999999999556, -1.419999999999999929, 0.6999999999999999556 ) ) ;
#3710 = VERTEX_POINT ( 'NONE', #7498 ) ;
#3711 = ADVANCED_FACE ( 'NONE', ( #527 ), #7673, .T. ) ;
#3712 = ORIENTED_EDGE ( 'NONE', *, *, #4343, .T. ) ;
#3713 = VERTEX_POINT ( 'NONE', #580 ) ;
#3714 = CARTESIAN_POINT ( 'NONE',  ( 1.699999999999999734, -1.419999999999999929, 0.5000000000000001110 ) ) ;
#3715 = CARTESIAN_POINT ( 'NONE',  ( -0.4961224367392622625, -1.225231940280812060, -1.219674819086067563 ) ) ;
#3716 = CARTESIAN_POINT ( 'NONE',  ( -1.949402302898350259, 0.000000000000000000, 0.2718284553639131462 ) ) ;
#3717 = AXIS2_PLACEMENT_3D ( 'NONE', #7182, #259, #5666 ) ;
#3718 = AXIS2_PLACEMENT_3D ( 'NONE', #5928, #9025, #8256 ) ;
#3719 = ORIENTED_EDGE ( 'NONE', *, *, #1806, .F. ) ;
#3720 = CARTESIAN_POINT ( 'NONE',  ( 1.274999999999999911, -0.4499999999999999001, 0.7500000000000002220 ) ) ;
#3721 = DIRECTION ( 'NONE',  ( -0.000000000000000000, -0.000000000000000000, -1.000000000000000000 ) ) ;
#3722 = DIRECTION ( 'NONE',  ( 0.9098789178756583329, 0.4148739022949274324, 0.000000000000000000 ) ) ;
#3723 = ORIENTED_EDGE ( 'NONE', *, *, #1726, .T. ) ;
#3724 = EDGE_CURVE ( 'NONE', #8248, #8132, #3895, .T. ) ;
#3725 = ORIENTED_EDGE ( 'NONE', *, *, #9963, .F. ) ;
#3726 = EDGE_CURVE ( 'NONE', #8795, #2439, #9625, .T. ) ;
#3727 = VECTOR ( 'NONE', #1705, 1000.000000000000000 ) ;
#3728 = VECTOR ( 'NONE', #3410, 1000.000000000000000 ) ;
#3729 = EDGE_CURVE ( 'NONE', #9548, #9893, #5929, .T. ) ;
#3730 = DIRECTION ( 'NONE',  ( 1.000000000000000000, 0.000000000000000000, 3.614007241618346306E-16 ) ) ;
#3731 = CARTESIAN_POINT ( 'NONE',  ( -1.913738726066699147, -0.006818844393425700992, 0.4180659242708342771 ) ) ;
#3732 = VECTOR ( 'NONE', #7390, 1000.000000000000000 ) ;
#3733 = DIRECTION ( 'NONE',  ( -0.000000000000000000, -0.000000000000000000, 1.000000000000000000 ) ) ;
#3734 = CARTESIAN_POINT ( 'NONE',  ( 0.000000000000000000, 0.000000000000000000, -0.3499999999999999778 ) ) ;
#3735 = DIRECTION ( 'NONE',  ( -0.000000000000000000, -0.1564615434407232442, 0.9876840514173279573 ) ) ;
#3736 = VECTOR ( 'NONE', #5647, 1000.000000000000000 ) ;
#3737 = CARTESIAN_POINT ( 'NONE',  ( 0.6006347602098600635, -1.420000000000000151, -1.399999999999999689 ) ) ;
#3738 = VECTOR ( 'NONE', #8906, 1000.000000000000000 ) ;
#3739 = EDGE_LOOP ( 'NONE', ( #7865, #1429, #3954, #204 ) ) ;
#3740 = ORIENTED_EDGE ( 'NONE', *, *, #5151, .T. ) ;
#3741 = AXIS2_PLACEMENT_3D ( 'NONE', #5487, #9287, #7002 ) ;
#3742 = DIRECTION ( 'NONE',  ( 0.000000000000000000, -1.000000000000000000, 9.346570452461245599E-18 ) ) ;
#3743 = CARTESIAN_POINT ( 'NONE',  ( -1.919736465895840238, -0.7097993822990157353, 0.3252409048719711038 ) ) ;
#3744 = CARTESIAN_POINT ( 'NONE',  ( 1.301148175457528033, -0.6083740602123934860, 1.300000000000000266 ) ) ;
#3745 = DIRECTION ( 'NONE',  ( -0.7071067811865471286, 0.000000000000000000, -0.7071067811865480168 ) ) ;
#3746 = ORIENTED_EDGE ( 'NONE', *, *, #2362, .T. ) ;
#3747 = CARTESIAN_POINT ( 'NONE',  ( 2.031274207348924499, -0.9799576067009597713, -0.7661930767260414221 ) ) ;
#3748 = CARTESIAN_POINT ( 'NONE',  ( 2.299999999999999378, -1.269999999999999796, -1.100000000000000089 ) ) ;
#3749 = ORIENTED_EDGE ( 'NONE', *, *, #7097, .F. ) ;
#3750 = ADVANCED_FACE ( 'NONE', ( #8101 ), #9734, .T. ) ;
#3751 = VECTOR ( 'NONE', #5104, 1000.000000000000000 ) ;
#3752 = AXIS2_PLACEMENT_3D ( 'NONE', #593, #3651, #6740 ) ;
#3753 = DIRECTION ( 'NONE',  ( 0.000000000000000000, 1.000000000000000000, 0.000000000000000000 ) ) ;
#3754 = FACE_OUTER_BOUND ( 'NONE', #6543, .T. ) ;
#3755 = CARTESIAN_POINT ( 'NONE',  ( -2.021902991165444252, -0.7032090201944422025, -0.3377727516693648235 ) ) ;
#3756 = ADVANCED_FACE ( 'NONE', ( #2494 ), #9, .F. ) ;
#3757 = DIRECTION ( 'NONE',  ( 1.000000000000000000, 0.000000000000000000, 0.000000000000000000 ) ) ;
#3758 = PLANE ( 'NONE',  #8351 ) ;
#3759 = ORIENTED_EDGE ( 'NONE', *, *, #4740, .F. ) ;
#3760 = ORIENTED_EDGE ( 'NONE', *, *, #3943, .F. ) ;
#3761 = CARTESIAN_POINT ( 'NONE',  ( 2.299999999999999378, -1.419999999999999929, 1.100000000000000089 ) ) ;
#3762 = VERTEX_POINT ( 'NONE', #1695 ) ;
#3763 = EDGE_LOOP ( 'NONE', ( #5695, #7225, #5792, #9258, #2299 ) ) ;
#3764 = ADVANCED_FACE ( 'NONE', ( #952 ), #3179, .T. ) ;
#3765 = CARTESIAN_POINT ( 'NONE',  ( 1.499999999999999556, -1.419999999999999929, -0.6999999999999998446 ) ) ;
#3766 = CARTESIAN_POINT ( 'NONE',  ( 2.217386645469349826, -0.4316846845395707621, 0.2774175960637573213 ) ) ;
#3767 = DIRECTION ( 'NONE',  ( 0.000000000000000000, -1.000000000000000000, 0.000000000000000000 ) ) ;
#3768 = DIRECTION ( 'NONE',  ( 0.000000000000000000, 1.000000000000000000, 0.000000000000000000 ) ) ;
#3769 = CARTESIAN_POINT ( 'NONE',  ( -2.217386645469349826, -0.3983513512062374917, 0.2774175960637573213 ) ) ;
#3770 = ADVANCED_FACE ( 'NONE', ( #1651 ), #804, .F. ) ;
#3772 = ORIENTED_EDGE ( 'NONE', *, *, #9639, .T. ) ;
#3771 = CARTESIAN_POINT ( 'NONE',  ( 1.274999999999999911, -0.1508726203218639927, 2.149112015109213125 ) ) ;
#3773 = CARTESIAN_POINT ( 'NONE',  ( -1.699999999999999734, -1.419999999999999929, -0.5000000000000001110 ) ) ;
#3774 = DIRECTION ( 'NONE',  ( 0.000000000000000000, -1.000000000000000000, 0.000000000000000000 ) ) ;
#3775 = ORIENTED_EDGE ( 'NONE', *, *, #581, .F. ) ;
#3776 = VERTEX_POINT ( 'NONE', #3253 ) ;
#3777 = LINE ( 'NONE', #8251, #1958 ) ;
#3778 = CARTESIAN_POINT ( 'NONE',  ( -1.949402302898350259, -0.02440767564660382277, 0.4218284553639131129 ) ) ;
#3779 = EDGE_CURVE ( 'NONE', #3951, #4464, #7885, .T. ) ;
#3780 = CARTESIAN_POINT ( 'NONE',  ( -1.699999999999999734, -1.419999999999999929, -0.4999999999999997780 ) ) ;
#3781 = AXIS2_PLACEMENT_3D ( 'NONE', #4885, #5708, #8791 ) ;
#3782 = PLANE ( 'NONE',  #7449 ) ;
#3783 = CARTESIAN_POINT ( 'NONE',  ( -2.017386645469349649, -0.6650180178729041547, -0.3949867687062132426 ) ) ;
#3784 = ORIENTED_EDGE ( 'NONE', *, *, #9282, .T. ) ;
#3785 = ORIENTED_EDGE ( 'NONE', *, *, #5224, .T. ) ;
#3786 = ORIENTED_EDGE ( 'NONE', *, *, #9911, .F. ) ;
#3787 = DIRECTION ( 'NONE',  ( -0.3867505261627197100, 0.8482002562374225674, -0.3619120830141349110 ) ) ;
#3788 = FACE_OUTER_BOUND ( 'NONE', #6977, .T. ) ;
#3789 = ADVANCED_FACE ( 'NONE', ( #110 ), #9254, .T. ) ;
#3790 = CARTESIAN_POINT ( 'NONE',  ( 1.921691279069815517, -0.7227925212916085362, -0.3377779411007548194 ) ) ;
#3791 = FACE_OUTER_BOUND ( 'NONE', #1160, .T. ) ;
#3792 = VERTEX_POINT ( 'NONE', #5402 ) ;
#3793 = DIRECTION ( 'NONE',  ( -0.000000000000000000, -0.000000000000000000, -1.000000000000000000 ) ) ;
#3794 = AXIS2_PLACEMENT_3D ( 'NONE', #1969, #7141, #1814 ) ;
#3795 = DIRECTION ( 'NONE',  ( 0.000000000000000000, 1.000000000000000000, 0.000000000000000000 ) ) ;
#3796 = DIRECTION ( 'NONE',  ( -0.000000000000000000, -0.000000000000000000, 1.000000000000000000 ) ) ;
#3797 = AXIS2_PLACEMENT_3D ( 'NONE', #3268, #1805, #9614 ) ;
#3798 = LINE ( 'NONE', #6144, #8062 ) ;
#3799 = LINE ( 'NONE', #9334, #8373 ) ;
#3800 = CARTESIAN_POINT ( 'NONE',  ( -0.5063750533463986514, -0.006424527183615165796, -1.295015984492390526 ) ) ;
#3801 = CARTESIAN_POINT ( 'NONE',  ( 2.020260544170982886, -0.6988011525245343414, -0.3689633167561177096 ) ) ;
#3802 = ORIENTED_EDGE ( 'NONE', *, *, #4022, .F. ) ;
#3803 = VERTEX_POINT ( 'NONE', #8484 ) ;
#3804 = DIRECTION ( 'NONE',  ( 1.000000000000000000, 0.000000000000000000, 0.000000000000000000 ) ) ;
#3805 = ORIENTED_EDGE ( 'NONE', *, *, #6666, .T. ) ;
#3806 = ORIENTED_EDGE ( 'NONE', *, *, #7634, .T. ) ;
#3807 = ADVANCED_FACE ( 'NONE', ( #9299 ), #4625, .F. ) ;
#3808 = DIRECTION ( 'NONE',  ( -1.000000000000000000, 0.000000000000000000, 0.000000000000000000 ) ) ;
#3809 = CARTESIAN_POINT ( 'NONE',  ( 2.217386645469349826, -0.4650180178729040881, 0.2774175960637573213 ) ) ;
#3810 = VECTOR ( 'NONE', #4755, 1000.000000000000000 ) ;
#3811 = FACE_OUTER_BOUND ( 'NONE', #3880, .T. ) ;
#3812 = CIRCLE ( 'NONE', #5127, 0.04999999999999991257 ) ;
#3813 = EDGE_CURVE ( 'NONE', #165, #6117, #5596, .T. ) ;
#3814 = DIRECTION ( 'NONE',  ( 0.000000000000000000, 9.346570452461245599E-18, 1.000000000000000000 ) ) ;
#3816 = ORIENTED_EDGE ( 'NONE', *, *, #7546, .T. ) ;
#3815 = CARTESIAN_POINT ( 'NONE',  ( -1.224999999999999645, -0.5499999999999999334, 1.750000000000000000 ) ) ;
#3817 = B_SPLINE_CURVE_WITH_KNOTS ( 'NONE', 3,
 ( #4205, #7360, #7313, #2788, #9640, #8120, #4253, #438, #1238, #1983, #3501, #9696, #7407, #1482, #6891, #5328 ),
 .UNSPECIFIED., .F., .F.,
 ( 4, 3, 3, 3, 3, 4 ),
 ( 1.533293416683374186E-19, 3.401215899140445253E-05, 4.329796640166791417E-05, 5.482721537693848102E-05, 7.186243916728761623E-05, 8.597112302464523387E-05 ),
 .UNSPECIFIED. ) ;
#3818 = DIRECTION ( 'NONE',  ( -1.000000000000000000, 0.000000000000000000, 3.614007241618346306E-16 ) ) ;
#3819 = ORIENTED_EDGE ( 'NONE', *, *, #1776, .F. ) ;
#3820 = DIRECTION ( 'NONE',  ( 0.000000000000000000, 0.000000000000000000, 1.000000000000000000 ) ) ;
#3821 = EDGE_LOOP ( 'NONE', ( #3206, #9967, #1680, #6246 ) ) ;
#3822 = EDGE_LOOP ( 'NONE', ( #8476, #933, #4525, #1950 ) ) ;
#3823 = VECTOR ( 'NONE', #2276, 1000.000000000000114 ) ;
#3824 = ADVANCED_FACE ( 'NONE', ( #857 ), #241, .T. ) ;
#3825 = CARTESIAN_POINT ( 'NONE',  ( 1.949402302898350259, -0.02440767564660382277, 0.4218284553639137235 ) ) ;
#3826 = EDGE_CURVE ( 'NONE', #1207, #9102, #1788, .T. ) ;
#3827 = CARTESIAN_POINT ( 'NONE',  ( -2.122262099140556302, -0.9384702164696131499, 0.4816873910456409003 ) ) ;
#3828 = VECTOR ( 'NONE', #1321, 1000.000000000000000 ) ;
#3829 = DIRECTION ( 'NONE',  ( 1.000000000000000000, -0.000000000000000000, -0.000000000000000000 ) ) ;
#3830 = CARTESIAN_POINT ( 'NONE',  ( -2.017584388489165992, -0.6749583356575650228, -0.3924441095447771533 ) ) ;
#3831 = FACE_OUTER_BOUND ( 'NONE', #5453, .T. ) ;
#3832 = VERTEX_POINT ( 'NONE', #7369 ) ;
#3833 = ORIENTED_EDGE ( 'NONE', *, *, #1193, .T. ) ;
#3834 = EDGE_CURVE ( 'NONE', #2922, #1348, #2992, .T. ) ;
#3835 = AXIS2_PLACEMENT_3D ( 'NONE', #7010, #799, #3101 ) ;
#3836 = CARTESIAN_POINT ( 'NONE',  ( 1.499999999999999556, -1.269999999999999796, -1.099999999999999867 ) ) ;
#3837 = CARTESIAN_POINT ( 'NONE',  ( -2.022316548529609292, -0.7047661690497523113, 0.3545260433431360880 ) ) ;
#3838 = CARTESIAN_POINT ( 'NONE',  ( 2.020294046774086638, -0.6930673633484280005, -0.3820832415370515323 ) ) ;
#3839 = LINE ( 'NONE', #2316, #8336 ) ;
#3840 = ORIENTED_EDGE ( 'NONE', *, *, #394, .T. ) ;
#3841 = DIRECTION ( 'NONE',  ( -0.000000000000000000, 0.000000000000000000, -1.000000000000000000 ) ) ;
#3842 = LINE ( 'NONE', #9479, #199 ) ;
#3843 = AXIS2_PLACEMENT_3D ( 'NONE', #46, #6789, #3036 ) ;
#3844 = LINE ( 'NONE', #7185, #5229 ) ;
#3845 = ORIENTED_EDGE ( 'NONE', *, *, #7490, .T. ) ;
#3846 = EDGE_CURVE ( 'NONE', #2991, #8135, #1095, .T. ) ;
#3847 = CARTESIAN_POINT ( 'NONE',  ( -0.6506347602098601079, -0.1000000000000000472, -1.200000000000001066 ) ) ;
#3848 = CARTESIAN_POINT ( 'NONE',  ( 0.6461224367392621737, 0.000000000000000000, -1.201033706287569558 ) ) ;
#3849 = DIRECTION ( 'NONE',  ( 0.6804760118468750063, -0.7327703578209011637, 0.000000000000000000 ) ) ;
#3850 = CIRCLE ( 'NONE', #6133, 0.1000000000000000472 ) ;
#3851 = LINE ( 'NONE', #743, #8017 ) ;
#3852 = ORIENTED_EDGE ( 'NONE', *, *, #2144, .F. ) ;
#3853 = ORIENTED_EDGE ( 'NONE', *, *, #5123, .T. ) ;
#3854 = CARTESIAN_POINT ( 'NONE',  ( 1.301148175457528033, -0.6083740602123934860, 1.300000000000000266 ) ) ;
#3855 = ORIENTED_EDGE ( 'NONE', *, *, #9420, .F. ) ;
#3856 = ORIENTED_EDGE ( 'NONE', *, *, #9985, .F. ) ;
#3857 = AXIS2_PLACEMENT_3D ( 'NONE', #6899, #10003, #6147 ) ;
#3858 = DIRECTION ( 'NONE',  ( -1.387778780781444443E-16, 1.232595164407829851E-32, -1.000000000000000000 ) ) ;
#3859 = CARTESIAN_POINT ( 'NONE',  ( 2.617386645469350182, -0.4650180178729040326, 0.2774175960637573213 ) ) ;
#3860 = CARTESIAN_POINT ( 'NONE',  ( -2.017386645469349649, -0.6650180178729041547, 0.3949867687062132982 ) ) ;
#3861 = DIRECTION ( 'NONE',  ( 0.000000000000000000, -1.000000000000000000, -0.000000000000000000 ) ) ;
#3863 = EDGE_LOOP ( 'NONE', ( #7840, #9671, #749, #4771, #2498 ) ) ;
#3862 = CARTESIAN_POINT ( 'NONE',  ( -1.867386645469348405, -0.1499999999999996891, 0.4218284553639131129 ) ) ;
#3864 = EDGE_CURVE ( 'NONE', #7238, #9208, #6505, .T. ) ;
#3865 = FACE_OUTER_BOUND ( 'NONE', #2911, .T. ) ;
#3866 = ORIENTED_EDGE ( 'NONE', *, *, #5935, .F. ) ;
#3867 = FACE_OUTER_BOUND ( 'NONE', #2006, .T. ) ;
#3868 = ORIENTED_EDGE ( 'NONE', *, *, #621, .F. ) ;
#3869 = AXIS2_PLACEMENT_3D ( 'NONE', #728, #1423, #4445 ) ;
#3870 = ORIENTED_EDGE ( 'NONE', *, *, #3226, .T. ) ;
#3871 = ADVANCED_FACE ( 'NONE', ( #3300 ), #398, .T. ) ;
#3872 = CARTESIAN_POINT ( 'NONE',  ( 1.845392560103486179, 0.000000000000000000, -1.399999999999999245 ) ) ;
#3873 = CIRCLE ( 'NONE', #6788, 0.1499999999999999667 ) ;
#3874 = LINE ( 'NONE', #2302, #4717 ) ;
#3875 = LINE ( 'NONE', #9413, #9504 ) ;
#3876 = CARTESIAN_POINT ( 'NONE',  ( -1.917386645469350004, -0.7077984389976355040, -0.9252069843308816655 ) ) ;
#3877 = LINE ( 'NONE', #9830, #5836 ) ;
#3878 = ADVANCED_FACE ( 'NONE', ( #2643 ), #6883, .T. ) ;
#3879 = CARTESIAN_POINT ( 'NONE',  ( -1.344983577402405039, 0.000000000000000000, 1.397023181841392958 ) ) ;
#3880 = EDGE_LOOP ( 'NONE', ( #7156, #5723, #4874, #8822 ) ) ;
#3881 = AXIS2_PLACEMENT_3D ( 'NONE', #1046, #3512, #7220 ) ;
#3882 = ORIENTED_EDGE ( 'NONE', *, *, #811, .F. ) ;
#3883 = ORIENTED_EDGE ( 'NONE', *, *, #8922, .T. ) ;
#3884 = EDGE_CURVE ( 'NONE', #3233, #5657, #7218, .T. ) ;
#3885 = CARTESIAN_POINT ( 'NONE',  ( -1.943513091188776798, -0.7898950624636775775, 0.9157532022455918685 ) ) ;
#3886 = CARTESIAN_POINT ( 'NONE',  ( -1.944422970106652437, -0.7894801885613825787, -0.9157532022455918685 ) ) ;
#3887 = VECTOR ( 'NONE', #1450, 1000.000000000000000 ) ;
#3888 = VECTOR ( 'NONE', #3861, 1000.000000000000000 ) ;
#3889 = CARTESIAN_POINT ( 'NONE',  ( 1.224999999999999867, -0.1499999999999997446, 0.7500000000000002220 ) ) ;
#3890 = EDGE_CURVE ( 'NONE', #2136, #1201, #4943, .T. ) ;
#3891 = LINE ( 'NONE', #9326, #911 ) ;
#3892 = ORIENTED_EDGE ( 'NONE', *, *, #1305, .T. ) ;
#3893 = DIRECTION ( 'NONE',  ( -1.000000000000000000, -0.000000000000000000, -1.805093951117126478E-16 ) ) ;
#3894 = LINE ( 'NONE', #137, #9238 ) ;
#3895 = B_SPLINE_CURVE_WITH_KNOTS ( 'NONE', 3,
 ( #5166, #8257, #1171, #6680, #1505, #9831, #9786, #6581, #7445, #2723, #5118, #2871, #1274, #8208, #5069, #9201, #8921, #1225, #2239, #2821, #2774, #757 ),
 .UNSPECIFIED., .F., .F.,
 ( 4, 3, 3, 3, 3, 3, 3, 4 ),
 ( 0.000000000000000000, 2.929235357662782872E-05, 4.462725617265544031E-05, 5.445681476650726823E-05, 6.276882416240789516E-05, 7.101352839838913648E-05, 8.074656073936972093E-05, 0.0001019265560489369021 ),
 .UNSPECIFIED. ) ;
#3896 = ORIENTED_EDGE ( 'NONE', *, *, #4926, .F. ) ;
#3897 = AXIS2_PLACEMENT_3D ( 'NONE', #2222, #2173, #6001 ) ;
#3898 = DIRECTION ( 'NONE',  ( 0.000000000000000000, 1.000000000000000000, 0.000000000000000000 ) ) ;
#3899 = LINE ( 'NONE', #96, #1091 ) ;
#3900 = CARTESIAN_POINT ( 'NONE',  ( -1.919736465895844901, -0.7097993822989729917, -0.3252409048719889784 ) ) ;
#3901 = DIRECTION ( 'NONE',  ( -0.7071067811865479058, 0.000000000000000000, 0.7071067811865471286 ) ) ;
#3902 = AXIS2_PLACEMENT_3D ( 'NONE', #4636, #5561, #9412 ) ;
#3903 = EDGE_CURVE ( 'NONE', #7079, #8150, #4882, .T. ) ;
#3904 = CARTESIAN_POINT ( 'NONE',  ( -1.250000000000000000, 0.000000000000000000, 2.075000000000000178 ) ) ;
#3905 = CARTESIAN_POINT ( 'NONE',  ( 1.995392560103486090, -0.1000000000000000056, 0.9886127665261839059 ) ) ;
#3906 = ORIENTED_EDGE ( 'NONE', *, *, #1054, .T. ) ;
#3907 = CARTESIAN_POINT ( 'NONE',  ( -1.899999999999999467, -1.269999999999999352, -1.200000000000000178 ) ) ;
#3908 = ORIENTED_EDGE ( 'NONE', *, *, #7695, .F. ) ;
#3909 = ORIENTED_EDGE ( 'NONE', *, *, #991, .T. ) ;
#3910 = CARTESIAN_POINT ( 'NONE',  ( 2.122262099140555414, -0.9384702164696135940, 0.7661930767260408670 ) ) ;
#3911 = CARTESIAN_POINT ( 'NONE',  ( 2.021540489700480059, -0.7002502853794522197, 0.3506352386924795339 ) ) ;
#3912 = DIRECTION ( 'NONE',  ( 0.000000000000000000, 0.000000000000000000, -1.000000000000000000 ) ) ;
#3913 = DIRECTION ( 'NONE',  ( 0.000000000000000000, 0.000000000000000000, 1.000000000000000000 ) ) ;
#3914 = EDGE_CURVE ( 'NONE', #3452, #7071, #7976, .T. ) ;
#3915 = DIRECTION ( 'NONE',  ( 1.000000000000000000, -0.000000000000000000, -0.000000000000000000 ) ) ;
#3916 = ORIENTED_EDGE ( 'NONE', *, *, #7904, .T. ) ;
#3917 = VECTOR ( 'NONE', #6784, 1000.000000000000000 ) ;
#3918 = DIRECTION ( 'NONE',  ( -3.252606517456513302E-15, 1.000000000000000000, 0.000000000000000000 ) ) ;
#3919 = EDGE_LOOP ( 'NONE', ( #5820, #2335, #5805, #9618, #4061, #2625, #944, #9502, #4014, #9179, #7795, #5324, #1017, #1357, #478, #797 ) ) ;
#3920 = DIRECTION ( 'NONE',  ( 0.9098789178756583329, 0.4148739022949274324, 0.000000000000000000 ) ) ;
#3921 = ORIENTED_EDGE ( 'NONE', *, *, #5495, .F. ) ;
#3922 = ORIENTED_EDGE ( 'NONE', *, *, #9434, .T. ) ;
#3923 = LINE ( 'NONE', #4788, #3397 ) ;
#3924 = CARTESIAN_POINT ( 'NONE',  ( 0.9749999999999999778, -1.919999999999999929, 0.7500000000000000000 ) ) ;
#3925 = CARTESIAN_POINT ( 'NONE',  ( 1.867386645469348405, -0.1499999999999996891, 0.4218284553639137235 ) ) ;
#3926 = PLANE ( 'NONE',  #5182 ) ;
#3927 = CARTESIAN_POINT ( 'NONE',  ( 0.9749999999999999778, -1.419999999999999929, 0.7500000000000000000 ) ) ;
#3928 = ADVANCED_FACE ( 'NONE', ( #8892 ), #9650, .F. ) ;
#3929 = ORIENTED_EDGE ( 'NONE', *, *, #9371, .T. ) ;
#3930 = ORIENTED_EDGE ( 'NONE', *, *, #2425, .F. ) ;
#3931 = ORIENTED_EDGE ( 'NONE', *, *, #9963, .T. ) ;
#3932 = CARTESIAN_POINT ( 'NONE',  ( -0.2595474544006036721, -1.376679697059090657, -1.344912995807318934 ) ) ;
#3933 = CARTESIAN_POINT ( 'NONE',  ( -1.916386645469350114, -0.6650180178729041547, -0.9299338753735266749 ) ) ;
#3934 = CARTESIAN_POINT ( 'NONE',  ( -1.944422970106652437, -0.7894801885613825787, -0.9157532022455918685 ) ) ;
#3935 = CARTESIAN_POINT ( 'NONE',  ( 2.019612439772661805, -0.6947730772922479092, -0.3252409048719711038 ) ) ;
#3936 = DIRECTION ( 'NONE',  ( 0.000000000000000000, 0.9870278567456314267, 0.1605490890915466096 ) ) ;
#3937 = EDGE_LOOP ( 'NONE', ( #9550, #6056, #8392, #3058, #5376, #9085 ) ) ;
#3938 = EDGE_CURVE ( 'NONE', #2934, #186, #4106, .T. ) ;
#3939 = CYLINDRICAL_SURFACE ( 'NONE', #8841, 0.05000000000000012768 ) ;
#3940 = LINE ( 'NONE', #6378, #2913 ) ;
#3941 = VECTOR ( 'NONE', #7018, 1000.000000000000000 ) ;
#3942 = EDGE_LOOP ( 'NONE', ( #7460, #9289, #4234, #3172 ) ) ;
#3943 = EDGE_CURVE ( 'NONE', #9907, #5890, #3458, .T. ) ;
#3944 = DIRECTION ( 'NONE',  ( 1.000000000000000000, 0.000000000000000000, -1.626303258728258032E-15 ) ) ;
#3945 = PLANE ( 'NONE',  #5133 ) ;
#3946 = VECTOR ( 'NONE', #2523, 1000.000000000000000 ) ;
#3947 = PRESENTATION_STYLE_ASSIGNMENT (( #9381 ) ) ;
#3948 = CARTESIAN_POINT ( 'NONE',  ( -2.035410861894218382, -0.7479927983318898077, -0.9157532022455919796 ) ) ;
#3949 = ADVANCED_FACE ( 'NONE', ( #5091 ), #4934, .F. ) ;
#3950 = CARTESIAN_POINT ( 'NONE',  ( 1.845392560103486179, 0.000000000000000000, 1.138612766526183817 ) ) ;
#3951 = VERTEX_POINT ( 'NONE', #8024 ) ;
#3952 = CARTESIAN_POINT ( 'NONE',  ( -1.917386645469349782, -0.6650180178729041547, -1.510468355502019744 ) ) ;
#3953 = ORIENTED_EDGE ( 'NONE', *, *, #6866, .F. ) ;
#3954 = ORIENTED_EDGE ( 'NONE', *, *, #6387, .F. ) ;
#3955 = ADVANCED_FACE ( 'NONE', ( #4057 ), #4218, .T. ) ;
#3956 = CARTESIAN_POINT ( 'NONE',  ( 0.4961224367392622625, -0.3314104039620722753, -1.099999999999999423 ) ) ;
#3957 = CARTESIAN_POINT ( 'NONE',  ( 2.217386645469349826, -0.8650180178729043323, -0.7718015200835192102 ) ) ;
#3958 = CARTESIAN_POINT ( 'NONE',  ( -2.020050259433376016, -0.6976831516569783620, 0.3294667111494866130 ) ) ;
#3959 = DIRECTION ( 'NONE',  ( 1.000000000000000000, 0.000000000000000000, 0.000000000000000000 ) ) ;
#3960 = AXIS2_PLACEMENT_3D ( 'NONE', #6900, #8471, #145 ) ;
#3961 = ORIENTED_EDGE ( 'NONE', *, *, #5465, .T. ) ;
#3962 = CARTESIAN_POINT ( 'NONE',  ( 2.017386645469348316, -0.1499999999999991895, -0.000000000000000000 ) ) ;
#3963 = ORIENTED_EDGE ( 'NONE', *, *, #8501, .F. ) ;
#3964 = DIRECTION ( 'NONE',  ( 0.000000000000000000, 0.000000000000000000, -1.000000000000000000 ) ) ;
#3965 = ORIENTED_EDGE ( 'NONE', *, *, #8315, .T. ) ;
#3966 = ORIENTED_EDGE ( 'NONE', *, *, #230, .T. ) ;
#3967 = ADVANCED_FACE ( 'NONE', ( #7614 ), #3758, .F. ) ;
#3968 = VECTOR ( 'NONE', #2726, 1000.000000000000114 ) ;
#3969 = CIRCLE ( 'NONE', #9170, 0.1000000000000000472 ) ;
#3970 = DIRECTION ( 'NONE',  ( -1.000000000000000000, 0.000000000000000000, 0.000000000000000000 ) ) ;
#3971 = DIRECTION ( 'NONE',  ( 0.000000000000000000, 0.000000000000000000, -1.000000000000000000 ) ) ;
#3972 = DIRECTION ( 'NONE',  ( 0.000000000000000000, 0.000000000000000000, -1.000000000000000000 ) ) ;
#3973 = DIRECTION ( 'NONE',  ( -1.000000000000000000, 0.000000000000000000, -0.000000000000000000 ) ) ;
#3974 = VECTOR ( 'NONE', #7919, 1000.000000000000000 ) ;
#3975 = ORIENTED_EDGE ( 'NONE', *, *, #8786, .F. ) ;
#3976 = ORIENTED_EDGE ( 'NONE', *, *, #5373, .T. ) ;
#3977 = VERTEX_POINT ( 'NONE', #5953 ) ;
#3978 = FACE_OUTER_BOUND ( 'NONE', #4736, .T. ) ;
#3979 = VECTOR ( 'NONE', #1911, 1000.000000000000000 ) ;
#3980 = AXIS2_PLACEMENT_3D ( 'NONE', #3275, #7948, #8610 ) ;
#3981 = LINE ( 'NONE', #9471, #8048 ) ;
#3982 = CARTESIAN_POINT ( 'NONE',  ( 1.699999999999999734, -1.419999999999999929, 0.5000000000000001110 ) ) ;
#3983 = CARTESIAN_POINT ( 'NONE',  ( 1.250000000000000000, -0.1066987298107779092, 0.000000000000000000 ) ) ;
#3984 = ORIENTED_EDGE ( 'NONE', *, *, #4008, .T. ) ;
#3985 = LINE ( 'NONE', #7700, #1084 ) ;
#3986 = CARTESIAN_POINT ( 'NONE',  ( -1.799402302898350348, 0.000000000000000000, 0.2718284553639131462 ) ) ;
#3987 = B_SPLINE_CURVE_WITH_KNOTS ( 'NONE', 3,
 ( #6699, #5286, #7518, #9096, #2224, #3800, #1294, #9047, #1492, #4366 ),
 .UNSPECIFIED., .F., .F.,
 ( 4, 3, 3, 4 ),
 ( 0.000000000000000000, 3.948276044066234975E-05, 7.916254360003840821E-05, 0.0001200172124703421689 ),
 .UNSPECIFIED. ) ;
#3988 = EDGE_CURVE ( 'NONE', #793, #4939, #2078, .T. ) ;
#3989 = EDGE_LOOP ( 'NONE', ( #7585, #1494, #8169, #6801 ) ) ;
#3990 = EDGE_CURVE ( 'NONE', #7312, #8238, #2227, .T. ) ;
#3991 = CARTESIAN_POINT ( 'NONE',  ( 1.867386645469348405, -0.09999999999999976963, 0.9886127665261839059 ) ) ;
#3992 = VECTOR ( 'NONE', #5497, 1000.000000000000000 ) ;
#3993 = CARTESIAN_POINT ( 'NONE',  ( -2.122262099140556302, -0.9384702164696131499, -0.5089130437326951917 ) ) ;
#3994 = CARTESIAN_POINT ( 'NONE',  ( -0.2464402437188723538, -0.1000000000000000056, 1.346488774451193748 ) ) ;
#3995 = EDGE_CURVE ( 'NONE', #6636, #1162, #7416, .T. ) ;
#3996 = ORIENTED_EDGE ( 'NONE', *, *, #390, .T. ) ;
#3997 = CARTESIAN_POINT ( 'NONE',  ( 1.917386645469350226, -0.6650180178729044878, -0.3949867687062132982 ) ) ;
#3998 = EDGE_LOOP ( 'NONE', ( #7082, #2785, #1544, #1828 ) ) ;
#3999 = VERTEX_POINT ( 'NONE', #6654 ) ;
#4000 = VECTOR ( 'NONE', #596, 1000.000000000000000 ) ;
#4001 = EDGE_CURVE ( 'NONE', #4580, #1191, #9760, .T. ) ;
#4002 = CARTESIAN_POINT ( 'NONE',  ( -2.172022516360312405, -1.288639156403750041, -1.280619391957610986 ) ) ;
#4003 = DIRECTION ( 'NONE',  ( -0.1501478781677598739, -0.3292961744590264805, -0.9322122312909061348 ) ) ;
#4004 = DIRECTION ( 'NONE',  ( -1.000000000000000000, 0.000000000000000000, 0.000000000000000000 ) ) ;
#4005 = CARTESIAN_POINT ( 'NONE',  ( -2.217386645469349826, -0.3983513512062374917, 0.2774175960637573213 ) ) ;
#4006 = CARTESIAN_POINT ( 'NONE',  ( -2.084107320471664249, -0.9558675004450679635, -0.5089130437326950807 ) ) ;
#4007 = VERTEX_POINT ( 'NONE', #4368 ) ;
#4008 = EDGE_CURVE ( 'NONE', #851, #6103, #5960, .T. ) ;
#4009 = CARTESIAN_POINT ( 'NONE',  ( -1.995392560103486090, -0.07180482227990070410, 0.9886127665261832398 ) ) ;
#4010 = ORIENTED_EDGE ( 'NONE', *, *, #2202, .T. ) ;
#4011 = CARTESIAN_POINT ( 'NONE',  ( -2.080062634905710972, -0.8459206426339526130, -0.1447648332056547249 ) ) ;
#4012 = ORIENTED_EDGE ( 'NONE', *, *, #4255, .T. ) ;
#4013 = COLOUR_RGB ( '',0.7921568627450980005, 0.8196078431372548767, 0.9333333333333333481 ) ;
#4014 = ORIENTED_EDGE ( 'NONE', *, *, #2540, .T. ) ;
#4015 = DIRECTION ( 'NONE',  ( 1.000000000000000000, 0.000000000000000000, 0.000000000000000000 ) ) ;
#4016 = CARTESIAN_POINT ( 'NONE',  ( -1.194983577402405128, 0.000000000000000000, 1.247023181841393047 ) ) ;
#4017 = AXIS2_PLACEMENT_3D ( 'NONE', #1614, #9976, #7736 ) ;
#4018 = CARTESIAN_POINT ( 'NONE',  ( 1.900697991524398445, -0.003745583916242810167, -1.022281606978878932 ) ) ;
#4019 = EDGE_CURVE ( 'NONE', #1452, #1720, #9482, .T. ) ;
#4020 = CARTESIAN_POINT ( 'NONE',  ( -2.019520038760557412, -0.6943595537156249664, -0.3771870212296098979 ) ) ;
#4021 = DIRECTION ( 'NONE',  ( 0.000000000000000000, 1.000000000000000000, 0.000000000000000000 ) ) ;
#4022 = EDGE_CURVE ( 'NONE', #603, #956, #5724, .T. ) ;
#4023 = ORIENTED_EDGE ( 'NONE', *, *, #3690, .T. ) ;
#4024 = EDGE_LOOP ( 'NONE', ( #7284, #4541, #7879, #349 ) ) ;
#4025 = ORIENTED_EDGE ( 'NONE', *, *, #1353, .T. ) ;
#4026 = CLOSED_SHELL ( 'NONE', ( #9644, #1087, #8540, #6031, #7908, #1631, #6250, #2019, #8184, #8820, #2226, #3471, #6895, #8433, #1142, #3824, #1594, #8244, #3871, #6921, #9362, #6415, #8854, #202, #6973, #7105, #5167, #6096, #7070, #474, #5973, #6930, #1512, #1986, #7575, #3084, #984, #1613, #7939, #8773, #8609, #3338, #7636, #2345, #6823, #2963, #6782, #2131, #2033, #3033, #6092, #248, #4845, #9872, #9100, #6756, #7371, #511, #5857, #2762, #5911, #266, #7239, #8972, #9275, #1424, #8664, #7421, #5559, #405, #8445, #4835, #9710, #3928, #8797, #3498, #160, #5085, #3482, #138, #9408, #6198, #1174, #4686, #99, #7111, #35, #9150, #1489, #2950, #3756, #3107, #7985, #777, #8932, #3543, #6429, #588, #7970, #3583, #3949, #4712, #141, #7656, #341, #639, #6274, #9232, #4554, #6521, #4048, #2454, #4773, #6121, #152, #8530, #6115, #4812, #7383, #3955, #8068, #1319, #7055, #1313, #2468, #7556, #5183, #6550, #7456, #3100, #6999, #1290, #5012, #2223, #2286, #1331, #3572, #4941, #2553, #8363, #3770, #3764, #2139, #4248, #6852, #9050, #2865 ) ) ;
#4027 = AXIS2_PLACEMENT_3D ( 'NONE', #2761, #5868, #8965 ) ;
#4028 = CARTESIAN_POINT ( 'NONE',  ( -0.4961224367392622625, -0.3314104039620769937, -1.399999999999999467 ) ) ;
#4029 = FACE_OUTER_BOUND ( 'NONE', #249, .T. ) ;
#4030 = LINE ( 'NONE', #5728, #489 ) ;
#4031 = DIRECTION ( 'NONE',  ( 1.000000000000000000, 3.252606517456510541E-15, 9.896073849862707122E-32 ) ) ;
#4032 = PLANE ( 'NONE',  #1520 ) ;
#4033 = EDGE_CURVE ( 'NONE', #7362, #6027, #3142, .T. ) ;
#4034 = CARTESIAN_POINT ( 'NONE',  ( -2.299999999999999378, -1.419999999999999929, 1.099999999999999867 ) ) ;
#4035 = VERTEX_POINT ( 'NONE', #6149 ) ;
#4036 = CARTESIAN_POINT ( 'NONE',  ( 1.919749136358031461, -0.7029587281373271823, -0.3820572661066324871 ) ) ;
#4037 = AXIS2_PLACEMENT_3D ( 'NONE', #9158, #2349, #9305 ) ;
#4038 = LINE ( 'NONE', #1723, #839 ) ;
#4039 = ORIENTED_EDGE ( 'NONE', *, *, #3043, .F. ) ;
#4040 = VECTOR ( 'NONE', #2458, 1000.000000000000000 ) ;
#4041 = LINE ( 'NONE', #3336, #3564 ) ;
#4042 = AXIS2_PLACEMENT_3D ( 'NONE', #449, #4264, #7370 ) ;
#4043 = CIRCLE ( 'NONE', #9742, 0.4000000000000000222 ) ;
#4044 = DIRECTION ( 'NONE',  ( -0.000000000000000000, 1.000000000000000000, -9.346570452461247140E-18 ) ) ;
#4045 = DIRECTION ( 'NONE',  ( 0.000000000000000000, 1.000000000000000000, 0.000000000000000000 ) ) ;
#4046 = VECTOR ( 'NONE', #3669, 1000.000000000000000 ) ;
#4047 = ORIENTED_EDGE ( 'NONE', *, *, #1791, .F. ) ;
#4048 = ADVANCED_FACE ( 'NONE', ( #6199 ), #8574, .F. ) ;
#4049 = VECTOR ( 'NONE', #6664, 1000.000000000000000 ) ;
#4050 = PLANE ( 'NONE',  #9431 ) ;
#4051 = VERTEX_POINT ( 'NONE', #3905 ) ;
#4052 = ORIENTED_EDGE ( 'NONE', *, *, #4966, .F. ) ;
#4053 = CARTESIAN_POINT ( 'NONE',  ( 1.867386645469348405, -0.1000000000000000056, 0.9886127665261839059 ) ) ;
#4054 = CARTESIAN_POINT ( 'NONE',  ( 1.499999999999999556, -1.419999999999999929, 1.099999999999999867 ) ) ;
#4055 = CARTESIAN_POINT ( 'NONE',  ( -2.020620890590827390, -0.7009037899971461982, 0.3642579750440188002 ) ) ;
#4056 = CARTESIAN_POINT ( 'NONE',  ( -1.917386645469349560, -0.4676805559526505118, -0.4218284553639131129 ) ) ;
#4057 = FACE_OUTER_BOUND ( 'NONE', #6376, .T. ) ;
#4059 = ORIENTED_EDGE ( 'NONE', *, *, #1930, .T. ) ;
#4058 = DIRECTION ( 'NONE',  ( 1.000000000000000000, 0.000000000000000000, 3.944829737176227913E-16 ) ) ;
#4060 = CYLINDRICAL_SURFACE ( 'NONE', #2971, 0.04999999999999991257 ) ;
#4061 = ORIENTED_EDGE ( 'NONE', *, *, #6566, .T. ) ;
#4062 = EDGE_CURVE ( 'NONE', #4747, #336, #3851, .T. ) ;
#4063 = DIRECTION ( 'NONE',  ( -0.000000000000000000, -1.000000000000000000, 0.000000000000000000 ) ) ;
#4064 = ORIENTED_EDGE ( 'NONE', *, *, #801, .T. ) ;
#4065 = VECTOR ( 'NONE', #6965, 1000.000000000000000 ) ;
#4066 = VERTEX_POINT ( 'NONE', #9337 ) ;
#4067 = VECTOR ( 'NONE', #1403, 1000.000000000000000 ) ;
#4068 = EDGE_CURVE ( 'NONE', #2064, #1287, #1640, .T. ) ;
#4069 = CARTESIAN_POINT ( 'NONE',  ( -1.899999999999999689, -0.6548169886614642055, 0.3500000000000000333 ) ) ;
#4070 = DIRECTION ( 'NONE',  ( 0.7071067811865475727, 1.848892746611743135E-32, 0.7071067811865474617 ) ) ;
#4071 = VECTOR ( 'NONE', #1590, 1000.000000000000000 ) ;
#4072 = LINE ( 'NONE', #8599, #9675 ) ;
#4073 = CARTESIAN_POINT ( 'NONE',  ( 0.4961224367392622625, 0.000000000000000000, -1.201033706287569558 ) ) ;
#4074 = CYLINDRICAL_SURFACE ( 'NONE', #3717, 0.1499999999999999667 ) ;
#4075 = EDGE_CURVE ( 'NONE', #3004, #4867, #3041, .T. ) ;
#4076 = ORIENTED_EDGE ( 'NONE', *, *, #5444, .F. ) ;
#4077 = EDGE_LOOP ( 'NONE', ( #9146, #8656, #2382, #7741 ) ) ;
#4078 = VERTEX_POINT ( 'NONE', #3950 ) ;
#4079 = B_SPLINE_SURFACE_WITH_KNOTS ( 'NONE', 1, 3, ( 
 ( #2567, #5672, #1812, #3933 ),
 ( #3886, #85, #5526, #7442 ),
 ( #421, #4956, #7290, #4185 ) ),
 .UNSPECIFIED., .F., .F., .F.,
 ( 2, 1, 2 ),
 ( 4, 4 ),
 ( -0.01000000000000000021, 0.000000000000000000, 1.000000000000000000 ),
 ( 0.000000000000000000, 1.000000000000000000 ),
 .UNSPECIFIED. ) ;
#4080 = ADVANCED_FACE ( 'NONE', ( #5390 ), #7049, .T. ) ;
#4081 = CARTESIAN_POINT ( 'NONE',  ( -1.917386645469350004, -0.6650180178729041547, 0.9299338753735262308 ) ) ;
#4082 = LINE ( 'NONE', #9423, #9836 ) ;
#4083 = VECTOR ( 'NONE', #7292, 1000.000000000000000 ) ;
#4084 = PLANE ( 'NONE',  #5163 ) ;
#4085 = DIRECTION ( 'NONE',  ( 0.000000000000000000, 0.000000000000000000, -1.000000000000000000 ) ) ;
#4086 = CARTESIAN_POINT ( 'NONE',  ( 1.499999999999999556, -1.419999999999999929, -1.099999999999999867 ) ) ;
#4087 = ORIENTED_EDGE ( 'NONE', *, *, #1609, .T. ) ;
#4088 = CARTESIAN_POINT ( 'NONE',  ( 1.921519207694747156, -0.7146959487271364875, -0.3708640314413619299 ) ) ;
#4089 = PLANE ( 'NONE',  #3067 ) ;
#4090 = VERTEX_POINT ( 'NONE', #2381 ) ;
#4091 = EDGE_CURVE ( 'NONE', #10005, #6356, #5763, .T. ) ;
#4092 = FACE_OUTER_BOUND ( 'NONE', #6120, .T. ) ;
#4093 = LINE ( 'NONE', #1926, #2009 ) ;
#4094 = ORIENTED_EDGE ( 'NONE', *, *, #1721, .F. ) ;
#4095 = DIRECTION ( 'NONE',  ( 0.6804760118468757835, 0.7327703578209006086, 0.000000000000000000 ) ) ;
#4096 = ORIENTED_EDGE ( 'NONE', *, *, #1120, .F. ) ;
#4097 = CARTESIAN_POINT ( 'NONE',  ( 1.250000000000000000, -0.05000000000000002359, 1.875000000000000222 ) ) ;
#4098 = ORIENTED_EDGE ( 'NONE', *, *, #4505, .T. ) ;
#4099 = VERTEX_POINT ( 'NONE', #3994 ) ;
#4100 = CIRCLE ( 'NONE', #6708, 0.1499999999999999944 ) ;
#4101 = FACE_OUTER_BOUND ( 'NONE', #8606, .T. ) ;
#4102 = CARTESIAN_POINT ( 'NONE',  ( 2.299999999999999822, -1.419999999999999929, -0.4999999999999997780 ) ) ;
#4103 = CARTESIAN_POINT ( 'NONE',  ( -0.6506347602098602190, -0.1000000000000000472, -1.150000000000000133 ) ) ;
#4104 = CARTESIAN_POINT ( 'NONE',  ( 1.401148175457528122, -0.6083740602123934860, 1.300000000000000266 ) ) ;
#4105 = PLANE ( 'NONE',  #8899 ) ;
#4106 = LINE ( 'NONE', #8130, #2030 ) ;
#4108 = ORIENTED_EDGE ( 'NONE', *, *, #5209, .T. ) ;
#4107 = DIRECTION ( 'NONE',  ( -0.9098789178756584439, 0.4148739022949274324, 0.000000000000000000 ) ) ;
#4109 = CARTESIAN_POINT ( 'NONE',  ( 2.091932801878034542, -0.9522993465461107032, 0.5089130437326933043 ) ) ;
#4110 = ORIENTED_EDGE ( 'NONE', *, *, #1362, .F. ) ;
#4111 = AXIS2_PLACEMENT_3D ( 'NONE', #1464, #9315, #5416 ) ;
#4112 = LINE ( 'NONE', #7068, #9113 ) ;
#4113 = VERTEX_POINT ( 'NONE', #3240 ) ;
#4114 = EDGE_CURVE ( 'NONE', #682, #10005, #9236, .T. ) ;
#4115 = VERTEX_POINT ( 'NONE', #6947 ) ;
#4116 = CARTESIAN_POINT ( 'NONE',  ( 1.715275339119697540, -0.1001992199119376564, 1.354458957571054611 ) ) ;
#4117 = ADVANCED_FACE ( 'NONE', ( #3094 ), #3448, .T. ) ;
#4118 = TOROIDAL_SURFACE ( 'NONE', #4605, 0.1499999999999999944, 0.05000000000000000278 ) ;
#4119 = SPHERICAL_SURFACE ( 'NONE', #8436, 0.05000000000000000278 ) ;
#4120 = CARTESIAN_POINT ( 'NONE',  ( 2.031274207352990135, -0.9799576066991059209, -0.4816873910456424546 ) ) ;
#4121 = CARTESIAN_POINT ( 'NONE',  ( -1.699999999999999734, -1.419999999999999929, 0.4999999999999997780 ) ) ;
#4122 = DIRECTION ( 'NONE',  ( 0.000000000000000000, 0.000000000000000000, -1.000000000000000000 ) ) ;
#4123 = ORIENTED_EDGE ( 'NONE', *, *, #8983, .F. ) ;
#4124 = EDGE_CURVE ( 'NONE', #919, #8700, #436, .T. ) ;
#4125 = VERTEX_POINT ( 'NONE', #1824 ) ;
#4126 = VECTOR ( 'NONE', #5011, 1000.000000000000000 ) ;
#4127 = FACE_OUTER_BOUND ( 'NONE', #4499, .T. ) ;
#4128 = EDGE_CURVE ( 'NONE', #6850, #4867, #9318, .T. ) ;
#4129 = CARTESIAN_POINT ( 'NONE',  ( 1.845392560103486179, -0.1000000000000000056, 1.399999999999999245 ) ) ;
#4130 = CARTESIAN_POINT ( 'NONE',  ( -1.699999999999999734, -1.420000000000000151, -1.400000000000000133 ) ) ;
#4131 = AXIS2_PLACEMENT_3D ( 'NONE', #3649, #8219, #1981 ) ;
#4132 =( NAMED_UNIT ( * ) SI_UNIT ( $, .STERADIAN. ) SOLID_ANGLE_UNIT ( ) );
#4133 = SURFACE_SIDE_STYLE ('',( #5625 ) ) ;
#4134 = DIRECTION ( 'NONE',  ( -1.000000000000000000, 0.000000000000000000, 0.000000000000000000 ) ) ;
#4135 = LINE ( 'NONE', #7246, #118 ) ;
#4136 = ORIENTED_EDGE ( 'NONE', *, *, #9673, .F. ) ;
#4137 = DIRECTION ( 'NONE',  ( 1.000000000000000000, 0.000000000000000000, 0.000000000000000000 ) ) ;
#4138 = LINE ( 'NONE', #5680, #5520 ) ;
#4139 = ADVANCED_FACE ( 'NONE', ( #4146 ), #1775, .F. ) ;
#4140 = VERTEX_POINT ( 'NONE', #3341 ) ;
#4141 = VECTOR ( 'NONE', #7365, 1000.000000000000000 ) ;
#4142 = DIRECTION ( 'NONE',  ( 0.9888710284834034692, -0.1487752970965803556, 0.000000000000000000 ) ) ;
#4143 = DIRECTION ( 'NONE',  ( -1.000000000000000000, -0.000000000000000000, 0.000000000000000000 ) ) ;
#4144 = DIRECTION ( 'NONE',  ( 0.7071067811865473507, -3.081487911019575175E-32, -0.7071067811865476838 ) ) ;
#4145 = VERTEX_POINT ( 'NONE', #6592 ) ;
#4146 = FACE_OUTER_BOUND ( 'NONE', #8674, .T. ) ;
#4147 = CIRCLE ( 'NONE', #1417, 0.1352350503700165685 ) ;
#4148 = EDGE_CURVE ( 'NONE', #5304, #3279, #8776, .T. ) ;
#4149 = VERTEX_POINT ( 'NONE', #8667 ) ;
#4150 = CARTESIAN_POINT ( 'NONE',  ( -1.224999999999999645, -0.09999999999999976963, 1.831698729810778081 ) ) ;
#4151 = EDGE_LOOP ( 'NONE', ( #6706, #2188, #9632, #1935, #5811 ) ) ;
#4152 = VERTEX_POINT ( 'NONE', #5690 ) ;
#4153 = ADVANCED_FACE ( 'NONE', ( #1731 ), #7151, .T. ) ;
#4154 = CIRCLE ( 'NONE', #8697, 0.1499999999999999667 ) ;
#4155 = CARTESIAN_POINT ( 'NONE',  ( 0.4961224367392622625, -0.1000000000000000056, -1.351033706287569469 ) ) ;
#4156 = DIRECTION ( 'NONE',  ( 0.000000000000000000, 1.000000000000000000, -0.000000000000000000 ) ) ;
#4157 = CARTESIAN_POINT ( 'NONE',  ( -2.018129957543589814, -0.6849194002693064220, -0.2993942391300363215 ) ) ;
#4158 = FACE_OUTER_BOUND ( 'NONE', #8960, .T. ) ;
#4159 = FACE_OUTER_BOUND ( 'NONE', #6640, .T. ) ;
#4160 = CARTESIAN_POINT ( 'NONE',  ( 1.224999999999999867, -0.5499999999999999334, 1.750000000000000000 ) ) ;
#4161 = DIRECTION ( 'NONE',  ( 0.000000000000000000, 0.000000000000000000, 1.000000000000000000 ) ) ;
#4162 = LINE ( 'NONE', #3962, #5253 ) ;
#4163 = ORIENTED_EDGE ( 'NONE', *, *, #4933, .T. ) ;
#4164 = AXIS2_PLACEMENT_3D ( 'NONE', #1340, #9847, #4210 ) ;
#4165 = CARTESIAN_POINT ( 'NONE',  ( -1.499999999999999334, -1.419999999999999929, -0.6999999999999998446 ) ) ;
#4166 = VERTEX_POINT ( 'NONE', #6539 ) ;
#4167 = VERTEX_POINT ( 'NONE', #7310 ) ;
#4168 = SPHERICAL_SURFACE ( 'NONE', #6253, 0.05000000000000000278 ) ;
#4169 = LINE ( 'NONE', #5764, #536 ) ;
#4170 = DIRECTION ( 'NONE',  ( -1.000000000000000000, 0.000000000000000000, 0.000000000000000000 ) ) ;
#4171 = ADVANCED_FACE ( 'NONE', ( #4816 ), #9637, .F. ) ;
#4172 = DIRECTION ( 'NONE',  ( 1.000000000000000000, 3.252606517456510147E-15, -0.000000000000000000 ) ) ;
#4173 = PRODUCT_DEFINITION_CONTEXT ( 'detailed design', #2956, 'design' ) ;
#4174 = AXIS2_PLACEMENT_3D ( 'NONE', #1021, #5571, #9623 ) ;
#4175 = CARTESIAN_POINT ( 'NONE',  ( 1.995392560103486090, -0.07180482227990070410, -0.9886127665261832398 ) ) ;
#4176 = CYLINDRICAL_SURFACE ( 'NONE', #359, 0.2499999999999999722 ) ;
#4177 = ORIENTED_EDGE ( 'NONE', *, *, #7080, .F. ) ;
#4178 = ORIENTED_EDGE ( 'NONE', *, *, #2998, .T. ) ;
#4179 = EDGE_CURVE ( 'NONE', #334, #176, #8065, .T. ) ;
#4180 = CARTESIAN_POINT ( 'NONE',  ( 1.084202172485504434E-16, 1.419999999999999929, -0.7500000000000000000 ) ) ;
#4181 = AXIS2_PLACEMENT_3D ( 'NONE', #3039, #7566, #9235 ) ;
#4182 = CARTESIAN_POINT ( 'NONE',  ( -0.6506347602098602190, -0.1499999999999999667, -1.200000000000000178 ) ) ;
#4183 = DIRECTION ( 'NONE',  ( 0.000000000000000000, 0.000000000000000000, -1.000000000000000000 ) ) ;
#4184 = EDGE_CURVE ( 'NONE', #6478, #6774, #233, .T. ) ;
#4185 = CARTESIAN_POINT ( 'NONE',  ( -2.017386645469349649, -0.6650180178729041547, -0.9299338753735266749 ) ) ;
#4186 = CARTESIAN_POINT ( 'NONE',  ( -1.989074743118145472, -0.8874080328634452730, -0.1447648332056547804 ) ) ;
#4187 = CARTESIAN_POINT ( 'NONE',  ( -0.4961224367392622625, -0.1500000000000002998, -1.250000000000000000 ) ) ;
#4188 = DIRECTION ( 'NONE',  ( -0.000000000000000000, 1.000000000000000000, -0.000000000000000000 ) ) ;
#4189 = CARTESIAN_POINT ( 'NONE',  ( 0.000000000000000000, -0.1999999999999998168, 1.574961434174603436 ) ) ;
#4190 = ORIENTED_EDGE ( 'NONE', *, *, #8678, .F. ) ;
#4191 = LINE ( 'NONE', #8055, #9980 ) ;
#4192 = CARTESIAN_POINT ( 'NONE',  ( -1.499999999999999556, -1.419999999999999929, -1.099999999999999867 ) ) ;
#4193 = ADVANCED_FACE ( 'NONE', ( #8117 ), #4203, .F. ) ;
#4194 = ORIENTED_EDGE ( 'NONE', *, *, #5524, .T. ) ;
#4195 = VECTOR ( 'NONE', #2065, 1000.000000000000000 ) ;
#4196 = FACE_OUTER_BOUND ( 'NONE', #7300, .T. ) ;
#4197 = EDGE_CURVE ( 'NONE', #5601, #1103, #9526, .T. ) ;
#4198 = CARTESIAN_POINT ( 'NONE',  ( 0.000000000000000000, -0.1999999999999998168, 1.208497736014245927 ) ) ;
#4199 = VECTOR ( 'NONE', #7992, 1000.000000000000000 ) ;
#4200 = TOROIDAL_SURFACE ( 'NONE', #835, 0.1500000000000000500, 0.05000000000000000278 ) ;
#4201 = DIRECTION ( 'NONE',  ( 0.4148739022949279320, -0.9098789178756579998, 0.000000000000000000 ) ) ;
#4202 = ORIENTED_EDGE ( 'NONE', *, *, #2119, .T. ) ;
#4203 = PLANE ( 'NONE',  #4615 ) ;
#4204 = ORIENTED_EDGE ( 'NONE', *, *, #9217, .T. ) ;
#4205 = CARTESIAN_POINT ( 'NONE',  ( 2.017386645469349649, -0.6650180178729043767, 0.3949867687062142974 ) ) ;
#4206 = ORIENTED_EDGE ( 'NONE', *, *, #8266, .T. ) ;
#4207 = VECTOR ( 'NONE', #5735, 1000.000000000000000 ) ;
#4208 = EDGE_LOOP ( 'NONE', ( #4669, #2546, #1875, #8953, #5315 ) ) ;
#4209 = ADVANCED_FACE ( 'NONE', ( #386 ), #1929, .F. ) ;
#4210 = DIRECTION ( 'NONE',  ( 0.000000000000000000, 1.879283765641541440E-14, 1.000000000000000000 ) ) ;
#4211 = PLANE ( 'NONE',  #8205 ) ;
#4212 = CARTESIAN_POINT ( 'NONE',  ( -1.867386645469348405, -0.1499999999999996891, -0.4218284553639134460 ) ) ;
#4213 = VECTOR ( 'NONE', #7987, 1000.000000000000000 ) ;
#4214 = CARTESIAN_POINT ( 'NONE',  ( 1.865324646435019273, -0.6160060395488425877, -0.4816873910456424546 ) ) ;
#4215 = DIRECTION ( 'NONE',  ( -1.000000000000000000, 0.000000000000000000, 0.000000000000000000 ) ) ;
#4217 = VERTEX_POINT ( 'NONE', #9589 ) ;
#4216 = DIRECTION ( 'NONE',  ( 1.000000000000000000, -0.000000000000000000, -0.000000000000000000 ) ) ;
#4218 =( BOUNDED_SURFACE ( )  B_SPLINE_SURFACE ( 3, 3, ( 
 ( #9497, #2545, #9546, #2596 ),
 ( #5704, #1833, #7471, #3659 ),
 ( #2083, #2942, #2036, #9141 ),
 ( #6050, #5336, #9853, #601 ),
 ( #3614, #9048, #8998, #2796 ),
 ( #645, #5142, #2892, #2176 ),
 ( #6748, #5238, #3706, #1441 ) ),
 .UNSPECIFIED., .T., .F., .T. ) 
 B_SPLINE_SURFACE_WITH_KNOTS ( ( 4, 3, 4 ),
 ( 4, 4 ),
 ( 0.000000000000000000, 0.5000000000000000000, 1.000000000000000000 ),
 ( 0.000000000000000000, 1.000000000000000000 ),
 .UNSPECIFIED. ) 
 GEOMETRIC_REPRESENTATION_ITEM ( )  RATIONAL_B_SPLINE_SURFACE ( (
 ( 1.000000000000000000, 1.000000000000000000, 1.000000000000000000, 1.000000000000000000),
 ( 0.3333333333333333703, 0.3333333333333333148, 0.3333333333333333148, 0.3333333333333333703),
 ( 0.3333333333333333703, 0.3333333333333333148, 0.3333333333333333148, 0.3333333333333333703),
 ( 1.000000000000000000, 1.000000000000000000, 1.000000000000000000, 1.000000000000000000),
 ( 0.3333333333333333703, 0.3333333333333333148, 0.3333333333333333148, 0.3333333333333333703),
 ( 0.3333333333333333703, 0.3333333333333333148, 0.3333333333333333148, 0.3333333333333333703),
 ( 1.000000000000000000, 1.000000000000000000, 1.000000000000000000, 1.000000000000000000) ) ) 
 REPRESENTATION_ITEM ( '' )  SURFACE ( )  );
#4219 = EDGE_LOOP ( 'NONE', ( #2204, #9768, #9191, #2 ) ) ;
#4220 = DIRECTION ( 'NONE',  ( 1.000000000000000000, 0.000000000000000000, 2.166632114861838388E-15 ) ) ;
#4221 = ORIENTED_EDGE ( 'NONE', *, *, #8872, .F. ) ;
#4222 = ORIENTED_EDGE ( 'NONE', *, *, #8884, .F. ) ;
#4223 = AXIS2_PLACEMENT_3D ( 'NONE', #4212, #2744, #8127 ) ;
#4224 = EDGE_CURVE ( 'NONE', #8091, #3111, #9469, .T. ) ;
#4225 = CARTESIAN_POINT ( 'NONE',  ( 1.716903632388984358, -0.1187883687980193503, 1.389061926190493734 ) ) ;
#4226 = CARTESIAN_POINT ( 'NONE',  ( 1.499999999999999556, -1.269999999999999796, -0.6999999999999999556 ) ) ;
#4227 = DIRECTION ( 'NONE',  ( -0.000000000000000000, -0.000000000000000000, 1.000000000000000000 ) ) ;
#4228 =( NAMED_UNIT ( * ) PLANE_ANGLE_UNIT ( ) SI_UNIT ( $, .RADIAN. ) );
#4229 = VECTOR ( 'NONE', #2647, 1000.000000000000000 ) ;
#4230 = DIRECTION ( 'NONE',  ( 0.000000000000000000, 0.000000000000000000, 1.000000000000000000 ) ) ;
#4231 = PLANE ( 'NONE',  #37 ) ;
#4232 = CARTESIAN_POINT ( 'NONE',  ( -1.301148157059169863, -0.1804963128685913298, 1.319503687131408975 ) ) ;
#4233 = VERTEX_POINT ( 'NONE', #488 ) ;
#4234 = ORIENTED_EDGE ( 'NONE', *, *, #4518, .T. ) ;
#4235 = AXIS2_PLACEMENT_3D ( 'NONE', #1085, #9536, #2583 ) ;
#4236 = CARTESIAN_POINT ( 'NONE',  ( 2.111012748687672858, -0.9137987518143189103, -0.3369225578399882015 ) ) ;
#4237 = DIRECTION ( 'NONE',  ( -0.4148739022949274879, 0.9098789178756583329, 0.000000000000000000 ) ) ;
#4238 = CARTESIAN_POINT ( 'NONE',  ( 0.000000000000000000, -0.1199999999999998290, 1.208497736014245927 ) ) ;
#4239 = ADVANCED_FACE ( 'NONE', ( #2931 ), #4452, .F. ) ;
#4240 = FACE_OUTER_BOUND ( 'NONE', #6490, .T. ) ;
#4241 = CARTESIAN_POINT ( 'NONE',  ( 0.4961224367392622625, -4.065758146820641628E-16, -1.250000000000000000 ) ) ;
#4242 = ORIENTED_EDGE ( 'NONE', *, *, #499, .F. ) ;
#4243 = LINE ( 'NONE', #5932, #5280 ) ;
#4244 = DIRECTION ( 'NONE',  ( 0.000000000000000000, 0.000000000000000000, -1.000000000000000000 ) ) ;
#4245 = ORIENTED_EDGE ( 'NONE', *, *, #4439, .F. ) ;
#4246 = ADVANCED_FACE ( 'NONE', ( #3604 ), #7555, .F. ) ;
#4247 = LINE ( 'NONE', #2829, #5608 ) ;
#4248 = ADVANCED_FACE ( 'NONE', ( #1334 ), #227, .T. ) ;
#4249 = CARTESIAN_POINT ( 'NONE',  ( -1.922555855110059442, -0.7204717264743651928, 0.3425862651868626374 ) ) ;
#4250 = ORIENTED_EDGE ( 'NONE', *, *, #7867, .T. ) ;
#4251 = CARTESIAN_POINT ( 'NONE',  ( 1.917761582556021249, -0.008092294343646956253, 1.009567145670800636 ) ) ;
#4252 = ORIENTED_EDGE ( 'NONE', *, *, #6307, .T. ) ;
#4253 = CARTESIAN_POINT ( 'NONE',  ( 2.020115965960871840, -0.6979464099724809190, 0.3677206818308405567 ) ) ;
#4254 = ORIENTED_EDGE ( 'NONE', *, *, #8350, .T. ) ;
#4255 = EDGE_CURVE ( 'NONE', #2930, #5442, #6044, .T. ) ;
#4256 = EDGE_LOOP ( 'NONE', ( #5711, #9923, #3449, #2584 ) ) ;
#4257 = CARTESIAN_POINT ( 'NONE',  ( -1.224999999999999867, -0.1499999999999998002, 0.7500000000000002220 ) ) ;
#4258 = CARTESIAN_POINT ( 'NONE',  ( 1.900000000000000133, -0.6548169886614639834, -0.3499999999999999778 ) ) ;
#4259 = EDGE_CURVE ( 'NONE', #1557, #6067, #8372, .T. ) ;
#4260 = CARTESIAN_POINT ( 'NONE',  ( -1.250000000000000000, -0.1066987298107780202, 1.875000000000000222 ) ) ;
#4261 = CARTESIAN_POINT ( 'NONE',  ( 1.917386645469348450, -0.1499999999999995226, 0.4218284553639131129 ) ) ;
#4262 = CARTESIAN_POINT ( 'NONE',  ( 1.224999999999999867, -0.4999999999999998890, 0.7500000000000002220 ) ) ;
#4263 = DIRECTION ( 'NONE',  ( 0.000000000000000000, 0.000000000000000000, 1.000000000000000000 ) ) ;
#4265 = ORIENTED_EDGE ( 'NONE', *, *, #4880, .T. ) ;
#4264 = DIRECTION ( 'NONE',  ( -1.000000000000000000, 0.000000000000000000, -0.000000000000000000 ) ) ;
#4266 = CARTESIAN_POINT ( 'NONE',  ( 2.299999999999999822, -1.419999999999999929, 0.4999999999999997780 ) ) ;
#4267 = ORIENTED_EDGE ( 'NONE', *, *, #9343, .T. ) ;
#4268 = CARTESIAN_POINT ( 'NONE',  ( 0.5352522865914011163, -4.065758146820641628E-16, -1.250000000000000000 ) ) ;
#4269 = ORIENTED_EDGE ( 'NONE', *, *, #846, .F. ) ;
#4270 = ADVANCED_FACE ( 'NONE', ( #4501 ), #7602, .T. ) ;
#4271 = ORIENTED_EDGE ( 'NONE', *, *, #2531, .T. ) ;
#4272 = AXIS2_PLACEMENT_3D ( 'NONE', #6212, #6258, #8393 ) ;
#4273 = VERTEX_POINT ( 'NONE', #5839 ) ;
#4274 = CARTESIAN_POINT ( 'NONE',  ( 1.715052709667138631, -0.1000000000000000472, 1.350000000000000311 ) ) ;
#4275 = DIRECTION ( 'NONE',  ( 1.000000000000000000, -2.168404344971008079E-15, 0.000000000000000000 ) ) ;
#4276 = PLANE ( 'NONE',  #9260 ) ;
#4277 =( NAMED_UNIT ( * ) PLANE_ANGLE_UNIT ( ) SI_UNIT ( $, .RADIAN. ) );
#4278 = VECTOR ( 'NONE', #6836, 1000.000000000000000 ) ;
#4279 = CARTESIAN_POINT ( 'NONE',  ( -2.017386645469349649, -0.6935382986227248692, 0.9252069843308814434 ) ) ;
#4280 = PLANE ( 'NONE',  #4532 ) ;
#4281 = CARTESIAN_POINT ( 'NONE',  ( 0.7737652542620762075, 0.000000000000000000, -1.201033706287569558 ) ) ;
#4282 = EDGE_LOOP ( 'NONE', ( #8848, #895, #4819, #1420, #9658, #7359 ) ) ;
#4283 = EDGE_CURVE ( 'NONE', #9441, #1720, #5770, .T. ) ;
#4284 = VERTEX_POINT ( 'NONE', #5080 ) ;
#4285 = CARTESIAN_POINT ( 'NONE',  ( 0.000000000000000000, 0.000000000000000000, 0.000000000000000000 ) ) ;
#4286 = VECTOR ( 'NONE', #1519, 1000.000000000000000 ) ;
#4287 = EDGE_CURVE ( 'NONE', #5555, #6586, #6405, .T. ) ;
#4288 = CARTESIAN_POINT ( 'NONE',  ( -0.9749999999999999778, -1.719999999999999085, 0.7500000000000000000 ) ) ;
#4289 = LINE ( 'NONE', #6524, #2691 ) ;
#4290 = CARTESIAN_POINT ( 'NONE',  ( -0.6506347602098601079, -0.1000000000000000472, -1.349999999999999867 ) ) ;
#4291 = SPHERICAL_SURFACE ( 'NONE', #1921, 0.05000000000000000278 ) ;
#4292 = DIRECTION ( 'NONE',  ( -1.000000000000000000, 3.252606517456510541E-15, 0.000000000000000000 ) ) ;
#4293 = FACE_OUTER_BOUND ( 'NONE', #1506, .T. ) ;
#4294 = ORIENTED_EDGE ( 'NONE', *, *, #2151, .F. ) ;
#4295 = DIRECTION ( 'NONE',  ( -1.000000000000000000, 0.000000000000000000, 0.000000000000000000 ) ) ;
#4296 = AXIS2_PLACEMENT_3D ( 'NONE', #1742, #3915, #7063 ) ;
#4297 = ORIENTED_EDGE ( 'NONE', *, *, #1213, .F. ) ;
#4298 = LINE ( 'NONE', #7400, #5994 ) ;
#4299 = VECTOR ( 'NONE', #4137, 1000.000000000000000 ) ;
#4300 = CARTESIAN_POINT ( 'NONE',  ( -1.499999999999999556, -1.269999999999999796, 0.6999999999999999556 ) ) ;
#4301 = AXIS2_PLACEMENT_3D ( 'NONE', #5835, #8934, #3599 ) ;
#4302 = LINE ( 'NONE', #6834, #1755 ) ;
#4303 = EDGE_CURVE ( 'NONE', #6027, #3792, #5992, .T. ) ;
#4304 = CARTESIAN_POINT ( 'NONE',  ( -1.922463053037339886, -0.7199779757751043618, 0.3606604241851703030 ) ) ;
#4305 = ORIENTED_EDGE ( 'NONE', *, *, #4648, .F. ) ;
#4306 = CARTESIAN_POINT ( 'NONE',  ( 1.995392560103486090, -0.07180482227990070410, 0.9886127665261839059 ) ) ;
#4307 = ORIENTED_EDGE ( 'NONE', *, *, #6995, .F. ) ;
#4308 = CONICAL_SURFACE ( 'NONE', #2195, 0.1749999999999998224, 0.7853981633974469467 ) ;
#4309 = FACE_OUTER_BOUND ( 'NONE', #3821, .T. ) ;
#4310 = ORIENTED_EDGE ( 'NONE', *, *, #7993, .T. ) ;
#4311 = VERTEX_POINT ( 'NONE', #7508 ) ;
#4312 = ADVANCED_FACE ( 'NONE', ( #6739 ), #6690, .T. ) ;
#4313 = LINE ( 'NONE', #5086, #3198 ) ;
#4314 = DIRECTION ( 'NONE',  ( 3.252606517456513302E-15, -1.000000000000000000, 0.000000000000000000 ) ) ;
#4315 = CARTESIAN_POINT ( 'NONE',  ( -1.344983577402405039, -0.1000000000000000056, 1.247023181841393047 ) ) ;
#4316 = CIRCLE ( 'NONE', #6746, 0.1499999999999999667 ) ;
#4317 = EDGE_CURVE ( 'NONE', #9692, #8944, #2834, .T. ) ;
#4318 = DIRECTION ( 'NONE',  ( -1.000000000000000000, 0.000000000000000000, 0.000000000000000000 ) ) ;
#4319 = CARTESIAN_POINT ( 'NONE',  ( -2.017386645469349649, -0.6650180178729041547, 0.3949867687062132982 ) ) ;
#4320 = EDGE_LOOP ( 'NONE', ( #2524, #5843, #9825, #6256, #3008 ) ) ;
#4321 = CARTESIAN_POINT ( 'NONE',  ( 1.224999999999999867, -0.1038257139402040952, 2.118301270189221874 ) ) ;
#4322 = EDGE_LOOP ( 'NONE', ( #5641, #6837, #4064, #9293, #5693 ) ) ;
#4323 = CARTESIAN_POINT ( 'NONE',  ( 0.5352522865914011163, -4.065758146820641628E-16, -1.250000000000000000 ) ) ;
#4324 = VERTEX_POINT ( 'NONE', #9280 ) ;
#4325 = ORIENTED_EDGE ( 'NONE', *, *, #1661, .T. ) ;
#4326 = EDGE_CURVE ( 'NONE', #3582, #4066, #7545, .T. ) ;
#4327 = ORIENTED_EDGE ( 'NONE', *, *, #9292, .F. ) ;
#4328 = AXIS2_PLACEMENT_3D ( 'NONE', #3956, #8726, #7918 ) ;
#4329 = CARTESIAN_POINT ( 'NONE',  ( 1.919736465895845123, -0.7097993822989732138, 0.3252409048719890339 ) ) ;
#4330 = DIRECTION ( 'NONE',  ( -2.465190328815661892E-32, 1.000000000000000000, -2.465190328815661892E-32 ) ) ;
#4331 = CARTESIAN_POINT ( 'NONE',  ( -2.100000000000000089, -0.3653699307730465806, 0.3499999999999999778 ) ) ;
#4332 =( NAMED_UNIT ( * ) SI_UNIT ( $, .STERADIAN. ) SOLID_ANGLE_UNIT ( ) );
#4333 = EDGE_CURVE ( 'NONE', #8537, #8361, #7040, .T. ) ;
#4334 = CIRCLE ( 'NONE', #5314, 0.04999999999999991257 ) ;
#4335 = LINE ( 'NONE', #6716, #586 ) ;
#4336 = CARTESIAN_POINT ( 'NONE',  ( -1.987876722234600324, -0.05950135640515871044, 0.9886127665261836839 ) ) ;
#4337 = DIRECTION ( 'NONE',  ( 1.000000000000000000, 0.000000000000000000, 0.000000000000000000 ) ) ;
#4338 = ORIENTED_EDGE ( 'NONE', *, *, #5707, .F. ) ;
#4339 = ORIENTED_EDGE ( 'NONE', *, *, #761, .T. ) ;
#4340 = DIRECTION ( 'NONE',  ( 1.000000000000000000, -0.000000000000000000, 0.000000000000000000 ) ) ;
#4341 = CARTESIAN_POINT ( 'NONE',  ( 0.9749999999999999778, -1.919999999999999929, 1.125000000000000222 ) ) ;
#4342 = LINE ( 'NONE', #7343, #2861 ) ;
#4343 = EDGE_CURVE ( 'NONE', #1097, #4167, #7806, .T. ) ;
#4344 = CIRCLE ( 'NONE', #5646, 0.07999999999999998779 ) ;
#4345 = EDGE_CURVE ( 'NONE', #9636, #2072, #3985, .T. ) ;
#4346 = DIRECTION ( 'NONE',  ( -1.000000000000000000, 0.000000000000000000, 0.000000000000000000 ) ) ;
#4347 = DIRECTION ( 'NONE',  ( 0.000000000000000000, 0.000000000000000000, 1.000000000000000000 ) ) ;
#4348 = CARTESIAN_POINT ( 'NONE',  ( 1.845392560103486179, -0.1000000000000000056, 1.399999999999999245 ) ) ;
#4349 = ORIENTED_EDGE ( 'NONE', *, *, #1962, .F. ) ;
#4350 = FILL_AREA_STYLE ('',( #8313 ) ) ;
#4351 = ORIENTED_EDGE ( 'NONE', *, *, #8983, .T. ) ;
#4352 = VECTOR ( 'NONE', #1517, 1000.000000000000000 ) ;
#4353 = DIRECTION ( 'NONE',  ( 0.000000000000000000, 0.000000000000000000, -1.000000000000000000 ) ) ;
#4354 = EDGE_CURVE ( 'NONE', #1511, #8741, #6233, .T. ) ;
#4355 = B_SPLINE_CURVE_WITH_KNOTS ( 'NONE', 3,
 ( #5323, #632, #3693, #6778, #3602, #9892, #2929, #6042, #7650, #9840, #732, #9132, #8411, #539, #1428, #4405, #4498, #1478, #6639 ),
 .UNSPECIFIED., .F., .F.,
 ( 4, 3, 3, 3, 3, 3, 4 ),
 ( -4.468954584259067049E-06, -8.470329472543003391E-22, 6.656117731566899401E-06, 2.365770047054896618E-05, 4.064371720682878798E-05, 5.762318118583533100E-05, 7.460305556361664558E-05 ),
 .UNSPECIFIED. ) ;
#4356 = LINE ( 'NONE', #5889, #4278 ) ;
#4357 = ORIENTED_EDGE ( 'NONE', *, *, #5959, .T. ) ;
#4358 = CARTESIAN_POINT ( 'NONE',  ( 1.274999999999999911, -1.100000000000000089, 1.849999999999999867 ) ) ;
#4359 = VERTEX_POINT ( 'NONE', #6992 ) ;
#4360 = DIRECTION ( 'NONE',  ( 0.000000000000000000, -0.000000000000000000, -1.000000000000000000 ) ) ;
#4361 = VERTEX_POINT ( 'NONE', #3182 ) ;
#4362 = AXIS2_PLACEMENT_3D ( 'NONE', #5470, #3019, #8451 ) ;
#4363 = VECTOR ( 'NONE', #3063, 1000.000000000000000 ) ;
#4364 = DIRECTION ( 'NONE',  ( 0.000000000000000000, 0.000000000000000000, 1.000000000000000000 ) ) ;
#4365 = LINE ( 'NONE', #9700, #140 ) ;
#4366 = CARTESIAN_POINT ( 'NONE',  ( -0.5352522865914011163, -4.065758146820641628E-16, -1.250000000000000000 ) ) ;
#4367 = EDGE_CURVE ( 'NONE', #8880, #6027, #3658, .T. ) ;
#4368 = CARTESIAN_POINT ( 'NONE',  ( -0.4961224367392622625, -0.3517625296630363940, -1.298961782710780888 ) ) ;
#4369 = ORIENTED_EDGE ( 'NONE', *, *, #1514, .F. ) ;
#4370 = CARTESIAN_POINT ( 'NONE',  ( 1.899999999999999911, -1.269999999999999352, -1.199999999999999734 ) ) ;
#4371 = VECTOR ( 'NONE', #836, 1000.000000000000000 ) ;
#4372 = ORIENTED_EDGE ( 'NONE', *, *, #8404, .T. ) ;
#4373 = CIRCLE ( 'NONE', #6320, 0.1749999999999998224 ) ;
#4374 = LINE ( 'NONE', #8847, #5054 ) ;
#4375 = ORIENTED_EDGE ( 'NONE', *, *, #3650, .F. ) ;
#4376 = VERTEX_POINT ( 'NONE', #9180 ) ;
#4377 = VERTEX_POINT ( 'NONE', #931 ) ;
#4378 = CARTESIAN_POINT ( 'NONE',  ( 1.920236304010926931, -0.7062853239885003021, 0.3761878563608317960 ) ) ;
#4379 = AXIS2_PLACEMENT_3D ( 'NONE', #6265, #5513, #2402 ) ;
#4380 = CARTESIAN_POINT ( 'NONE',  ( 1.224999999999999867, -0.09999999999999976963, 1.831698729810777859 ) ) ;
#4381 = CIRCLE ( 'NONE', #9899, 0.2500000000000000000 ) ;
#4382 = DIRECTION ( 'NONE',  ( 0.000000000000000000, 0.000000000000000000, 1.000000000000000000 ) ) ;
#4383 = CARTESIAN_POINT ( 'NONE',  ( -0.6461224367392621737, -0.1500000000000002998, -1.351033706287569469 ) ) ;
#4384 = EDGE_CURVE ( 'NONE', #663, #2602, #2214, .T. ) ;
#4385 = LINE ( 'NONE', #1311, #8505 ) ;
#4386 = CARTESIAN_POINT ( 'NONE',  ( -1.932973805698885439, -0.01509883464912128472, 1.002216655516455335 ) ) ;
#4387 = AXIS2_PLACEMENT_3D ( 'NONE', #4285, #417, #574 ) ;
#4388 = CARTESIAN_POINT ( 'NONE',  ( -1.301148175457528255, -0.1999999999999999833, 1.300000000000000266 ) ) ;
#4389 = EDGE_LOOP ( 'NONE', ( #4012, #6467, #6322, #6293 ) ) ;
#4390 = ORIENTED_EDGE ( 'NONE', *, *, #9007, .F. ) ;
#4391 = EDGE_CURVE ( 'NONE', #8078, #6037, #3128, .T. ) ;
#4392 = CARTESIAN_POINT ( 'NONE',  ( 1.224999999999999867, -0.1038257139402040952, 2.118301270189221874 ) ) ;
#4393 = VECTOR ( 'NONE', #1956, 1000.000000000000000 ) ;
#4394 = DIRECTION ( 'NONE',  ( -0.000000000000000000, 0.9998476951563911586, 0.01745240643728365737 ) ) ;
#4395 = EDGE_CURVE ( 'NONE', #9301, #5439, #8614, .T. ) ;
#4396 = DIRECTION ( 'NONE',  ( -1.000000000000000000, 0.000000000000000000, 0.000000000000000000 ) ) ;
#4397 = DIRECTION ( 'NONE',  ( 0.000000000000000000, -1.000000000000000000, 0.000000000000000000 ) ) ;
#4398 = LINE ( 'NONE', #9074, #264 ) ;
#4399 = CARTESIAN_POINT ( 'NONE',  ( 1.274999999999999911, -0.1499999999999998002, 2.149119630351393972 ) ) ;
#4400 = EDGE_LOOP ( 'NONE', ( #6341, #2990, #4177, #3497 ) ) ;
#4401 = VECTOR ( 'NONE', #2230, 1000.000000000000000 ) ;
#4402 = ADVANCED_FACE ( 'NONE', ( #1580 ), #3939, .T. ) ;
#4403 = DIRECTION ( 'NONE',  ( 0.000000000000000000, 1.000000000000000000, 0.000000000000000000 ) ) ;
#4404 = VECTOR ( 'NONE', #7559, 1000.000000000000000 ) ;
#4405 = CARTESIAN_POINT ( 'NONE',  ( -1.717263660643456591, -0.1334618792486684247, 1.397185702940768159 ) ) ;
#4406 = ORIENTED_EDGE ( 'NONE', *, *, #7252, .F. ) ;
#4407 = DIRECTION ( 'NONE',  ( 1.000000000000000000, 0.000000000000000000, -0.000000000000000000 ) ) ;
#4408 = ORIENTED_EDGE ( 'NONE', *, *, #4695, .F. ) ;
#4409 = CARTESIAN_POINT ( 'NONE',  ( -1.250000000000000000, -0.1066987298107780202, 2.075000000000000178 ) ) ;
#4410 = ORIENTED_EDGE ( 'NONE', *, *, #4148, .T. ) ;
#4411 = EDGE_CURVE ( 'NONE', #1237, #1103, #7750, .T. ) ;
#4412 = PLANE ( 'NONE',  #2387 ) ;
#4413 = DIRECTION ( 'NONE',  ( 0.000000000000000000, 0.000000000000000000, -1.000000000000000000 ) ) ;
#4414 = CARTESIAN_POINT ( 'NONE',  ( 1.899999999999999911, -1.420000000000000151, -1.199999999999999734 ) ) ;
#4415 = CARTESIAN_POINT ( 'NONE',  ( -1.917386645469349560, -0.6749061346479621193, -0.3939145070807574256 ) ) ;
#4416 = ORIENTED_EDGE ( 'NONE', *, *, #1534, .T. ) ;
#4417 = ORIENTED_EDGE ( 'NONE', *, *, #5772, .F. ) ;
#4418 = CARTESIAN_POINT ( 'NONE',  ( 1.401148175457528122, -0.1999999999999999833, -1.199999999999999734 ) ) ;
#4419 = ORIENTED_EDGE ( 'NONE', *, *, #7521, .F. ) ;
#4420 = ORIENTED_EDGE ( 'NONE', *, *, #2443, .F. ) ;
#4421 = VERTEX_POINT ( 'NONE', #5325 ) ;
#4422 = CARTESIAN_POINT ( 'NONE',  ( 2.018810780331933952, -0.6889157485353842869, 0.3797558294957290026 ) ) ;
#4423 = CARTESIAN_POINT ( 'NONE',  ( 1.245701850097761687, -0.1044869974344712210, 1.854718459189653723 ) ) ;
#4424 = LINE ( 'NONE', #9199, #6826 ) ;
#4425 = CARTESIAN_POINT ( 'NONE',  ( 0.4961224367392622625, -0.1000000000000000056, -1.351033706287569469 ) ) ;
#4426 = VERTEX_POINT ( 'NONE', #8414 ) ;
#4427 = EDGE_CURVE ( 'NONE', #5122, #7054, #6720, .T. ) ;
#4428 = CARTESIAN_POINT ( 'NONE',  ( 1.301148175457528033, -0.1999999999999999833, 1.300000000000000266 ) ) ;
#4429 = AXIS2_PLACEMENT_3D ( 'NONE', #9114, #8192, #1262 ) ;
#4430 = CARTESIAN_POINT ( 'NONE',  ( 1.925691325761515360, -0.7508093341209410854, 0.9204838424213351855 ) ) ;
#4431 = ORIENTED_EDGE ( 'NONE', *, *, #218, .F. ) ;
#4432 = VERTEX_POINT ( 'NONE', #9328 ) ;
#4433 = EDGE_CURVE ( 'NONE', #6660, #8150, #1480, .T. ) ;
#4434 = VECTOR ( 'NONE', #7899, 1000.000000000000000 ) ;
#4435 = DIRECTION ( 'NONE',  ( 0.000000000000000000, 1.000000000000000000, 0.000000000000000000 ) ) ;
#4436 = CARTESIAN_POINT ( 'NONE',  ( -1.878128223064395641, 1.900522645223937183E-16, 0.4044353608483152174 ) ) ;
#4437 = DIRECTION ( 'NONE',  ( 1.000000000000000000, -0.000000000000000000, -0.000000000000000000 ) ) ;
#4438 = CARTESIAN_POINT ( 'NONE',  ( 2.017386645469348316, -0.1499999999999991895, -0.4218284553639131129 ) ) ;
#4439 = EDGE_CURVE ( 'NONE', #5601, #1207, #9993, .T. ) ;
#4440 = DIRECTION ( 'NONE',  ( 1.387778780781444936E-16, -1.232595164407830399E-32, -1.000000000000000000 ) ) ;
#4441 = LINE ( 'NONE', #7500, #4622 ) ;
#4442 = CIRCLE ( 'NONE', #756, 0.04999999999999980155 ) ;
#4443 = VERTEX_POINT ( 'NONE', #5377 ) ;
#4444 = ADVANCED_FACE ( 'NONE', ( #8461 ), #1530, .F. ) ;
#4445 = DIRECTION ( 'NONE',  ( -0.4148739022949276545, 0.9098789178756583329, 1.734723475976807094E-15 ) ) ;
#4446 = DIRECTION ( 'NONE',  ( 2.352799587455083312E-16, 0.000000000000000000, -1.000000000000000000 ) ) ;
#4447 = AXIS2_PLACEMENT_3D ( 'NONE', #1144, #7269, #448 ) ;
#4448 = PLANE ( 'NONE',  #7588 ) ;
#4449 = EDGE_CURVE ( 'NONE', #6106, #2802, #1629, .T. ) ;
#4450 = LINE ( 'NONE', #6736, #2655 ) ;
#4451 = ORIENTED_EDGE ( 'NONE', *, *, #3453, .F. ) ;
#4452 = PLANE ( 'NONE',  #8510 ) ;
#4453 = DIRECTION ( 'NONE',  ( -3.252606517456510147E-15, 1.000000000000000000, -0.000000000000000000 ) ) ;
#4454 = ORIENTED_EDGE ( 'NONE', *, *, #2959, .F. ) ;
#4455 = VECTOR ( 'NONE', #3893, 1000.000000000000000 ) ;
#4456 = DIRECTION ( 'NONE',  ( 0.000000000000000000, 1.000000000000000000, 0.000000000000000000 ) ) ;
#4457 = DIRECTION ( 'NONE',  ( 0.000000000000000000, 0.000000000000000000, 1.000000000000000000 ) ) ;
#4458 = DIRECTION ( 'NONE',  ( 0.4148739022949275990, 0.9098789178756583329, -0.000000000000000000 ) ) ;
#4459 = EDGE_CURVE ( 'NONE', #2463, #3713, #6938, .T. ) ;
#4460 = DIRECTION ( 'NONE',  ( -3.614007241618346306E-16, 0.000000000000000000, -1.000000000000000000 ) ) ;
#4461 = EDGE_CURVE ( 'NONE', #8343, #3162, #935, .T. ) ;
#4462 = CARTESIAN_POINT ( 'NONE',  ( -1.917906108923826070, -0.6848079756006629770, -0.3912862990716413081 ) ) ;
#4463 = EDGE_LOOP ( 'NONE', ( #16, #9104 ) ) ;
#4464 = VERTEX_POINT ( 'NONE', #8657 ) ;
#4465 = EDGE_CURVE ( 'NONE', #4115, #6224, #1400, .T. ) ;
#4466 = CYLINDRICAL_SURFACE ( 'NONE', #6994, 0.2000000000000000944 ) ;
#4467 = ORIENTED_EDGE ( 'NONE', *, *, #869, .F. ) ;
#4468 = ORIENTED_EDGE ( 'NONE', *, *, #4259, .T. ) ;
#4469 = ORIENTED_EDGE ( 'NONE', *, *, #2894, .T. ) ;
#4470 = AXIS2_PLACEMENT_3D ( 'NONE', #8203, #1269, #7999 ) ;
#4471 = CIRCLE ( 'NONE', #303, 0.1352350503700165685 ) ;
#4472 = CARTESIAN_POINT ( 'NONE',  ( 2.019286417830401081, -0.6925295552833011792, 0.3761878563608317960 ) ) ;
#4473 = LINE ( 'NONE', #6910, #4046 ) ;
#4474 = LINE ( 'NONE', #6713, #4049 ) ;
#4475 = ORIENTED_EDGE ( 'NONE', *, *, #370, .F. ) ;
#4476 = DIRECTION ( 'NONE',  ( 0.000000000000000000, -1.000000000000000000, 0.000000000000000000 ) ) ;
#4477 = CARTESIAN_POINT ( 'NONE',  ( -1.401148175457528344, -0.1000000000000000472, -1.199999999999999734 ) ) ;
#4478 = VECTOR ( 'NONE', #5562, 1000.000000000000000 ) ;
#4479 = DIRECTION ( 'NONE',  ( 1.000000000000000000, 3.252606517456510541E-15, -0.000000000000000000 ) ) ;
#4480 = ORIENTED_EDGE ( 'NONE', *, *, #9116, .F. ) ;
#4481 = EDGE_LOOP ( 'NONE', ( #8506, #9932, #2984, #9652 ) ) ;
#4482 = FACE_OUTER_BOUND ( 'NONE', #865, .T. ) ;
#4483 = AXIS2_PLACEMENT_3D ( 'NONE', #418, #1964, #5064 ) ;
#4484 = CARTESIAN_POINT ( 'NONE',  ( 1.914944632671699010, -0.007738839266435270509, 0.4178170472557162229 ) ) ;
#4485 = CARTESIAN_POINT ( 'NONE',  ( 1.274999999999999911, -0.1499999999999997446, 2.099119630351394150 ) ) ;
#4486 = DIRECTION ( 'NONE',  ( -0.9098789178756583329, -0.4148739022949274324, -0.000000000000000000 ) ) ;
#4487 = FACE_OUTER_BOUND ( 'NONE', #3354, .T. ) ;
#4488 = CARTESIAN_POINT ( 'NONE',  ( 1.194983577402405128, -0.1000000000000000056, 1.247023181841393047 ) ) ;
#4489 = EDGE_CURVE ( 'NONE', #1201, #6966, #9524, .T. ) ;
#4490 = AXIS2_PLACEMENT_3D ( 'NONE', #1281, #1181, #8936 ) ;
#4491 = ORIENTED_EDGE ( 'NONE', *, *, #319, .T. ) ;
#4492 = VERTEX_POINT ( 'NONE', #9577 ) ;
#4493 = EDGE_CURVE ( 'NONE', #4699, #3597, #6832, .T. ) ;
#4494 = DIRECTION ( 'NONE',  ( 0.000000000000000000, 1.000000000000000000, -0.000000000000000000 ) ) ;
#4495 = PLANE ( 'NONE',  #5635 ) ;
#4496 = CYLINDRICAL_SURFACE ( 'NONE', #8558, 0.04999999999999999584 ) ;
#4497 = DIRECTION ( 'NONE',  ( 2.775557561562887653E-17, -1.232595164407829441E-32, -1.000000000000000000 ) ) ;
#4498 = CARTESIAN_POINT ( 'NONE',  ( -1.717344770150589506, -0.1387386730252278266, 1.399035166808375585 ) ) ;
#4499 = EDGE_LOOP ( 'NONE', ( #7660, #1853, #571 ) ) ;
#4500 = EDGE_CURVE ( 'NONE', #594, #9636, #2732, .T. ) ;
#4501 = FACE_OUTER_BOUND ( 'NONE', #7350, .T. ) ;
#4502 = VECTOR ( 'NONE', #2470, 1000.000000000000000 ) ;
#4503 = DIRECTION ( 'NONE',  ( 2.710505431213762564E-16, -0.000000000000000000, -1.000000000000000000 ) ) ;
#4504 = ORIENTED_EDGE ( 'NONE', *, *, #9019, .T. ) ;
#4505 = EDGE_CURVE ( 'NONE', #9548, #3977, #5630, .T. ) ;
#4506 = CARTESIAN_POINT ( 'NONE',  ( 1.344983577402405039, -0.1000000000000000056, 1.247023181841393047 ) ) ;
#4507 = FACE_OUTER_BOUND ( 'NONE', #404, .T. ) ;
#4508 = AXIS2_PLACEMENT_3D ( 'NONE', #4214, #7320, #4932 ) ;
#4509 = LINE ( 'NONE', #8228, #8281 ) ;
#4510 = DIRECTION ( 'NONE',  ( 0.000000000000000000, 0.000000000000000000, -1.000000000000000000 ) ) ;
#4511 = CARTESIAN_POINT ( 'NONE',  ( -1.917386645469348450, -0.1499999999999995226, 0.9886127665261834618 ) ) ;
#4512 = DIRECTION ( 'NONE',  ( 1.000000000000000000, -9.244463733058729358E-33, 1.387778780781444936E-16 ) ) ;
#4513 = ORIENTED_EDGE ( 'NONE', *, *, #2512, .T. ) ;
#4514 = VERTEX_POINT ( 'NONE', #1766 ) ;
#4515 = CARTESIAN_POINT ( 'NONE',  ( -0.9237652542620761187, -0.1000000000000000056, -1.201033706287569558 ) ) ;
#4516 = ORIENTED_EDGE ( 'NONE', *, *, #9282, .F. ) ;
#4517 = EDGE_LOOP ( 'NONE', ( #150, #9439, #1015, #3333 ) ) ;
#4518 = EDGE_CURVE ( 'NONE', #1746, #7942, #8868, .T. ) ;
#4519 = CARTESIAN_POINT ( 'NONE',  ( 2.091932801928585217, -0.9522993465230416010, 0.7661930767260661801 ) ) ;
#4520 = CARTESIAN_POINT ( 'NONE',  ( 1.921101910188419692, -0.7180876342002434631, 0.3577395339658829276 ) ) ;
#4521 = LINE ( 'NONE', #6808, #6968 ) ;
#4522 = CARTESIAN_POINT ( 'NONE',  ( -1.890823655704770401, -0.001406018879603513055, -0.4105110784948639568 ) ) ;
#4523 = CARTESIAN_POINT ( 'NONE',  ( -2.019612439772668910, -0.6947730772922190434, -0.3252409048719890339 ) ) ;
#4524 = CIRCLE ( 'NONE', #5670, 0.1499999999999999667 ) ;
#4525 = ORIENTED_EDGE ( 'NONE', *, *, #5842, .F. ) ;
#4526 = DIRECTION ( 'NONE',  ( 0.000000000000000000, 1.000000000000000000, 0.000000000000000000 ) ) ;
#4527 = EDGE_LOOP ( 'NONE', ( #389, #365, #6332 ) ) ;
#4528 = LINE ( 'NONE', #9205, #5521 ) ;
#4529 = ORIENTED_EDGE ( 'NONE', *, *, #4740, .T. ) ;
#4530 = ORIENTED_EDGE ( 'NONE', *, *, #3422, .F. ) ;
#4531 = EDGE_CURVE ( 'NONE', #8700, #8270, #6427, .T. ) ;
#4532 = AXIS2_PLACEMENT_3D ( 'NONE', #6024, #2100, #9115 ) ;
#4533 = VECTOR ( 'NONE', #2050, 1000.000000000000000 ) ;
#4534 = DIRECTION ( 'NONE',  ( 5.551115123125779004E-17, -1.222965514685893946E-32, 1.000000000000000000 ) ) ;
#4535 = CARTESIAN_POINT ( 'NONE',  ( -1.845392560103486179, 0.000000000000000000, -1.138612766526183817 ) ) ;
#4536 = CIRCLE ( 'NONE', #1638, 0.3750000000000001110 ) ;
#4537 = CARTESIAN_POINT ( 'NONE',  ( 2.017386645469349649, -0.4676805559526490685, -0.4218284553639131129 ) ) ;
#4538 = CARTESIAN_POINT ( 'NONE',  ( 2.017386645469349649, -0.5319001915892677124, 0.4166395980621656614 ) ) ;
#4539 = CARTESIAN_POINT ( 'NONE',  ( 1.699999999999999734, -1.269999999999999796, 0.5000000000000001110 ) ) ;
#4540 = VECTOR ( 'NONE', #6617, 1000.000000000000000 ) ;
#4541 = ORIENTED_EDGE ( 'NONE', *, *, #8660, .F. ) ;
#4542 = VECTOR ( 'NONE', #4031, 1000.000000000000000 ) ;
#4543 = EDGE_LOOP ( 'NONE', ( #7930, #9527, #3173, #9969 ) ) ;
#4544 = ORIENTED_EDGE ( 'NONE', *, *, #2097, .F. ) ;
#4545 = DIRECTION ( 'NONE',  ( -0.000000000000000000, -1.000000000000000000, 0.000000000000000000 ) ) ;
#4546 = DIRECTION ( 'NONE',  ( -1.000000000000000000, 0.000000000000000000, 0.000000000000000000 ) ) ;
#4547 = B_SPLINE_CURVE_WITH_KNOTS ( 'NONE', 3,
 ( #3825, #7684, #5216, #4484, #6168, #9264, #7587, #5360, #5162, #21 ),
 .UNSPECIFIED., .F., .F.,
 ( 4, 3, 3, 4 ),
 ( 1.355252715606880543E-20, 3.848730360427968255E-05, 7.706982756232626025E-05, 9.093846203317905257E-05 ),
 .UNSPECIFIED. ) ;
#4548 = DIRECTION ( 'NONE',  ( -1.000000000000000000, 0.000000000000000000, 0.000000000000000000 ) ) ;
#4549 = DIRECTION ( 'NONE',  ( 1.000000000000000000, -0.000000000000000000, -0.000000000000000000 ) ) ;
#4550 = VERTEX_POINT ( 'NONE', #3382 ) ;
#4551 = CARTESIAN_POINT ( 'NONE',  ( 1.926674489852814753, -0.7505551852821470415, -0.9204800932882374331 ) ) ;
#4552 = DIRECTION ( 'NONE',  ( 1.000000000000000000, 3.252606517456510541E-15, 0.000000000000000000 ) ) ;
#4553 = VECTOR ( 'NONE', #7224, 1000.000000000000000 ) ;
#4554 = ADVANCED_FACE ( 'NONE', ( #1175 ), #6479, .F. ) ;
#4555 = LINE ( 'NONE', #9943, #535 ) ;
#4556 = ORIENTED_EDGE ( 'NONE', *, *, #2052, .F. ) ;
#4557 = VECTOR ( 'NONE', #3768, 1000.000000000000000 ) ;
#4558 = EDGE_CURVE ( 'NONE', #6991, #8715, #4191, .T. ) ;
#4559 = PRESENTATION_LAYER_ASSIGNMENT (  '', '', ( #7157 ) ) ;
#4560 = DIRECTION ( 'NONE',  ( 0.000000000000000000, -0.9998476951563913806, -0.01745240643728366084 ) ) ;
#4561 = CARTESIAN_POINT ( 'NONE',  ( 0.000000000000000000, -0.09999999999999982514, 1.208497736014245927 ) ) ;
#4562 = FACE_OUTER_BOUND ( 'NONE', #6752, .T. ) ;
#4563 = CARTESIAN_POINT ( 'NONE',  ( 2.045973160857281758, -0.9732553828315445577, -0.5089130437326256917 ) ) ;
#4564 = ORIENTED_EDGE ( 'NONE', *, *, #9246, .T. ) ;
#4565 = EDGE_CURVE ( 'NONE', #7376, #8849, #376, .T. ) ;
#4566 = VERTEX_POINT ( 'NONE', #5831 ) ;
#4567 = LINE ( 'NONE', #9812, #3099 ) ;
#4568 = ORIENTED_EDGE ( 'NONE', *, *, #6062, .F. ) ;
#4569 = ORIENTED_EDGE ( 'NONE', *, *, #6495, .T. ) ;
#4570 = ADVANCED_FACE ( 'NONE', ( #6683 ), #8927, .T. ) ;
#4571 = CARTESIAN_POINT ( 'NONE',  ( -1.274999999999999911, -0.5499999999999999334, 1.750000000000000000 ) ) ;
#4572 = CARTESIAN_POINT ( 'NONE',  ( 2.020171771993813703, -0.6915542942206196475, 0.3770734274570270994 ) ) ;
#4573 = CYLINDRICAL_SURFACE ( 'NONE', #8933, 0.1000000000000000472 ) ;
#4574 = DIRECTION ( 'NONE',  ( 0.000000000000000000, -1.000000000000000000, 0.000000000000000000 ) ) ;
#4575 = CARTESIAN_POINT ( 'NONE',  ( 2.017386645469349649, -0.1499999999999991895, -0.9886127665261839059 ) ) ;
#4577 = EDGE_LOOP ( 'NONE', ( #8303, #1326, #1931, #236, #5244 ) ) ;
#4576 = DIRECTION ( 'NONE',  ( 0.000000000000000000, 0.000000000000000000, 1.000000000000000000 ) ) ;
#4578 = EDGE_CURVE ( 'NONE', #7312, #4166, #2113, .T. ) ;
#4579 = DIRECTION ( 'NONE',  ( 0.000000000000000000, 0.000000000000000000, -1.000000000000000000 ) ) ;
#4580 = VERTEX_POINT ( 'NONE', #3540 ) ;
#4581 = LINE ( 'NONE', #762, #1499 ) ;
#4582 = EDGE_LOOP ( 'NONE', ( #6185, #2194, #5135, #3930 ) ) ;
#4583 = ORIENTED_EDGE ( 'NONE', *, *, #6127, .T. ) ;
#4584 = DIRECTION ( 'NONE',  ( 1.000000000000000000, 0.000000000000000000, 0.000000000000000000 ) ) ;
#4585 = DIRECTION ( 'NONE',  ( -0.000000000000000000, -1.583310275509380931E-14, -1.000000000000000000 ) ) ;
#4586 = LINE ( 'NONE', #7026, #3211 ) ;
#4587 = AXIS2_PLACEMENT_3D ( 'NONE', #3207, #7271, #9402 ) ;
#4588 = CARTESIAN_POINT ( 'NONE',  ( -0.7737652542620762075, -0.1000000000000000056, -1.201033706287569558 ) ) ;
#4589 = EDGE_CURVE ( 'NONE', #159, #8644, #6093, .T. ) ;
#4590 = DIRECTION ( 'NONE',  ( 0.000000000000000000, 3.252606517456514091E-15, -1.000000000000000000 ) ) ;
#4591 = EDGE_CURVE ( 'NONE', #1660, #9320, #9738, .T. ) ;
#4592 = ORIENTED_EDGE ( 'NONE', *, *, #6487, .F. ) ;
#4593 = ORIENTED_EDGE ( 'NONE', *, *, #3146, .T. ) ;
#4594 = AXIS2_PLACEMENT_3D ( 'NONE', #9335, #5488, #4719 ) ;
#4595 = CARTESIAN_POINT ( 'NONE',  ( 2.020024856900106691, -0.9552861420438116813, -0.3369225578399882015 ) ) ;
#4596 = CARTESIAN_POINT ( 'NONE',  ( 1.899999999999999245, -1.269999999999999796, 1.099999999999999867 ) ) ;
#4597 = CARTESIAN_POINT ( 'NONE',  ( 1.923296344037521033, -0.7249428651167550974, -0.3545260433431361435 ) ) ;
#4598 = DIRECTION ( 'NONE',  ( -5.551115123125779004E-17, 1.222965514685893946E-32, -1.000000000000000000 ) ) ;
#4599 = ORIENTED_EDGE ( 'NONE', *, *, #9390, .F. ) ;
#4600 = CARTESIAN_POINT ( 'NONE',  ( -1.499999999999999556, -1.419999999999999929, -1.099999999999999867 ) ) ;
#4601 = VECTOR ( 'NONE', #1862, 1000.000000000000000 ) ;
#4602 = CARTESIAN_POINT ( 'NONE',  ( -1.881656416144345201, -0.0004850465540951547322, 1.039958222443709390 ) ) ;
#4603 = DIRECTION ( 'NONE',  ( -0.000000000000000000, -1.000000000000000000, 0.000000000000000000 ) ) ;
#4604 = ORIENTED_EDGE ( 'NONE', *, *, #7595, .T. ) ;
#4605 = AXIS2_PLACEMENT_3D ( 'NONE', #3472, #7887, #8748 ) ;
#4606 = EDGE_CURVE ( 'NONE', #4492, #3452, #2825, .T. ) ;
#4607 = CARTESIAN_POINT ( 'NONE',  ( -1.199999999999999956, -0.05000000000000002359, 1.875000000000000222 ) ) ;
#4608 = DIRECTION ( 'NONE',  ( -0.000000000000000000, 1.000000000000000000, -0.000000000000000000 ) ) ;
#4609 = FACE_OUTER_BOUND ( 'NONE', #6276, .T. ) ;
#4610 = LINE ( 'NONE', #9288, #9531 ) ;
#4611 = DIRECTION ( 'NONE',  ( -0.000000000000000000, -0.000000000000000000, 1.000000000000000000 ) ) ;
#4612 = EDGE_LOOP ( 'NONE', ( #7962, #505, #7890 ) ) ;
#4613 = ORIENTED_EDGE ( 'NONE', *, *, #2814, .F. ) ;
#4614 = EDGE_CURVE ( 'NONE', #7740, #2069, #4441, .T. ) ;
#4615 = AXIS2_PLACEMENT_3D ( 'NONE', #8881, #1082, #4095 ) ;
#4616 = LINE ( 'NONE', #3709, #8607 ) ;
#4617 = ORIENTED_EDGE ( 'NONE', *, *, #4068, .T. ) ;
#4618 = ORIENTED_EDGE ( 'NONE', *, *, #2853, .F. ) ;
#4619 = EDGE_CURVE ( 'NONE', #5455, #5350, #4243, .T. ) ;
#4620 = DIRECTION ( 'NONE',  ( -1.000000000000000000, 0.000000000000000000, 0.000000000000000000 ) ) ;
#4621 = CARTESIAN_POINT ( 'NONE',  ( 1.617386645469349959, -0.9650180178729041991, -0.7718015200835190992 ) ) ;
#4622 = VECTOR ( 'NONE', #7544, 1000.000000000000000 ) ;
#4623 = CARTESIAN_POINT ( 'NONE',  ( -2.019052950126616786, -0.6907812725527222586, 0.3810316994662037993 ) ) ;
#4624 = DIRECTION ( 'NONE',  ( -7.216449660063507652E-16, -1.232595164407829304E-32, -1.000000000000000000 ) ) ;
#4625 = PLANE ( 'NONE',  #1394 ) ;
#4626 = VERTEX_POINT ( 'NONE', #5073 ) ;
#4627 = PLANE ( 'NONE',  #5899 ) ;
#4628 = VERTEX_POINT ( 'NONE', #1325 ) ;
#4629 = EDGE_CURVE ( 'NONE', #2136, #5657, #6584, .T. ) ;
#4630 = FACE_OUTER_BOUND ( 'NONE', #8990, .T. ) ;
#4631 = EDGE_LOOP ( 'NONE', ( #4684, #1253, #9769, #5589 ) ) ;
#4632 = EDGE_LOOP ( 'NONE', ( #53, #3160, #6248, #5406, #9747 ) ) ;
#4633 = AXIS2_PLACEMENT_3D ( 'NONE', #3308, #2705, #5607 ) ;
#4634 = EDGE_CURVE ( 'NONE', #7362, #1949, #4957, .T. ) ;
#4635 = DIRECTION ( 'NONE',  ( 1.000000000000000000, -9.757819552369557261E-15, 0.000000000000000000 ) ) ;
#4636 = CARTESIAN_POINT ( 'NONE',  ( -1.194983577402405128, -0.1000000000000000056, 1.397023181841392958 ) ) ;
#4637 = SURFACE_SIDE_STYLE ('',( #211 ) ) ;
#4638 = DIRECTION ( 'NONE',  ( -8.673617379884049672E-15, 0.000000000000000000, 1.000000000000000000 ) ) ;
#4639 = CIRCLE ( 'NONE', #6906, 0.05000000000000002359 ) ;
#4640 = LINE ( 'NONE', #6926, #4363 ) ;
#4641 = DIRECTION ( 'NONE',  ( -1.000000000000000000, 0.000000000000000000, 0.000000000000000000 ) ) ;
#4642 = DIRECTION ( 'NONE',  ( 1.000000000000000000, -3.108046227791780219E-14, 0.000000000000000000 ) ) ;
#4643 = ORIENTED_EDGE ( 'NONE', *, *, #8308, .T. ) ;
#4644 = ORIENTED_EDGE ( 'NONE', *, *, #7035, .F. ) ;
#4645 = EDGE_LOOP ( 'NONE', ( #2832, #5340, #7940, #2160, #1733, #3749 ) ) ;
#4646 = AXIS2_PLACEMENT_3D ( 'NONE', #4571, #7667, #5397 ) ;
#4647 = EDGE_CURVE ( 'NONE', #6691, #4785, #1277, .T. ) ;
#4648 = EDGE_CURVE ( 'NONE', #9147, #5545, #479, .T. ) ;
#4649 = CARTESIAN_POINT ( 'NONE',  ( 0.4961224367392622625, -0.03912984985219390699, -1.351033706287569469 ) ) ;
#4650 = CARTESIAN_POINT ( 'NONE',  ( -2.020611199511430200, -0.6946228142421801977, 0.3252409048719711038 ) ) ;
#4651 = DIRECTION ( 'NONE',  ( -1.000000000000000000, 0.000000000000000000, -0.000000000000000000 ) ) ;
#4652 = CARTESIAN_POINT ( 'NONE',  ( -0.4961224367392622625, -0.1000000000000000056, 0.9886127665261836839 ) ) ;
#4653 = ORIENTED_EDGE ( 'NONE', *, *, #5228, .T. ) ;
#4654 = DIRECTION ( 'NONE',  ( 0.000000000000000000, 0.000000000000000000, 1.000000000000000000 ) ) ;
#4655 = DIRECTION ( 'NONE',  ( 0.000000000000000000, 0.1564615434407232719, -0.9876840514173279573 ) ) ;
#4656 = VECTOR ( 'NONE', #631, 1000.000000000000000 ) ;
#4657 = EDGE_LOOP ( 'NONE', ( #1620, #4860, #1147, #700, #4136 ) ) ;
#4658 = EDGE_CURVE ( 'NONE', #3080, #5653, #5533, .T. ) ;
#4659 = FACE_OUTER_BOUND ( 'NONE', #2409, .T. ) ;
#4660 =( BOUNDED_CURVE ( )  B_SPLINE_CURVE ( 3, ( #2152, #9827, #5215, #8306 ),
 .UNSPECIFIED., .F., .F. ) 
 B_SPLINE_CURVE_WITH_KNOTS ( ( 4, 4 ),
 ( 1.570796326794896558, 3.141592653589793116 ),
 .UNSPECIFIED. ) 
 CURVE ( )  GEOMETRIC_REPRESENTATION_ITEM ( )  RATIONAL_B_SPLINE_CURVE ( ( 1.000000000000000000, 0.8047378541243649375, 0.8047378541243649375, 1.000000000000000000 ) ) 
 REPRESENTATION_ITEM ( '' )  );
#4661 = PLANE ( 'NONE',  #6286 ) ;
#4662 = PLANE ( 'NONE',  #9828 ) ;
#4663 = MANIFOLD_SOLID_BREP ( 'Boss-Extrude5[1]', #9540 ) ;
#4664 = CARTESIAN_POINT ( 'NONE',  ( -1.224999999999999645, -0.1499999999999998002, 0.7500000000000002220 ) ) ;
#4665 = VECTOR ( 'NONE', #1416, 1000.000000000000000 ) ;
#4666 = CARTESIAN_POINT ( 'NONE',  ( 2.020984041727465375, -0.7027820332842538154, -0.3490320119792771347 ) ) ;
#4667 = ORIENTED_EDGE ( 'NONE', *, *, #8237, .T. ) ;
#4668 = DIRECTION ( 'NONE',  ( 0.000000000000000000, 0.000000000000000000, 1.000000000000000000 ) ) ;
#4669 = ORIENTED_EDGE ( 'NONE', *, *, #2507, .F. ) ;
#4670 = ORIENTED_EDGE ( 'NONE', *, *, #261, .F. ) ;
#4671 = CIRCLE ( 'NONE', #3542, 0.4000000000000000222 ) ;
#4672 = DIRECTION ( 'NONE',  ( -0.000000000000000000, -0.000000000000000000, 1.000000000000000000 ) ) ;
#4673 = CARTESIAN_POINT ( 'NONE',  ( 2.020559416285366616, -0.7005011751592590263, 0.3534724863334479661 ) ) ;
#4674 = EDGE_CURVE ( 'NONE', #3233, #8766, #583, .T. ) ;
#4675 = FACE_OUTER_BOUND ( 'NONE', #8167, .T. ) ;
#4676 = CARTESIAN_POINT ( 'NONE',  ( -0.4961224367392622625, -0.03912984985219390699, -1.351033706287569469 ) ) ;
#4677 = CYLINDRICAL_SURFACE ( 'NONE', #3243, 0.2000000000000000944 ) ;
#4678 = DIRECTION ( 'NONE',  ( -0.9098789178756583329, 0.4148739022949274324, 0.000000000000000000 ) ) ;
#4680 = EDGE_LOOP ( 'NONE', ( #6063, #618, #1669, #2955 ) ) ;
#4679 = LINE ( 'NONE', #8588, #5343 ) ;
#4681 = LINE ( 'NONE', #9257, #9791 ) ;
#4682 = ORIENTED_EDGE ( 'NONE', *, *, #6576, .F. ) ;
#4683 = CARTESIAN_POINT ( 'NONE',  ( 2.017386645469349649, -0.6650180178729041547, -0.3949867687062132982 ) ) ;
#4684 = ORIENTED_EDGE ( 'NONE', *, *, #171, .T. ) ;
#4685 = ORIENTED_EDGE ( 'NONE', *, *, #7158, .T. ) ;
#4686 = ADVANCED_FACE ( 'NONE', ( #1009 ), #5051, .F. ) ;
#4687 = DIRECTION ( 'NONE',  ( -1.000000000000000000, -0.000000000000000000, -0.000000000000000000 ) ) ;
#4688 = VECTOR ( 'NONE', #7541, 1000.000000000000000 ) ;
#4689 = DIRECTION ( 'NONE',  ( 0.000000000000000000, 0.9935718556765874565, -0.1132032137679068184 ) ) ;
#4690 = SURFACE_SIDE_STYLE ('',( #3113 ) ) ;
#4691 = CARTESIAN_POINT ( 'NONE',  ( -1.926674489852814753, -0.7505551852821472636, -0.9204800932882368780 ) ) ;
#4692 = CARTESIAN_POINT ( 'NONE',  ( -1.224999999999999645, -0.1499999999999998002, 2.099119630351393706 ) ) ;
#4693 = DIRECTION ( 'NONE',  ( 0.000000000000000000, 0.000000000000000000, 1.000000000000000000 ) ) ;
#4694 = ORIENTED_EDGE ( 'NONE', *, *, #8237, .F. ) ;
#4695 = EDGE_CURVE ( 'NONE', #8132, #4492, #7681, .T. ) ;
#4696 = VECTOR ( 'NONE', #1215, 1000.000000000000000 ) ;
#4697 = VECTOR ( 'NONE', #4337, 1000.000000000000000 ) ;
#4698 = ORIENTED_EDGE ( 'NONE', *, *, #6796, .T. ) ;
#4699 = VERTEX_POINT ( 'NONE', #5713 ) ;
#4700 = VECTOR ( 'NONE', #2197, 1000.000000000000000 ) ;
#4701 = DIRECTION ( 'NONE',  ( -0.000000000000000000, -1.000000000000000000, 0.000000000000000000 ) ) ;
#4702 = ADVANCED_FACE ( 'NONE', ( #9456 ), #1751, .F. ) ;
#4703 = CARTESIAN_POINT ( 'NONE',  ( 0.000000000000000000, -0.1999999999999998168, 1.208497736014245927 ) ) ;
#4704 = AXIS2_PLACEMENT_3D ( 'NONE', #8189, #3362, #5913 ) ;
#4705 = VECTOR ( 'NONE', #7671, 1000.000000000000000 ) ;
#4706 = CARTESIAN_POINT ( 'NONE',  ( -1.274999999999999911, -1.100000000000000089, 1.849999999999999867 ) ) ;
#4707 = CARTESIAN_POINT ( 'NONE',  ( 2.018396645469349604, -0.6800096386958233152, -0.3925358527719252644 ) ) ;
#4708 = DIRECTION ( 'NONE',  ( 0.4148739022949274879, 0.9098789178756583329, 0.000000000000000000 ) ) ;
#4709 = ORIENTED_EDGE ( 'NONE', *, *, #6137, .T. ) ;
#4710 = CARTESIAN_POINT ( 'NONE',  ( -1.250000000000000000, -0.05000000000000002359, 1.825000000000000178 ) ) ;
#4711 = CARTESIAN_POINT ( 'NONE',  ( -1.900697991524398445, -0.003745583916242810167, 1.022281606978878932 ) ) ;
#4712 = ADVANCED_FACE ( 'NONE', ( #251 ), #2503, .F. ) ;
#4713 = ORIENTED_EDGE ( 'NONE', *, *, #9689, .F. ) ;
#4714 = CYLINDRICAL_SURFACE ( 'NONE', #7455, 0.04999999999999991257 ) ;
#4715 = FACE_OUTER_BOUND ( 'NONE', #3708, .T. ) ;
#4716 = CARTESIAN_POINT ( 'NONE',  ( -1.917386645469349782, -0.6650180178729041547, -0.3949867687062132426 ) ) ;
#4717 = VECTOR ( 'NONE', #6266, 1000.000000000000000 ) ;
#4718 = VECTOR ( 'NONE', #6308, 1000.000000000000000 ) ;
#4719 = DIRECTION ( 'NONE',  ( 0.000000000000000000, 1.355252715606877091E-16, 1.000000000000000000 ) ) ;
#4720 = CARTESIAN_POINT ( 'NONE',  ( 2.075371067865865005, -0.9598509350964217202, -0.5089130437326957468 ) ) ;
#4721 = ADVANCED_FACE ( 'NONE', ( #2605 ), #8903, .T. ) ;
#4722 = ORIENTED_EDGE ( 'NONE', *, *, #814, .T. ) ;
#4723 = DIRECTION ( 'NONE',  ( 1.000000000000000000, 0.000000000000000000, 0.000000000000000000 ) ) ;
#4724 = ORIENTED_EDGE ( 'NONE', *, *, #738, .F. ) ;
#4725 = VERTEX_POINT ( 'NONE', #2651 ) ;
#4726 = VECTOR ( 'NONE', #943, 1000.000000000000000 ) ;
#4727 = LINE ( 'NONE', #521, #3523 ) ;
#4728 = CARTESIAN_POINT ( 'NONE',  ( 1.750719978802683707, -0.8983513512062378803, -0.7718015200835193212 ) ) ;
#4729 = DIRECTION ( 'NONE',  ( 0.9098789178756583329, -0.4148739022949274324, -0.000000000000000000 ) ) ;
#4730 = CARTESIAN_POINT ( 'NONE',  ( -2.217386645469349826, -0.3650180178729041658, 0.2774175960637573213 ) ) ;
#4732 = ORIENTED_EDGE ( 'NONE', *, *, #6358, .F. ) ;
#4731 = CARTESIAN_POINT ( 'NONE',  ( -1.199999999999999956, -0.05000000000000002359, 2.125000000000000000 ) ) ;
#4733 = CARTESIAN_POINT ( 'NONE',  ( -2.017386645469349649, -0.4676805559526505118, -0.4218284553639131129 ) ) ;
#4734 = ORIENTED_EDGE ( 'NONE', *, *, #6358, .T. ) ;
#4735 = CARTESIAN_POINT ( 'NONE',  ( 0.2464402437188722428, -0.1000000000000000056, 1.118610311246403866 ) ) ;
#4736 = EDGE_LOOP ( 'NONE', ( #8464, #1645 ) ) ;
#4737 = ORIENTED_EDGE ( 'NONE', *, *, #766, .T. ) ;
#4738 = CARTESIAN_POINT ( 'NONE',  ( 2.023569268232676244, -0.7220224580258669533, -0.9204837979536911741 ) ) ;
#4739 = CARTESIAN_POINT ( 'NONE',  ( -2.017386645469349649, -0.6650180178729041547, -0.3949867687062132426 ) ) ;
#4740 = EDGE_CURVE ( 'NONE', #8474, #9511, #7689, .T. ) ;
#4741 = CARTESIAN_POINT ( 'NONE',  ( 1.194983577402405128, 0.000000000000000000, 1.247023181841393047 ) ) ;
#4742 = CARTESIAN_POINT ( 'NONE',  ( 1.867386645469348405, 1.897353801849632760E-16, -1.060417588806084277 ) ) ;
#4743 = PLANE ( 'NONE',  #4937 ) ;
#4744 = ORIENTED_EDGE ( 'NONE', *, *, #9998, .T. ) ;
#4745 = ADVANCED_FACE ( 'NONE', ( #1055 ), #4168, .T. ) ;
#4746 = VERTEX_POINT ( 'NONE', #4942 ) ;
#4747 = VERTEX_POINT ( 'NONE', #6616 ) ;
#4748 = DIRECTION ( 'NONE',  ( 0.000000000000000000, -1.000000000000000000, 9.346570452461245599E-18 ) ) ;
#4749 = EDGE_CURVE ( 'NONE', #9642, #3451, #461, .T. ) ;
#4750 = LINE ( 'NONE', #1673, #4799 ) ;
#4751 = CARTESIAN_POINT ( 'NONE',  ( 1.917386645469349782, -0.6650180178729041547, 0.3949867687062131871 ) ) ;
#4752 = CARTESIAN_POINT ( 'NONE',  ( 5.467603388875720758E-17, -0.1199999999999998290, 0.7620340378538883463 ) ) ;
#4753 = FACE_OUTER_BOUND ( 'NONE', #6625, .T. ) ;
#4754 = ORIENTED_EDGE ( 'NONE', *, *, #230, .F. ) ;
#4755 = DIRECTION ( 'NONE',  ( -0.000000000000000000, 1.000000000000000000, -0.000000000000000000 ) ) ;
#4756 = DIRECTION ( 'NONE',  ( 0.000000000000000000, -3.252606517456511724E-15, 1.000000000000000000 ) ) ;
#4757 = ADVANCED_FACE ( 'NONE', ( #5964 ), #6806, .T. ) ;
#4758 = VECTOR ( 'NONE', #4552, 1000.000000000000000 ) ;
#4759 = ORIENTED_EDGE ( 'NONE', *, *, #4629, .T. ) ;
#4760 = B_SPLINE_CURVE_WITH_KNOTS ( 'NONE', 3,
 ( #3277, #7193, #2570, #9473 ),
 .UNSPECIFIED., .F., .F.,
 ( 4, 4 ),
 ( 0.000000000000000000, 1.000000000000000000 ),
 .UNSPECIFIED. ) ;
#4761 = DIRECTION ( 'NONE',  ( -1.000000000000000000, -3.252606517456510541E-15, 9.896073849862707122E-32 ) ) ;
#4762 = EDGE_CURVE ( 'NONE', #6106, #5639, #9336, .T. ) ;
#4763 = AXIS2_PLACEMENT_3D ( 'NONE', #5990, #3745, #8319 ) ;
#4764 = CARTESIAN_POINT ( 'NONE',  ( -1.224999999999999645, -0.1038257139402040952, 2.118301270189221874 ) ) ;
#4765 = DIRECTION ( 'NONE',  ( 0.000000000000000000, -0.000000000000000000, 1.000000000000000000 ) ) ;
#4766 = LINE ( 'NONE', #7814, #2816 ) ;
#4767 = DIRECTION ( 'NONE',  ( 0.000000000000000000, 0.000000000000000000, -1.000000000000000000 ) ) ;
#4768 = EDGE_LOOP ( 'NONE', ( #1064, #8140, #6493, #4369 ) ) ;
#4769 = DIRECTION ( 'NONE',  ( 0.000000000000000000, 0.000000000000000000, 1.000000000000000000 ) ) ;
#4770 = ORIENTED_EDGE ( 'NONE', *, *, #5840, .T. ) ;
#4771 = ORIENTED_EDGE ( 'NONE', *, *, #1473, .F. ) ;
#4772 = VECTOR ( 'NONE', #8450, 1000.000000000000000 ) ;
#4773 = ADVANCED_FACE ( 'NONE', ( #5295 ), #402, .T. ) ;
#4774 = DIRECTION ( 'NONE',  ( -1.000000000000000000, 0.000000000000000000, 0.000000000000000000 ) ) ;
#4775 = CYLINDRICAL_SURFACE ( 'NONE', #7060, 0.4000000000000000222 ) ;
#4776 = EDGE_CURVE ( 'NONE', #4324, #6388, #2997, .T. ) ;
#4777 = CARTESIAN_POINT ( 'NONE',  ( -1.949402302898350259, -0.02440767564660382277, -0.4218284553639137235 ) ) ;
#4778 = VECTOR ( 'NONE', #9097, 1000.000000000000114 ) ;
#4779 = CARTESIAN_POINT ( 'NONE',  ( -2.098785654921447197, -0.9491746781664847088, -0.5089130437326950807 ) ) ;
#4781 = ORIENTED_EDGE ( 'NONE', *, *, #2527, .F. ) ;
#4780 = CARTESIAN_POINT ( 'NONE',  ( 1.949402302898350259, 0.000000000000000000, 0.4218284553639134460 ) ) ;
#4782 = DIRECTION ( 'NONE',  ( 0.000000000000000000, 0.000000000000000000, 1.000000000000000000 ) ) ;
#4783 = ORIENTED_EDGE ( 'NONE', *, *, #9349, .T. ) ;
#4784 = CARTESIAN_POINT ( 'NONE',  ( 1.926660414300833901, -0.7505243155457423931, 0.9204838419810614791 ) ) ;
#4785 = VERTEX_POINT ( 'NONE', #154 ) ;
#4786 = ORIENTED_EDGE ( 'NONE', *, *, #2781, .F. ) ;
#4787 = VECTOR ( 'NONE', #2421, 1000.000000000000000 ) ;
#4788 = CARTESIAN_POINT ( 'NONE',  ( 1.250000000000000000, 0.000000000000000000, 1.875000000000000222 ) ) ;
#4789 = CARTESIAN_POINT ( 'NONE',  ( 1.700000000000000178, -0.1499999999999999667, -1.199999999999999734 ) ) ;
#4790 = FILL_AREA_STYLE ('',( #255 ) ) ;
#4791 = CARTESIAN_POINT ( 'NONE',  ( 1.932973805698885439, -0.01509883464912128472, -1.002216655516455335 ) ) ;
#4792 = CARTESIAN_POINT ( 'NONE',  ( -2.020888351778854730, -0.7023019808913831818, -0.3435599946039267771 ) ) ;
#4793 = CARTESIAN_POINT ( 'NONE',  ( -2.217386645469349826, -0.6650180178729041547, -1.510468355502019744 ) ) ;
#4794 = AXIS2_PLACEMENT_3D ( 'NONE', #5087, #4413, #5185 ) ;
#4795 = EDGE_LOOP ( 'NONE', ( #7543, #3106, #4480, #1982 ) ) ;
#4796 = ORIENTED_EDGE ( 'NONE', *, *, #7965, .F. ) ;
#4797 = ORIENTED_EDGE ( 'NONE', *, *, #4634, .F. ) ;
#4798 = DIRECTION ( 'NONE',  ( 0.000000000000000000, 0.000000000000000000, -1.000000000000000000 ) ) ;
#4799 = VECTOR ( 'NONE', #9518, 1000.000000000000000 ) ;
#4800 = CARTESIAN_POINT ( 'NONE',  ( 0.6006347602098600635, -0.1499999999999999667, -1.399999999999999689 ) ) ;
#4801 = EDGE_CURVE ( 'NONE', #6850, #8290, #2339, .T. ) ;
#4802 = CARTESIAN_POINT ( 'NONE',  ( 1.949402302898350259, 0.000000000000000000, -0.2718284553639131462 ) ) ;
#4803 = LINE ( 'NONE', #4706, #208 ) ;
#4804 = CARTESIAN_POINT ( 'NONE',  ( 1.200000000000000178, 0.000000000000000000, 1.875000000000000222 ) ) ;
#4805 = CARTESIAN_POINT ( 'NONE',  ( 0.000000000000000000, -0.1199999999999998290, 1.208497736014245927 ) ) ;
#4806 = ORIENTED_EDGE ( 'NONE', *, *, #3307, .F. ) ;
#4807 = CARTESIAN_POINT ( 'NONE',  ( 1.920725336924328452, -0.7096506070018763213, -0.3252409048719886453 ) ) ;
#4808 = CARTESIAN_POINT ( 'NONE',  ( -1.890777186032642332, -0.001485991394322198466, 1.030357228331358233 ) ) ;
#4809 = ORIENTED_EDGE ( 'NONE', *, *, #7302, .F. ) ;
#4810 = EDGE_CURVE ( 'NONE', #4035, #7362, #9197, .T. ) ;
#4811 = DIRECTION ( 'NONE',  ( 0.000000000000000000, 0.000000000000000000, 1.000000000000000000 ) ) ;
#4812 = ADVANCED_FACE ( 'NONE', ( #1596 ), #556, .T. ) ;
#4813 = CARTESIAN_POINT ( 'NONE',  ( 2.100000000000000089, -0.6548169886614644275, 0.3499999999999999778 ) ) ;
#4814 = VECTOR ( 'NONE', #3274, 1000.000000000000000 ) ;
#4815 = CARTESIAN_POINT ( 'NONE',  ( 0.4961224367392622625, -0.1500000000000002998, -1.250000000000000000 ) ) ;
#4816 = FACE_OUTER_BOUND ( 'NONE', #5239, .T. ) ;
#4817 = ORIENTED_EDGE ( 'NONE', *, *, #829, .T. ) ;
#4818 = CARTESIAN_POINT ( 'NONE',  ( -1.917386645469348894, -0.1499999999999995226, -0.9886127665261839059 ) ) ;
#4819 = ORIENTED_EDGE ( 'NONE', *, *, #2972, .F. ) ;
#4820 = ADVANCED_FACE ( 'NONE', ( #8019 ), #2854, .F. ) ;
#4821 = ORIENTED_EDGE ( 'NONE', *, *, #6409, .F. ) ;
#4822 = CARTESIAN_POINT ( 'NONE',  ( -0.6006347602098600635, -7.560171795458674460, -1.399999999999999689 ) ) ;
#4823 = CARTESIAN_POINT ( 'NONE',  ( -1.949402302898350259, -0.1000000000000000056, -0.4218284553639134460 ) ) ;
#4824 = CIRCLE ( 'NONE', #812, 0.2000000000000000944 ) ;
#4825 = CARTESIAN_POINT ( 'NONE',  ( -2.020891354861211298, -0.7023157186881039404, 0.3440324624949306909 ) ) ;
#4826 = PLANE ( 'NONE',  #3491 ) ;
#4827 = LINE ( 'NONE', #3153, #5366 ) ;
#4828 = CARTESIAN_POINT ( 'NONE',  ( -2.106611136327816602, -0.9456065242675274485, -0.5089130437326949696 ) ) ;
#4830 = ORIENTED_EDGE ( 'NONE', *, *, #1545, .F. ) ;
#4829 = CARTESIAN_POINT ( 'NONE',  ( -0.6006347602098600635, -0.1499999999999999667, -1.349999999999999867 ) ) ;
#4831 = CARTESIAN_POINT ( 'NONE',  ( 2.017386645469349649, -0.6650180178729041547, -0.9299338753735266749 ) ) ;
#4832 = ORIENTED_EDGE ( 'NONE', *, *, #1977, .F. ) ;
#4833 = CARTESIAN_POINT ( 'NONE',  ( 2.023569268232677576, -0.7220224580258687297, 0.9204837979536898418 ) ) ;
#4834 = VERTEX_POINT ( 'NONE', #197 ) ;
#4835 = ADVANCED_FACE ( 'NONE', ( #1140 ), #4211, .T. ) ;
#4836 = VECTOR ( 'NONE', #6845, 1000.000000000000000 ) ;
#4837 = ORIENTED_EDGE ( 'NONE', *, *, #4995, .T. ) ;
#4838 = DIRECTION ( 'NONE',  ( 0.000000000000000000, -0.000000000000000000, 1.000000000000000000 ) ) ;
#4839 = DIRECTION ( 'NONE',  ( 0.000000000000000000, 0.000000000000000000, 1.000000000000000000 ) ) ;
#4840 = CYLINDRICAL_SURFACE ( 'NONE', #863, 0.05000000000000002359 ) ;
#4841 = DIRECTION ( 'NONE',  ( -0.1501478781677598739, 0.3292961744590264805, 0.9322122312909061348 ) ) ;
#4842 = DIRECTION ( 'NONE',  ( 0.000000000000000000, 1.000000000000000000, 0.000000000000000000 ) ) ;
#4843 = CYLINDRICAL_SURFACE ( 'NONE', #3387, 0.2000000000000000944 ) ;
#4844 = VERTEX_POINT ( 'NONE', #7869 ) ;
#4845 = ADVANCED_FACE ( 'NONE', ( #6548 ), #9493, .T. ) ;
#4846 = SURFACE_STYLE_FILL_AREA ( #9566 ) ;
#4847 = ORIENTED_EDGE ( 'NONE', *, *, #9591, .T. ) ;
#4848 = CIRCLE ( 'NONE', #7766, 0.04999999999999991257 ) ;
#4849 = AXIS2_PLACEMENT_3D ( 'NONE', #9929, #1518, #626 ) ;
#4850 = PLANE ( 'NONE',  #6430 ) ;
#4851 = LINE ( 'NONE', #180, #1593 ) ;
#4852 =( NAMED_UNIT ( * ) PLANE_ANGLE_UNIT ( ) SI_UNIT ( $, .RADIAN. ) );
#4853 = LINE ( 'NONE', #373, #4083 ) ;
#4854 = LINE ( 'NONE', #1915, #6234 ) ;
#4855 = VECTOR ( 'NONE', #9377, 1000.000000000000000 ) ;
#4856 = VERTEX_POINT ( 'NONE', #1040 ) ;
#4857 = CARTESIAN_POINT ( 'NONE',  ( -2.017386645469349649, -0.6650180178729041547, -0.2471919620098809445 ) ) ;
#4858 = AXIS2_PLACEMENT_3D ( 'NONE', #1030, #3898, #9435 ) ;
#4859 = DIRECTION ( 'NONE',  ( -1.000000000000000000, 3.252606517456510541E-15, 0.000000000000000000 ) ) ;
#4860 = ORIENTED_EDGE ( 'NONE', *, *, #6387, .T. ) ;
#4861 = AXIS2_PLACEMENT_3D ( 'NONE', #7249, #1767, #1918 ) ;
#4862 = CARTESIAN_POINT ( 'NONE',  ( 2.100000000000000089, -0.6548169886614644275, -0.3499999999999999778 ) ) ;
#4863 = STYLED_ITEM ( 'NONE', ( #8037 ), #7973 ) ;
#4864 = CARTESIAN_POINT ( 'NONE',  ( -0.9749999999999999778, -1.719999999999999085, 1.125000000000000222 ) ) ;
#4865 = ADVANCED_FACE ( 'NONE', ( #949 ), #3249, .F. ) ;
#4866 = CARTESIAN_POINT ( 'NONE',  ( -1.917386645469350004, -0.6650180178729041547, 0.3949867687062135202 ) ) ;
#4867 = VERTEX_POINT ( 'NONE', #4823 ) ;
#4868 = CARTESIAN_POINT ( 'NONE',  ( -0.6006347602098601746, -7.560171795458674460, -1.200000000000000178 ) ) ;
#4869 = VECTOR ( 'NONE', #235, 1000.000000000000000 ) ;
#4870 = VECTOR ( 'NONE', #1154, 1000.000000000000000 ) ;
#4871 = ORIENTED_EDGE ( 'NONE', *, *, #1682, .F. ) ;
#4872 = FACE_OUTER_BOUND ( 'NONE', #8900, .T. ) ;
#4873 = ORIENTED_EDGE ( 'NONE', *, *, #5516, .F. ) ;
#4874 = ORIENTED_EDGE ( 'NONE', *, *, #766, .F. ) ;
#4875 = EDGE_CURVE ( 'NONE', #6007, #5442, #6346, .T. ) ;
#4876 = VECTOR ( 'NONE', #7231, 1000.000000000000000 ) ;
#4877 = PLANE ( 'NONE',  #9684 ) ;
#4878 = CARTESIAN_POINT ( 'NONE',  ( 1.944422970106652437, -0.7894801885613823567, -1.510468355502019744 ) ) ;
#4879 = CYLINDRICAL_SURFACE ( 'NONE', #5038, 0.3750000000000001110 ) ;
#4880 = EDGE_CURVE ( 'NONE', #7054, #2245, #9444, .T. ) ;
#4881 = LINE ( 'NONE', #8449, #2734 ) ;
#4882 = LINE ( 'NONE', #6552, #1865 ) ;
#4884 = ORIENTED_EDGE ( 'NONE', *, *, #2877, .F. ) ;
#4883 = LINE ( 'NONE', #7977, #2104 ) ;
#4885 = CARTESIAN_POINT ( 'NONE',  ( -1.995392560103486090, -0.1499999999999996891, 1.138612766526183595 ) ) ;
#4886 = VERTEX_POINT ( 'NONE', #2491 ) ;
#4887 = DIRECTION ( 'NONE',  ( 0.000000000000000000, 0.000000000000000000, -1.000000000000000000 ) ) ;
#4888 = ORIENTED_EDGE ( 'NONE', *, *, #8229, .F. ) ;
#4889 = VECTOR ( 'NONE', #7618, 1000.000000000000000 ) ;
#4890 = ORIENTED_EDGE ( 'NONE', *, *, #8114, .F. ) ;
#4891 = EDGE_CURVE ( 'NONE', #7223, #8555, #2686, .T. ) ;
#4892 = CARTESIAN_POINT ( 'NONE',  ( 1.716552841523023343, -0.1105938466199859471, 1.381279421572882304 ) ) ;
#4893 = CARTESIAN_POINT ( 'NONE',  ( -0.4961224367392622625, -0.1000000000000000056, 0.9886127665261839059 ) ) ;
#4894 = CARTESIAN_POINT ( 'NONE',  ( 0.6461224367392621737, -0.1000000000000000056, -1.201033706287569558 ) ) ;
#4895 = VECTOR ( 'NONE', #9340, 1000.000000000000000 ) ;
#4896 = CARTESIAN_POINT ( 'NONE',  ( -0.9749999999999999778, -1.919999999999999929, 0.7500000000000000000 ) ) ;
#4897 = EDGE_CURVE ( 'NONE', #7571, #3020, #2638, .T. ) ;
#4898 = LINE ( 'NONE', #8600, #352 ) ;
#4899 = DIRECTION ( 'NONE',  ( -1.000000000000000000, 0.000000000000000000, 0.000000000000000000 ) ) ;
#4900 = FACE_OUTER_BOUND ( 'NONE', #2300, .T. ) ;
#4901 = EDGE_LOOP ( 'NONE', ( #6948, #3984, #4267, #8942 ) ) ;
#4902 = ORIENTED_EDGE ( 'NONE', *, *, #2709, .F. ) ;
#4903 =( NAMED_UNIT ( * ) PLANE_ANGLE_UNIT ( ) SI_UNIT ( $, .RADIAN. ) );
#4904 = FACE_OUTER_BOUND ( 'NONE', #7594, .T. ) ;
#4905 = CARTESIAN_POINT ( 'NONE',  ( 0.4031328269139798914, -0.1000000000000000056, 1.284067340000763613 ) ) ;
#4906 = FACE_OUTER_BOUND ( 'NONE', #9193, .T. ) ;
#4907 = EDGE_CURVE ( 'NONE', #4443, #7674, #5593, .T. ) ;
#4908 = AXIS2_PLACEMENT_3D ( 'NONE', #7087, #5529, #7140 ) ;
#4909 =( NAMED_UNIT ( * ) PLANE_ANGLE_UNIT ( ) SI_UNIT ( $, .RADIAN. ) );
#4910 = LINE ( 'NONE', #7192, #4542 ) ;
#4911 = CARTESIAN_POINT ( 'NONE',  ( -1.301148175457528033, -0.1999999999999999833, 1.300000000000000266 ) ) ;
#4912 = CARTESIAN_POINT ( 'NONE',  ( -1.717386645469347606, -0.1499999999999999667, 1.400000000000000133 ) ) ;
#4913 = ORIENTED_EDGE ( 'NONE', *, *, #7435, .F. ) ;
#4914 = CARTESIAN_POINT ( 'NONE',  ( 1.922327165236374480, -0.7192660215762071152, -0.3390044396640414792 ) ) ;
#4915 = CARTESIAN_POINT ( 'NONE',  ( 0.9749999999999999778, -1.719999999999999085, 0.7500000000000000000 ) ) ;
#4916 = EDGE_LOOP ( 'NONE', ( #1236, #2246, #1960, #1703 ) ) ;
#4917 = LINE ( 'NONE', #8164, #9879 ) ;
#4918 = CARTESIAN_POINT ( 'NONE',  ( 1.499999999999999556, -1.269999999999999796, 1.099999999999999867 ) ) ;
#4919 = CARTESIAN_POINT ( 'NONE',  ( -1.919008633460188795, -0.6968259340499191046, 0.3856769226567979825 ) ) ;
#4920 = ORIENTED_EDGE ( 'NONE', *, *, #5511, .T. ) ;
#4921 = DIRECTION ( 'NONE',  ( 0.000000000000000000, -0.000000000000000000, -1.000000000000000000 ) ) ;
#4922 = AXIS2_PLACEMENT_3D ( 'NONE', #2908, #3578, #6667 ) ;
#4923 = VERTEX_POINT ( 'NONE', #4982 ) ;
#4924 = VERTEX_POINT ( 'NONE', #5797 ) ;
#4925 = ORIENTED_EDGE ( 'NONE', *, *, #1208, .F. ) ;
#4926 = EDGE_CURVE ( 'NONE', #6482, #6117, #994, .T. ) ;
#4927 = AXIS2_PLACEMENT_3D ( 'NONE', #9746, #3647, #2784 ) ;
#4928 = DIRECTION ( 'NONE',  ( 0.7071067811865479058, 0.000000000000000000, 0.7071067811865470176 ) ) ;
#4929 = CARTESIAN_POINT ( 'NONE',  ( 0.000000000000000000, -0.1199999999999998290, 1.208497736014245927 ) ) ;
#4930 = DIRECTION ( 'NONE',  ( -0.000000000000000000, 1.000000000000000000, -0.000000000000000000 ) ) ;
#4931 = FACE_OUTER_BOUND ( 'NONE', #7406, .T. ) ;
#4932 = DIRECTION ( 'NONE',  ( -0.4148739022949274879, 0.9098789178756583329, 0.000000000000000000 ) ) ;
#4933 = EDGE_CURVE ( 'NONE', #6541, #6660, #8727, .T. ) ;
#4934 = CYLINDRICAL_SURFACE ( 'NONE', #920, 0.1499999999999999667 ) ;
#4935 = DIRECTION ( 'NONE',  ( 1.000000000000000000, 0.000000000000000000, 0.000000000000000000 ) ) ;
#4936 = ORIENTED_EDGE ( 'NONE', *, *, #7394, .F. ) ;
#4937 = AXIS2_PLACEMENT_3D ( 'NONE', #7836, #4641, #9415 ) ;
#4938 = DIRECTION ( 'NONE',  ( 0.000000000000000000, -0.9948089135539065486, 0.1017606285048205939 ) ) ;
#4939 = VERTEX_POINT ( 'NONE', #9646 ) ;
#4940 = ORIENTED_EDGE ( 'NONE', *, *, #8860, .F. ) ;
#4941 = ADVANCED_FACE ( 'NONE', ( #8887 ), #4775, .F. ) ;
#4942 = CARTESIAN_POINT ( 'NONE',  ( -0.4961224367392622625, -0.3619385925135184534, -1.398442674066171509 ) ) ;
#4943 = CIRCLE ( 'NONE', #4447, 0.05000000000000002359 ) ;
#4944 = DIRECTION ( 'NONE',  ( -1.000000000000000000, 0.000000000000000000, -0.000000000000000000 ) ) ;
#4945 = CARTESIAN_POINT ( 'NONE',  ( -1.249126355936476251, -0.1061674265548418206, 1.864319935798293359 ) ) ;
#4946 = SURFACE_STYLE_USAGE ( .BOTH. , #8145 ) ;
#4947 = EDGE_CURVE ( 'NONE', #4421, #6754, #1784, .T. ) ;
#4948 = DIRECTION ( 'NONE',  ( 0.000000000000000000, -1.000000000000000000, 0.000000000000000000 ) ) ;
#4949 = DIRECTION ( 'NONE',  ( 0.000000000000000000, 0.000000000000000000, 1.000000000000000000 ) ) ;
#4950 = VERTEX_POINT ( 'NONE', #7972 ) ;
#4951 = ORIENTED_EDGE ( 'NONE', *, *, #3834, .F. ) ;
#4952 = VECTOR ( 'NONE', #4407, 1000.000000000000000 ) ;
#4953 = EDGE_CURVE ( 'NONE', #1646, #9486, #9542, .T. ) ;
#4954 = CARTESIAN_POINT ( 'NONE',  ( 1.243797756012290590, -0.1036681063531565417, 2.099119630351393706 ) ) ;
#4955 = LINE ( 'NONE', #7441, #533 ) ;
#4956 = CARTESIAN_POINT ( 'NONE',  ( -2.023569268232676688, -0.7220224580258673974, -0.9204837979536902859 ) ) ;
#4957 = CIRCLE ( 'NONE', #5605, 0.05000000000000012768 ) ;
#4958 = FACE_OUTER_BOUND ( 'NONE', #7417, .T. ) ;
#4959 = DIRECTION ( 'NONE',  ( 1.000000000000000000, -2.465190328815661892E-32, -2.220446049250313081E-16 ) ) ;
#4960 = DIRECTION ( 'NONE',  ( -0.7071067811865479058, -0.000000000000000000, -0.7071067811865471286 ) ) ;
#4961 = CARTESIAN_POINT ( 'NONE',  ( 1.917386645469350004, -0.5319001915892680454, 0.4166395980621656614 ) ) ;
#4962 = ORIENTED_EDGE ( 'NONE', *, *, #3418, .T. ) ;
#4963 = DIRECTION ( 'NONE',  ( -3.231698293335027359E-15, 0.9935718556765874565, 0.1132032137679068184 ) ) ;
#4964 = LINE ( 'NONE', #326, #2426 ) ;
#4965 = ORIENTED_EDGE ( 'NONE', *, *, #722, .F. ) ;
#4966 = EDGE_CURVE ( 'NONE', #2245, #9291, #9143, .T. ) ;
#4967 = VECTOR ( 'NONE', #5750, 1000.000000000000000 ) ;
#4968 = CIRCLE ( 'NONE', #5806, 0.05000000000000012768 ) ;
#4969 = PLANE ( 'NONE',  #6095 ) ;
#4970 = DIRECTION ( 'NONE',  ( 0.000000000000000000, 1.000000000000000000, 0.000000000000000000 ) ) ;
#4971 = VERTEX_POINT ( 'NONE', #6445 ) ;
#4972 = DIRECTION ( 'NONE',  ( 0.000000000000000000, -1.000000000000000000, 1.583310275509380931E-14 ) ) ;
#4973 = AXIS2_PLACEMENT_3D ( 'NONE', #5926, #2617, #1966 ) ;
#4974 = ORIENTED_EDGE ( 'NONE', *, *, #9793, .F. ) ;
#4975 = CYLINDRICAL_SURFACE ( 'NONE', #6193, 0.04999999999999991257 ) ;
#4976 = ORIENTED_EDGE ( 'NONE', *, *, #3914, .F. ) ;
#4977 = EDGE_CURVE ( 'NONE', #8555, #82, #6046, .T. ) ;
#4978 = ORIENTED_EDGE ( 'NONE', *, *, #8872, .T. ) ;
#4979 = PRODUCT_RELATED_PRODUCT_CATEGORY ( 'part', '', ( #7168 ) ) ;
#4980 = AXIS2_PLACEMENT_3D ( 'NONE', #6444, #8628, #6299 ) ;
#4981 = DIRECTION ( 'NONE',  ( 0.000000000000000000, 0.000000000000000000, 1.000000000000000000 ) ) ;
#4982 = CARTESIAN_POINT ( 'NONE',  ( 2.080062634905711416, -0.8459206426339525020, -0.1447648332056547804 ) ) ;
#4983 = CARTESIAN_POINT ( 'NONE',  ( -1.917386645469350004, -0.6650180178729041547, 0.9299338753735262308 ) ) ;
#4984 = LINE ( 'NONE', #6449, #1717 ) ;
#4985 = DIRECTION ( 'NONE',  ( 0.000000000000000000, 0.9876840514173278462, 0.1564615434407232442 ) ) ;
#4986 = DIRECTION ( 'NONE',  ( -1.000000000000000000, 0.000000000000000000, 0.000000000000000000 ) ) ;
#4988 = ORIENTED_EDGE ( 'NONE', *, *, #6721, .T. ) ;
#4987 = CARTESIAN_POINT ( 'NONE',  ( -1.845392560103486179, -0.1000000000000000056, 1.399999999999999245 ) ) ;
#4989 = CARTESIAN_POINT ( 'NONE',  ( 0.9749999999999999778, -1.419999999999999929, 0.3749999999999998335 ) ) ;
#4990 = ORIENTED_EDGE ( 'NONE', *, *, #9799, .T. ) ;
#4991 = CIRCLE ( 'NONE', #6436, 0.04999999999999991257 ) ;
#4992 = CARTESIAN_POINT ( 'NONE',  ( 0.5128028987960836504, -0.003516377865432944710, -1.282288518800608790 ) ) ;
#4993 = ORIENTED_EDGE ( 'NONE', *, *, #3890, .T. ) ;
#4994 = ORIENTED_EDGE ( 'NONE', *, *, #7163, .T. ) ;
#4995 = EDGE_CURVE ( 'NONE', #7261, #9548, #4365, .T. ) ;
#4996 = DIRECTION ( 'NONE',  ( -1.000000000000000000, 2.773339119917619628E-32, -2.498001805406602216E-16 ) ) ;
#4997 = CARTESIAN_POINT ( 'NONE',  ( -1.226050171243391551, -0.09999999999999961697, 1.832305046460845466 ) ) ;
#4998 = CARTESIAN_POINT ( 'NONE',  ( -1.917386645469350004, -0.6650180178729041547, -0.2471919620098809445 ) ) ;
#4999 = CARTESIAN_POINT ( 'NONE',  ( 0.000000000000000000, -1.269999999999999796, 0.000000000000000000 ) ) ;
#5000 = PRESENTATION_LAYER_ASSIGNMENT (  '', '', ( #8239 ) ) ;
#5001 = CARTESIAN_POINT ( 'NONE',  ( 1.700001432804957968, -0.1499999999999999667, 1.200757046848291543 ) ) ;
#5002 = ORIENTED_EDGE ( 'NONE', *, *, #2783, .T. ) ;
#5003 = ORIENTED_EDGE ( 'NONE', *, *, #9128, .T. ) ;
#5004 = EDGE_CURVE ( 'NONE', #1863, #3597, #1195, .T. ) ;
#5005 = VECTOR ( 'NONE', #5039, 1000.000000000000000 ) ;
#5006 = PLANE ( 'NONE',  #1902 ) ;
#5007 = CARTESIAN_POINT ( 'NONE',  ( 1.200000000000000178, -0.09999999999999976963, 1.825000000000000178 ) ) ;
#5008 = CARTESIAN_POINT ( 'NONE',  ( 1.700000000000000178, -0.1000000000000000472, -1.349999999999999645 ) ) ;
#5009 = SURFACE_STYLE_FILL_AREA ( #2669 ) ;
#5010 = CARTESIAN_POINT ( 'NONE',  ( -2.017386645469348316, -0.1499999999999991895, -0.4218284553639131129 ) ) ;
#5011 = DIRECTION ( 'NONE',  ( -1.000000000000000000, 0.000000000000000000, 0.000000000000000000 ) ) ;
#5012 = ADVANCED_FACE ( 'NONE', ( #6649 ), #8227, .F. ) ;
#5013 = DIRECTION ( 'NONE',  ( -1.000000000000000000, 0.000000000000000000, 0.000000000000000000 ) ) ;
#5014 = EDGE_LOOP ( 'NONE', ( #3621, #9532, #8940, #889, #1589, #1777, #6613, #1559, #8362, #6052 ) ) ;
#5015 = CARTESIAN_POINT ( 'NONE',  ( 1.922741929915652515, -0.7214547094251007042, -0.3536995480240348044 ) ) ;
#5016 = FACE_OUTER_BOUND ( 'NONE', #1051, .T. ) ;
#5017 = ORIENTED_EDGE ( 'NONE', *, *, #9309, .T. ) ;
#5018 = EDGE_CURVE ( 'NONE', #6391, #796, #9901, .T. ) ;
#5019 = LINE ( 'NONE', #6081, #4195 ) ;
#5020 = VECTOR ( 'NONE', #5931, 1000.000000000000000 ) ;
#5021 = AXIS2_PLACEMENT_3D ( 'NONE', #1368, #9123, #5981 ) ;
#5022 = EDGE_CURVE ( 'NONE', #7945, #5292, #7413, .T. ) ;
#5023 = LINE ( 'NONE', #8115, #1537 ) ;
#5024 = ORIENTED_EDGE ( 'NONE', *, *, #3460, .F. ) ;
#5025 = CARTESIAN_POINT ( 'NONE',  ( 1.874902483338234394, 1.919586209233793593E-16, 1.048114122931342873 ) ) ;
#5026 = ORIENTED_EDGE ( 'NONE', *, *, #1020, .F. ) ;
#5027 = CARTESIAN_POINT ( 'NONE',  ( -2.017386645469349649, -0.8062041643883313125, 0.3720215534283638492 ) ) ;
#5028 = ORIENTED_EDGE ( 'NONE', *, *, #9256, .F. ) ;
#5029 = VECTOR ( 'NONE', #8598, 1000.000000000000000 ) ;
#5030 = ORIENTED_EDGE ( 'NONE', *, *, #1804, .T. ) ;
#5031 = CIRCLE ( 'NONE', #7934, 0.04999999999999991257 ) ;
#5032 = VECTOR ( 'NONE', #718, 1000.000000000000000 ) ;
#5033 = CARTESIAN_POINT ( 'NONE',  ( 1.274999999999999911, -1.050000000000000044, 1.849999999999999867 ) ) ;
#5034 = CARTESIAN_POINT ( 'NONE',  ( 1.200000000000000178, 0.000000000000000000, 1.825000000000000178 ) ) ;
#5035 = PLANE ( 'NONE',  #9409 ) ;
#5036 = DIRECTION ( 'NONE',  ( -1.000000000000000000, -0.000000000000000000, -0.000000000000000000 ) ) ;
#5037 = ADVANCED_FACE ( 'NONE', ( #1937 ), #7467, .T. ) ;
#5038 = AXIS2_PLACEMENT_3D ( 'NONE', #3299, #4930, #7215 ) ;
#5039 = DIRECTION ( 'NONE',  ( 0.000000000000000000, 1.000000000000000000, 0.000000000000000000 ) ) ;
#5040 = DIRECTION ( 'NONE',  ( -1.626303258728258032E-15, 0.000000000000000000, -1.000000000000000000 ) ) ;
#5041 = VECTOR ( 'NONE', #9298, 1000.000000000000000 ) ;
#5043 = ORIENTED_EDGE ( 'NONE', *, *, #485, .T. ) ;
#5042 = CARTESIAN_POINT ( 'NONE',  ( -2.035410861894218382, -0.7479927983318895857, -1.510468355502019744 ) ) ;
#5044 = CARTESIAN_POINT ( 'NONE',  ( -1.199999999999999956, 0.000000000000000000, 1.825000000000000178 ) ) ;
#5045 = ORIENTED_EDGE ( 'NONE', *, *, #3133, .F. ) ;
#5046 = ADVANCED_FACE ( 'NONE', ( #2077 ), #4308, .T. ) ;
#5047 = CARTESIAN_POINT ( 'NONE',  ( -1.699999999999999734, -1.419999999999999929, 0.5000000000000001110 ) ) ;
#5048 = EDGE_LOOP ( 'NONE', ( #2474, #6741, #7730, #7676, #727, #5519, #8733, #2548, #1523, #5432 ) ) ;
#5049 = ORIENTED_EDGE ( 'NONE', *, *, #9533, .T. ) ;
#5050 = ORIENTED_EDGE ( 'NONE', *, *, #4591, .F. ) ;
#5051 = PLANE ( 'NONE',  #7862 ) ;
#5052 = FACE_OUTER_BOUND ( 'NONE', #4517, .T. ) ;
#5053 = FILL_AREA_STYLE ('',( #1957 ) ) ;
#5054 = VECTOR ( 'NONE', #5807, 1000.000000000000000 ) ;
#5055 = CARTESIAN_POINT ( 'NONE',  ( 0.000000000000000000, -0.1199999999999998290, 1.208497736014245927 ) ) ;
#5056 = DIRECTION ( 'NONE',  ( -1.000000000000000000, 0.000000000000000000, -0.000000000000000000 ) ) ;
#5057 = CARTESIAN_POINT ( 'NONE',  ( -1.311926307841676298, -0.1478005113785421654, 1.326099744310728967 ) ) ;
#5058 = VERTEX_POINT ( 'NONE', #9044 ) ;
#5059 = ORIENTED_EDGE ( 'NONE', *, *, #5946, .T. ) ;
#5060 = SHAPE_DEFINITION_REPRESENTATION ( #8792, #5922 ) ;
#5061 = AXIS2_PLACEMENT_3D ( 'NONE', #9061, #707, #2186 ) ;
#5062 = AXIS2_PLACEMENT_3D ( 'NONE', #5995, #686, #6839 ) ;
#5063 = ADVANCED_FACE ( 'NONE', ( #9805 ), #8126, .T. ) ;
#5064 = DIRECTION ( 'NONE',  ( 0.000000000000000000, 0.000000000000000000, 1.000000000000000000 ) ) ;
#5065 = DIRECTION ( 'NONE',  ( 3.210413239761970931E-15, -0.9870278567456314267, -0.1605490890915466096 ) ) ;
#5066 = DIRECTION ( 'NONE',  ( -1.000000000000000000, -0.000000000000000000, -0.000000000000000000 ) ) ;
#5067 = DIRECTION ( 'NONE',  ( 0.000000000000000000, 0.000000000000000000, 1.000000000000000000 ) ) ;
#5068 = DIRECTION ( 'NONE',  ( 0.000000000000000000, 0.000000000000000000, -1.000000000000000000 ) ) ;
#5069 = CARTESIAN_POINT ( 'NONE',  ( 1.922103686564916147, -0.7180084785922344892, 0.3575003276755484571 ) ) ;
#5070 = CARTESIAN_POINT ( 'NONE',  ( 1.900001432804957702, -1.419999999999999929, -1.099999999999999867 ) ) ;
#5071 = ORIENTED_EDGE ( 'NONE', *, *, #6576, .T. ) ;
#5072 = EDGE_CURVE ( 'NONE', #2602, #4856, #8326, .T. ) ;
#5073 = CARTESIAN_POINT ( 'NONE',  ( 1.200000000000000178, -0.1072190875874354382, 2.125000000000000000 ) ) ;
#5074 = ORIENTED_EDGE ( 'NONE', *, *, #2097, .T. ) ;
#5075 = EDGE_CURVE ( 'NONE', #9270, #7127, #6744, .T. ) ;
#5076 = FACE_OUTER_BOUND ( 'NONE', #3822, .T. ) ;
#5077 = CARTESIAN_POINT ( 'NONE',  ( -1.921199010907578941, -0.7127989958012276306, 0.3282888180830392244 ) ) ;
#5078 = ORIENTED_EDGE ( 'NONE', *, *, #382, .T. ) ;
#5079 = EDGE_CURVE ( 'NONE', #682, #1345, #3214, .T. ) ;
#5080 = CARTESIAN_POINT ( 'NONE',  ( -1.900001432804958590, -1.419999999999999929, 1.099999999999999867 ) ) ;
#5081 = ORIENTED_EDGE ( 'NONE', *, *, #9597, .F. ) ;
#5082 = FACE_OUTER_BOUND ( 'NONE', #429, .T. ) ;
#5083 = ORIENTED_EDGE ( 'NONE', *, *, #6365, .T. ) ;
#5084 = VERTEX_POINT ( 'NONE', #2938 ) ;
#5085 = ADVANCED_FACE ( 'NONE', ( #1341 ), #5849, .T. ) ;
#5086 = CARTESIAN_POINT ( 'NONE',  ( -0.6006347602098601746, -7.560171795458674460, -1.200000000000000178 ) ) ;
#5087 = CARTESIAN_POINT ( 'NONE',  ( 1.224999999999999867, -0.4499999999999999001, 0.000000000000000000 ) ) ;
#5088 = VECTOR ( 'NONE', #9763, 1000.000000000000000 ) ;
#5089 = DIRECTION ( 'NONE',  ( -0.000000000000000000, -1.000000000000000000, -0.000000000000000000 ) ) ;
#5090 = DIRECTION ( 'NONE',  ( -0.000000000000000000, -1.000000000000000000, 0.000000000000000000 ) ) ;
#5091 = FACE_OUTER_BOUND ( 'NONE', #7725, .T. ) ;
#5092 = ORIENTED_EDGE ( 'NONE', *, *, #5327, .F. ) ;
#5093 = CARTESIAN_POINT ( 'NONE',  ( 1.301148175457528255, -0.2000000000000000944, 1.300000000000000044 ) ) ;
#5094 = ORIENTED_EDGE ( 'NONE', *, *, #9467, .F. ) ;
#5095 = CARTESIAN_POINT ( 'NONE',  ( 0.5068651010542021274, -0.006054636964326464560, -1.293803862350989764 ) ) ;
#5096 = ORIENTED_EDGE ( 'NONE', *, *, #7925, .T. ) ;
#5097 = ORIENTED_EDGE ( 'NONE', *, *, #4880, .F. ) ;
#5098 = CIRCLE ( 'NONE', #2499, 0.04999999999999980155 ) ;
#5099 = ORIENTED_EDGE ( 'NONE', *, *, #8956, .T. ) ;
#5100 = EDGE_CURVE ( 'NONE', #7510, #961, #3136, .T. ) ;
#5101 = ADVANCED_FACE ( 'NONE', ( #4715 ), #2044, .T. ) ;
#5102 = CARTESIAN_POINT ( 'NONE',  ( 1.921997963190100300, -0.7174190169210887813, 0.3435697309260271615 ) ) ;
#5103 = CARTESIAN_POINT ( 'NONE',  ( -1.344983577402405039, -0.1000000000000000056, 1.400000000000000355 ) ) ;
#5104 = DIRECTION ( 'NONE',  ( -0.000000000000000000, -0.000000000000000000, -1.000000000000000000 ) ) ;
#5105 = VECTOR ( 'NONE', #8711, 1000.000000000000000 ) ;
#5106 = DIRECTION ( 'NONE',  ( 3.252606517456510147E-15, 1.000000000000000000, 0.000000000000000000 ) ) ;
#5107 = LINE ( 'NONE', #8148, #4696 ) ;
#5108 = CARTESIAN_POINT ( 'NONE',  ( -1.358553819721601386, -0.1000013020673847092, 1.399998697932620662 ) ) ;
#5109 = ORIENTED_EDGE ( 'NONE', *, *, #3699, .T. ) ;
#5110 = VERTEX_POINT ( 'NONE', #5486 ) ;
#5111 = EDGE_CURVE ( 'NONE', #6224, #8235, #3321, .T. ) ;
#5112 = VECTOR ( 'NONE', #8002, 1000.000000000000000 ) ;
#5113 = CARTESIAN_POINT ( 'NONE',  ( 0.9237652542620761187, -0.1000000000000000056, -1.201033706287569558 ) ) ;
#5114 = FACE_OUTER_BOUND ( 'NONE', #6902, .T. ) ;
#5115 = CARTESIAN_POINT ( 'NONE',  ( 1.995392560103486090, -0.1499999999999996891, -1.138612766526183595 ) ) ;
#5116 = CARTESIAN_POINT ( 'NONE',  ( -0.4961224367392615964, -1.419999999999999929, -0.5000000000000011102 ) ) ;
#5117 = CARTESIAN_POINT ( 'NONE',  ( 1.679389374268562163, -0.3314104039620722753, -1.099999999999999423 ) ) ;
#5118 = CARTESIAN_POINT ( 'NONE',  ( 1.921478921809452123, -0.7144300498477959005, 0.3679849836087283332 ) ) ;
#5119 = CARTESIAN_POINT ( 'NONE',  ( 1.224999999999999867, -0.1499999999999998002, 2.099119630351393706 ) ) ;
#5120 = DIRECTION ( 'NONE',  ( 0.000000000000000000, 1.000000000000000000, -0.000000000000000000 ) ) ;
#5121 = VECTOR ( 'NONE', #4972, 1000.000000000000000 ) ;
#5122 = VERTEX_POINT ( 'NONE', #7811 ) ;
#5123 = EDGE_CURVE ( 'NONE', #5651, #385, #6242, .T. ) ;
#5124 = DIRECTION ( 'NONE',  ( -3.682055108985162111E-16, 0.1132032137679068184, 0.9935718556765874565 ) ) ;
#5125 = AXIS2_PLACEMENT_3D ( 'NONE', #4600, #8565, #783 ) ;
#5126 = DIRECTION ( 'NONE',  ( 0.000000000000000000, 0.000000000000000000, 1.000000000000000000 ) ) ;
#5127 = AXIS2_PLACEMENT_3D ( 'NONE', #1922, #2020, #3544 ) ;
#5128 = CARTESIAN_POINT ( 'NONE',  ( 1.917386645469350004, -0.6650180178729040437, 0.2471919620098809445 ) ) ;
#5129 = EDGE_LOOP ( 'NONE', ( #2754, #2803, #5872, #1656 ) ) ;
#5130 = CARTESIAN_POINT ( 'NONE',  ( 1.224999999999999867, -1.050000000000000044, 0.000000000000000000 ) ) ;
#5131 = ADVANCED_FACE ( 'NONE', ( #6897 ), #3945, .F. ) ;
#5132 = ORIENTED_EDGE ( 'NONE', *, *, #9455, .F. ) ;
#5133 = AXIS2_PLACEMENT_3D ( 'NONE', #892, #1438, #5386 ) ;
#5134 = PLANE ( 'NONE',  #6674 ) ;
#5135 = ORIENTED_EDGE ( 'NONE', *, *, #4197, .F. ) ;
#5136 = ADVANCED_FACE ( 'NONE', ( #6195 ), #7707, .F. ) ;
#5137 = LINE ( 'NONE', #1194, #3357 ) ;
#5138 = DIRECTION ( 'NONE',  ( 0.000000000000000000, -0.000000000000000000, 1.000000000000000000 ) ) ;
#5139 = PLANE ( 'NONE',  #7311 ) ;
#5140 = VECTOR ( 'NONE', #2666, 1000.000000000000000 ) ;
#5141 = DIRECTION ( 'NONE',  ( 0.000000000000000000, 0.000000000000000000, 1.000000000000000000 ) ) ;
#5142 = CARTESIAN_POINT ( 'NONE',  ( -1.750719978802683707, -0.8983513512062378803, 0.7718015200835195433 ) ) ;
#5143 = EDGE_CURVE ( 'NONE', #4113, #8361, #790, .T. ) ;
#5144 = CARTESIAN_POINT ( 'NONE',  ( 1.348948686836070499, -0.1553890661920740435, 1.389221867615851647 ) ) ;
#5145 = ORIENTED_EDGE ( 'NONE', *, *, #8640, .T. ) ;
#5146 = CARTESIAN_POINT ( 'NONE',  ( -0.4031328269139799469, 0.000000000000000000, 1.284067340000763613 ) ) ;
#5147 = ORIENTED_EDGE ( 'NONE', *, *, #1469, .T. ) ;
#5148 = EDGE_LOOP ( 'NONE', ( #7438, #5553, #7069, #8591 ) ) ;
#5149 = VERTEX_POINT ( 'NONE', #3090 ) ;
#5150 = AXIS2_PLACEMENT_3D ( 'NONE', #8154, #4340, #8202 ) ;
#5151 = EDGE_CURVE ( 'NONE', #4834, #6594, #5435, .T. ) ;
#5152 = CARTESIAN_POINT ( 'NONE',  ( 1.919522847763225792, -0.7008646138666247971, 0.3797558294957290026 ) ) ;
#5153 = CARTESIAN_POINT ( 'NONE',  ( 0.4961224367392622625, -0.1500000000000001610, -1.300000000000000044 ) ) ;
#5154 = CARTESIAN_POINT ( 'NONE',  ( -1.949402302898350259, -0.02440767564660382277, -0.4218284553639137235 ) ) ;
#5155 = CARTESIAN_POINT ( 'NONE',  ( -1.250000000000000000, -0.1066987298107780202, 1.875000000000000000 ) ) ;
#5156 = VECTOR ( 'NONE', #1584, 1000.000000000000000 ) ;
#5157 = EDGE_CURVE ( 'NONE', #4939, #7942, #5322, .T. ) ;
#5158 = CARTESIAN_POINT ( 'NONE',  ( -2.122262099140556302, -0.9384702164696131499, -1.510468355502019744 ) ) ;
#5159 = ORIENTED_EDGE ( 'NONE', *, *, #8165, .F. ) ;
#5160 = ORIENTED_EDGE ( 'NONE', *, *, #524, .T. ) ;
#5161 = CARTESIAN_POINT ( 'NONE',  ( 1.700000000000000178, -0.1499999999999999667, -1.399999999999999689 ) ) ;
#5162 = CARTESIAN_POINT ( 'NONE',  ( 1.871305601635526283, -2.791653369035989745E-14, 0.3999799788407709666 ) ) ;
#5163 = AXIS2_PLACEMENT_3D ( 'NONE', #6526, #1859, #7191 ) ;
#5164 = LINE ( 'NONE', #5116, #5489 ) ;
#5165 = DIRECTION ( 'NONE',  ( 0.000000000000000000, 0.000000000000000000, -1.000000000000000000 ) ) ;
#5166 = CARTESIAN_POINT ( 'NONE',  ( 1.917386645469349782, -0.6650180178729041547, 0.3949867687062131871 ) ) ;
#5167 = ADVANCED_FACE ( 'NONE', ( #3754 ), #2172, .F. ) ;
#5168 = SPHERICAL_SURFACE ( 'NONE', #5758, 0.05000000000000000278 ) ;
#5169 = CARTESIAN_POINT ( 'NONE',  ( 1.250000000000000000, -0.1066987298107779092, 2.080282691634645964 ) ) ;
#5170 = ORIENTED_EDGE ( 'NONE', *, *, #2091, .T. ) ;
#5171 = CIRCLE ( 'NONE', #3218, 0.04999999999999991257 ) ;
#5172 = CYLINDRICAL_SURFACE ( 'NONE', #7708, 0.1499999999999999667 ) ;
#5173 = DIRECTION ( 'NONE',  ( -0.000000000000000000, -0.000000000000000000, -1.000000000000000000 ) ) ;
#5174 = LINE ( 'NONE', #5272, #2225 ) ;
#5175 = DIRECTION ( 'NONE',  ( 0.000000000000000000, 0.000000000000000000, -1.000000000000000000 ) ) ;
#5176 = EDGE_LOOP ( 'NONE', ( #9697, #4351, #2038, #6608 ) ) ;
#5177 = CARTESIAN_POINT ( 'NONE',  ( 1.972002019540192386, -0.04174446180517432659, 0.9900987579205062783 ) ) ;
#5178 = ORIENTED_EDGE ( 'NONE', *, *, #9858, .F. ) ;
#5179 = FACE_OUTER_BOUND ( 'NONE', #312, .T. ) ;
#5180 = VERTEX_POINT ( 'NONE', #1585 ) ;
#5181 = AXIS2_PLACEMENT_3D ( 'NONE', #4793, #7889, #7938 ) ;
#5182 = AXIS2_PLACEMENT_3D ( 'NONE', #3267, #2558, #8747 ) ;
#5183 = ADVANCED_FACE ( 'NONE', ( #4507 ), #4662, .F. ) ;
#5184 = DIRECTION ( 'NONE',  ( 1.000000000000000000, 3.333062883800338637E-16, 0.000000000000000000 ) ) ;
#5185 = DIRECTION ( 'NONE',  ( -1.000000000000000000, 0.000000000000000000, 0.000000000000000000 ) ) ;
#5186 = DIRECTION ( 'NONE',  ( 3.252606517456512513E-15, -1.000000000000000000, 0.000000000000000000 ) ) ;
#5187 = CARTESIAN_POINT ( 'NONE',  ( 0.6006347602098603966, -1.420000000000000151, -1.199999999999999956 ) ) ;
#5188 = CARTESIAN_POINT ( 'NONE',  ( -1.922275615529411841, -0.7189867971413863579, -0.3633189138577743726 ) ) ;
#5189 = ORIENTED_EDGE ( 'NONE', *, *, #5214, .F. ) ;
#5190 = DIRECTION ( 'NONE',  ( -0.1501478781677598739, -0.3292961744590264805, -0.9322122312909061348 ) ) ;
#5191 = CIRCLE ( 'NONE', #6006, 0.2500000000000000000 ) ;
#5192 = EDGE_LOOP ( 'NONE', ( #9814, #3055, #9341, #9206 ) ) ;
#5193 = EDGE_CURVE ( 'NONE', #6356, #2899, #6843, .T. ) ;
#5194 = VECTOR ( 'NONE', #3285, 1000.000000000000000 ) ;
#5195 = CARTESIAN_POINT ( 'NONE',  ( -1.301148175457528033, -0.6083740602123943741, 0.7000000000000001776 ) ) ;
#5196 = ORIENTED_EDGE ( 'NONE', *, *, #3186, .F. ) ;
#5197 = ORIENTED_EDGE ( 'NONE', *, *, #2081, .T. ) ;
#5198 = ORIENTED_EDGE ( 'NONE', *, *, #6080, .F. ) ;
#5199 = B_SPLINE_CURVE_WITH_KNOTS ( 'NONE', 3,
 ( #1061, #8551, #6269, #76, #1802, #6316, #4791, #6976, #6222, #4018, #3313, #9314, #5468, #1615, #7789, #4742 ),
 .UNSPECIFIED., .F., .F.,
 ( 4, 3, 3, 3, 3, 4 ),
 ( 2.710505431213761085E-20, 4.325237360678489847E-05, 8.683504394338712818E-05, 0.0001265152838319787306, 0.0001653978884064865760, 0.0001772195740447806214 ),
 .UNSPECIFIED. ) ;
#5200 = EDGE_CURVE ( 'NONE', #4626, #5110, #3899, .T. ) ;
#5201 = CARTESIAN_POINT ( 'NONE',  ( 1.918041549766599019, -0.6862382847085448656, 0.3871486632666570893 ) ) ;
#5202 = AXIS2_PLACEMENT_3D ( 'NONE', #8799, #1845, #4944 ) ;
#5203 = DIRECTION ( 'NONE',  ( 1.000000000000000000, 0.000000000000000000, 0.000000000000000000 ) ) ;
#5204 = VECTOR ( 'NONE', #1108, 999.9999999999998863 ) ;
#5205 = DIRECTION ( 'NONE',  ( 0.000000000000000000, 0.1564615434407225780, -0.9876840514173279573 ) ) ;
#5206 = VECTOR ( 'NONE', #2259, 1000.000000000000000 ) ;
#5207 = CARTESIAN_POINT ( 'NONE',  ( -2.617386645469350182, -0.8650180178729042213, -0.7718015200835190992 ) ) ;
#5208 = DIRECTION ( 'NONE',  ( 0.000000000000000000, 0.000000000000000000, 1.000000000000000000 ) ) ;
#5209 = EDGE_CURVE ( 'NONE', #9365, #9174, #2366, .T. ) ;
#5210 = CARTESIAN_POINT ( 'NONE',  ( 2.031274207352990135, -0.9799576066991059209, 0.4816873910456413443 ) ) ;
#5211 = ORIENTED_EDGE ( 'NONE', *, *, #6981, .F. ) ;
#5212 = COLOUR_RGB ( '',1.000000000000000000, 1.000000000000000000, 0.7529411764705882248 ) ;
#5213 = ORIENTED_EDGE ( 'NONE', *, *, #4391, .F. ) ;
#5214 = EDGE_CURVE ( 'NONE', #8235, #8806, #3666, .T. ) ;
#5215 = CARTESIAN_POINT ( 'NONE',  ( 0.6006347602098600635, -0.1207106781186547129, -1.399999999999999689 ) ) ;
#5216 = CARTESIAN_POINT ( 'NONE',  ( 1.926818000675824649, -0.01170811296473280028, 0.4206195169135444334 ) ) ;
#5217 = LINE ( 'NONE', #6724, #4665 ) ;
#5218 = CARTESIAN_POINT ( 'NONE',  ( -1.499999999999999334, -1.269999999999999796, -0.6999999999999998446 ) ) ;
#5219 = CARTESIAN_POINT ( 'NONE',  ( -0.4961224367392622625, -1.209585785936739821, -1.318443224227800581 ) ) ;
#5220 = CARTESIAN_POINT ( 'NONE',  ( 2.017386645469353201, -0.6650180178729048208, 0.2471919620098828874 ) ) ;
#5221 = ORIENTED_EDGE ( 'NONE', *, *, #5824, .T. ) ;
#5222 = AXIS2_PLACEMENT_3D ( 'NONE', #403, #8136, #6611 ) ;
#5223 = EDGE_CURVE ( 'NONE', #3270, #3233, #3799, .T. ) ;
#5224 = EDGE_CURVE ( 'NONE', #5122, #4152, #6419, .T. ) ;
#5225 = DIRECTION ( 'NONE',  ( -1.000000000000000000, 0.000000000000000000, 0.000000000000000000 ) ) ;
#5226 = CARTESIAN_POINT ( 'NONE',  ( -2.018396645469349604, -0.6650180178729042657, 0.3949867687062137978 ) ) ;
#5227 = DIRECTION ( 'NONE',  ( 0.000000000000000000, 0.000000000000000000, -1.000000000000000000 ) ) ;
#5228 = EDGE_CURVE ( 'NONE', #7031, #8958, #9517, .T. ) ;
#5229 = VECTOR ( 'NONE', #5431, 1000.000000000000000 ) ;
#5230 = CARTESIAN_POINT ( 'NONE',  ( 1.917386645469350004, -0.6799510409813694922, 0.2732083738622549385 ) ) ;
#5231 = EDGE_LOOP ( 'NONE', ( #243, #7524, #7525, #2948 ) ) ;
#5232 = CARTESIAN_POINT ( 'NONE',  ( 1.991096682554358344, -0.06507814843925183168, 0.9886559561255541251 ) ) ;
#5233 = CARTESIAN_POINT ( 'NONE',  ( -1.224999999999999645, -0.1508726203218639927, 2.149112015109213125 ) ) ;
#5234 = EDGE_LOOP ( 'NONE', ( #2053, #7828, #1227, #4781 ) ) ;
#5235 = DIRECTION ( 'NONE',  ( 2.498001805406602216E-16, -4.930380657631319952E-32, -1.000000000000000000 ) ) ;
#5236 = CARTESIAN_POINT ( 'NONE',  ( -1.940801028908307302, -0.01863580275334597927, -0.9983656719431506232 ) ) ;
#5237 = SPHERICAL_SURFACE ( 'NONE', #5333, 0.05000000000000000278 ) ;
#5238 = CARTESIAN_POINT ( 'NONE',  ( -2.217386645469349826, -0.8983513512062376583, 0.7718015200835192102 ) ) ;
#5239 = EDGE_LOOP ( 'NONE', ( #1177, #6167, #6153, #3071 ) ) ;
#5240 = VERTEX_POINT ( 'NONE', #4905 ) ;
#5241 = DIRECTION ( 'NONE',  ( 0.000000000000000000, 0.000000000000000000, 1.000000000000000000 ) ) ;
#5242 = ORIENTED_EDGE ( 'NONE', *, *, #4518, .F. ) ;
#5243 = ORIENTED_EDGE ( 'NONE', *, *, #3252, .T. ) ;
#5244 = ORIENTED_EDGE ( 'NONE', *, *, #2716, .F. ) ;
#5245 = CARTESIAN_POINT ( 'NONE',  ( 1.922086244857127202, -0.7179113231825446917, 0.3577395339658829276 ) ) ;
#5246 = ADVANCED_FACE ( 'NONE', ( #5114 ), #5774, .F. ) ;
#5247 = DIRECTION ( 'NONE',  ( -0.000000000000000000, -0.000000000000000000, 1.000000000000000000 ) ) ;
#5248 = CARTESIAN_POINT ( 'NONE',  ( -1.914944632671699010, -0.007738839266435270509, -0.4178170472557162229 ) ) ;
#5249 = CARTESIAN_POINT ( 'NONE',  ( 2.080062634905711416, -0.8459206426339523910, 0.1447648332056530596 ) ) ;
#5250 = ORIENTED_EDGE ( 'NONE', *, *, #605, .T. ) ;
#5251 = CARTESIAN_POINT ( 'NONE',  ( 1.301148175457528033, -0.1414213562373094202, 1.329289321881344854 ) ) ;
#5252 = CARTESIAN_POINT ( 'NONE',  ( -2.031274207352990135, -0.9799576066991059209, 0.4816873910456409003 ) ) ;
#5253 = VECTOR ( 'NONE', #8079, 1000.000000000000000 ) ;
#5254 = CYLINDRICAL_SURFACE ( 'NONE', #6799, 0.05000000000000012768 ) ;
#5255 = ORIENTED_EDGE ( 'NONE', *, *, #7012, .T. ) ;
#5256 = EDGE_CURVE ( 'NONE', #662, #4628, #3374, .T. ) ;
#5257 = ORIENTED_EDGE ( 'NONE', *, *, #8369, .F. ) ;
#5258 = EDGE_CURVE ( 'NONE', #5639, #5353, #4289, .T. ) ;
#5259 = AXIS2_PLACEMENT_3D ( 'NONE', #5585, #4044, #232 ) ;
#5260 = CARTESIAN_POINT ( 'NONE',  ( -2.299999999999999378, -1.419999999999999929, 1.099999999999999867 ) ) ;
#5261 = DIRECTION ( 'NONE',  ( -0.000000000000000000, -1.000000000000000000, 0.000000000000000000 ) ) ;
#5262 = DIRECTION ( 'NONE',  ( -0.000000000000000000, -1.000000000000000000, -0.000000000000000000 ) ) ;
#5263 = CARTESIAN_POINT ( 'NONE',  ( -2.100000000000000089, -0.6548169886614644275, -0.3499999999999999778 ) ) ;
#5264 = LINE ( 'NONE', #3737, #6154 ) ;
#5265 = EDGE_CURVE ( 'NONE', #7043, #5350, #420, .T. ) ;
#5266 = VECTOR ( 'NONE', #7293, 1000.000000000000000 ) ;
#5267 = ORIENTED_EDGE ( 'NONE', *, *, #7850, .T. ) ;
#5268 = ORIENTED_EDGE ( 'NONE', *, *, #3504, .T. ) ;
#5269 = CARTESIAN_POINT ( 'NONE',  ( -2.020024856900107135, -0.9552861420438117923, 0.3369225578399872023 ) ) ;
#5270 = CARTESIAN_POINT ( 'NONE',  ( -1.923296344037521033, -0.7249428651167550974, 0.3545260433431360880 ) ) ;
#5271 = AXIS2_PLACEMENT_3D ( 'NONE', #4868, #9534, #7963 ) ;
#5272 = CARTESIAN_POINT ( 'NONE',  ( 0.2595474544006036721, -1.392325851403162673, -1.246144590665586138 ) ) ;
#5273 = CARTESIAN_POINT ( 'NONE',  ( 2.020611199511430200, -0.6946228142421801977, -0.3252409048719711038 ) ) ;
#5274 = FACE_OUTER_BOUND ( 'NONE', #2848, .T. ) ;
#5275 = ORIENTED_EDGE ( 'NONE', *, *, #5409, .T. ) ;
#5276 = CARTESIAN_POINT ( 'NONE',  ( 1.274999999999999911, -1.100000000000000089, 2.132544935071782444 ) ) ;
#5277 = EDGE_CURVE ( 'NONE', #6774, #6943, #1883, .T. ) ;
#5278 = CARTESIAN_POINT ( 'NONE',  ( -1.899999999999999689, -7.560171795458674460, 0.5000000000000000000 ) ) ;
#5279 = ORIENTED_EDGE ( 'NONE', *, *, #3418, .F. ) ;
#5280 = VECTOR ( 'NONE', #3485, 1000.000000000000000 ) ;
#5281 = AXIS2_PLACEMENT_3D ( 'NONE', #1477, #9277, #780 ) ;
#5282 = LINE ( 'NONE', #739, #3531 ) ;
#5283 = CARTESIAN_POINT ( 'NONE',  ( -1.917386645469349782, -0.5000000000000000000, -1.510468355502019744 ) ) ;
#5284 = FACE_OUTER_BOUND ( 'NONE', #1943, .T. ) ;
#5285 = FACE_OUTER_BOUND ( 'NONE', #7172, .T. ) ;
#5286 = CARTESIAN_POINT ( 'NONE',  ( -0.4961224367392622625, -0.03026520624822869390, -1.341306018335777894 ) ) ;
#5287 = CARTESIAN_POINT ( 'NONE',  ( -1.920613021352703509, -0.7088975806404563818, -0.3768218019317586265 ) ) ;
#5288 = ORIENTED_EDGE ( 'NONE', *, *, #9971, .F. ) ;
#5289 = EDGE_CURVE ( 'NONE', #3803, #4886, #368, .T. ) ;
#5290 = EDGE_LOOP ( 'NONE', ( #4734, #4592, #1033, #745 ) ) ;
#5291 = CARTESIAN_POINT ( 'NONE',  ( -2.019612439772662249, -0.6947730772922339204, 0.3252409048719800411 ) ) ;
#5292 = VERTEX_POINT ( 'NONE', #5007 ) ;
#5293 = VERTEX_POINT ( 'NONE', #4129 ) ;
#5294 = CIRCLE ( 'NONE', #3980, 0.2664636981603574206 ) ;
#5295 = FACE_OUTER_BOUND ( 'NONE', #2715, .T. ) ;
#5296 = CARTESIAN_POINT ( 'NONE',  ( 1.233793767204976577, -0.1006485377907681972, 1.837780860760511281 ) ) ;
#5297 = DIRECTION ( 'NONE',  ( 0.000000000000000000, -0.01745240643728384819, 0.9998476951563912696 ) ) ;
#5298 = DIRECTION ( 'NONE',  ( 0.000000000000000000, 0.000000000000000000, -1.000000000000000000 ) ) ;
#5299 = ORIENTED_EDGE ( 'NONE', *, *, #8650, .F. ) ;
#5300 = DIRECTION ( 'NONE',  ( 1.000000000000000000, 0.000000000000000000, -0.000000000000000000 ) ) ;
#5301 = ORIENTED_EDGE ( 'NONE', *, *, #1932, .F. ) ;
#5302 =( GEOMETRIC_REPRESENTATION_CONTEXT ( 3 ) GLOBAL_UNCERTAINTY_ASSIGNED_CONTEXT ( ( #8874 ) ) GLOBAL_UNIT_ASSIGNED_CONTEXT ( ( #2508, #6219, #6974 ) ) REPRESENTATION_CONTEXT ( 'NONE', 'WORKASPACE' ) );
#5303 = DIRECTION ( 'NONE',  ( -0.000000000000000000, -0.000000000000000000, 1.000000000000000000 ) ) ;
#5304 = VERTEX_POINT ( 'NONE', #8862 ) ;
#5305 = EDGE_LOOP ( 'NONE', ( #7166, #4010, #970, #3316 ) ) ;
#5306 = EDGE_CURVE ( 'NONE', #3832, #8849, #1570, .T. ) ;
#5307 = CARTESIAN_POINT ( 'NONE',  ( -1.845392560103486179, 0.000000000000000000, -1.138612766526183817 ) ) ;
#5308 = AXIS2_PLACEMENT_3D ( 'NONE', #7744, #8705, #4798 ) ;
#5309 = EDGE_CURVE ( 'NONE', #7968, #3196, #144, .T. ) ;
#5310 = CARTESIAN_POINT ( 'NONE',  ( -1.699999999999999734, -1.269999999999999796, -0.5000000000000001110 ) ) ;
#5311 = LINE ( 'NONE', #2305, #1927 ) ;
#5312 = CARTESIAN_POINT ( 'NONE',  ( -1.301148175457528033, -0.6083740602123943741, 0.7000000000000001776 ) ) ;
#5313 = EDGE_CURVE ( 'NONE', #9208, #4066, #1965, .T. ) ;
#5314 = AXIS2_PLACEMENT_3D ( 'NONE', #2927, #8366, #6135 ) ;
#5315 = ORIENTED_EDGE ( 'NONE', *, *, #8692, .F. ) ;
#5316 = ORIENTED_EDGE ( 'NONE', *, *, #3319, .F. ) ;
#5317 = CIRCLE ( 'NONE', #965, 0.1499999999999999667 ) ;
#5318 = DIRECTION ( 'NONE',  ( -0.9999999999999988898, 0.000000000000000000, 4.820822126910820882E-08 ) ) ;
#5319 = EDGE_CURVE ( 'NONE', #6150, #5789, #7622, .T. ) ;
#5320 = DIRECTION ( 'NONE',  ( 0.000000000000000000, 0.000000000000000000, -1.000000000000000000 ) ) ;
#5321 = CARTESIAN_POINT ( 'NONE',  ( 1.920247193192469615, -0.7073055883169304670, -0.3820832415370515323 ) ) ;
#5322 =( BOUNDED_CURVE ( )  B_SPLINE_CURVE ( 3, ( #8519, #9234, #267, #692 ),
 .UNSPECIFIED., .F., .F. ) 
 B_SPLINE_CURVE_WITH_KNOTS ( ( 4, 4 ),
 ( 4.563059309308263423, 4.712388980384689674 ),
 .UNSPECIFIED. ) 
 CURVE ( )  GEOMETRIC_REPRESENTATION_ITEM ( )  RATIONAL_B_SPLINE_CURVE ( ( 1.000000000000000000, 0.9981425839180244619, 0.9981425839180244619, 1.000000000000000000 ) ) 
 REPRESENTATION_ITEM ( '' )  );
#5323 = CARTESIAN_POINT ( 'NONE',  ( -1.715052709667137076, -0.1000000000000000472, 1.349999999997905764 ) ) ;
#5324 = ORIENTED_EDGE ( 'NONE', *, *, #1962, .T. ) ;
#5325 = CARTESIAN_POINT ( 'NONE',  ( -1.699999999999999734, -0.1499999999999999667, -1.400000000000000133 ) ) ;
#5326 = CIRCLE ( 'NONE', #6291, 0.1499999999999999667 ) ;
#5327 = EDGE_CURVE ( 'NONE', #5418, #8270, #4955, .T. ) ;
#5328 = CARTESIAN_POINT ( 'NONE',  ( 2.019612439772669354, -0.6947730772922187104, 0.3252409048719890339 ) ) ;
#5329 = VERTEX_POINT ( 'NONE', #7289 ) ;
#5330 = EDGE_CURVE ( 'NONE', #3119, #4834, #6574, .T. ) ;
#5331 = DIRECTION ( 'NONE',  ( 0.000000000000000000, 0.000000000000000000, 1.000000000000000000 ) ) ;
#5332 = DIRECTION ( 'NONE',  ( -1.000000000000000000, 0.000000000000000000, -0.000000000000000000 ) ) ;
#5333 = AXIS2_PLACEMENT_3D ( 'NONE', #7470, #2988, #9140 ) ;
#5334 = DIRECTION ( 'NONE',  ( 1.000000000000000000, 2.773339119917614155E-32, 4.996003610813194571E-16 ) ) ;
#5335 = PLANE ( 'NONE',  #9711 ) ;
#5336 = CARTESIAN_POINT ( 'NONE',  ( -2.217386645469349826, -0.4316846845395707621, -0.2774175960637573768 ) ) ;
#5337 = ORIENTED_EDGE ( 'NONE', *, *, #7685, .T. ) ;
#5338 = EDGE_LOOP ( 'NONE', ( #7477, #2844, #9316, #4419 ) ) ;
#5339 = FACE_OUTER_BOUND ( 'NONE', #1393, .T. ) ;
#5340 = ORIENTED_EDGE ( 'NONE', *, *, #307, .T. ) ;
#5341 = CIRCLE ( 'NONE', #2740, 0.4000000000000000222 ) ;
#5342 = ORIENTED_EDGE ( 'NONE', *, *, #8812, .T. ) ;
#5343 = VECTOR ( 'NONE', #5452, 1000.000000000000000 ) ;
#5344 = EDGE_CURVE ( 'NONE', #8455, #7740, #3534, .T. ) ;
#5345 = DIRECTION ( 'NONE',  ( 0.000000000000000000, 0.000000000000000000, 1.000000000000000000 ) ) ;
#5346 = CARTESIAN_POINT ( 'NONE',  ( 2.019813588450877884, -0.6887950649955387750, 0.3797558294957290026 ) ) ;
#5347 = DIRECTION ( 'NONE',  ( 0.000000000000000000, 0.000000000000000000, 1.000000000000000000 ) ) ;
#5348 = LINE ( 'NONE', #5249, #54 ) ;
#5349 = CIRCLE ( 'NONE', #4042, 0.4000000000000000222 ) ;
#5350 = VERTEX_POINT ( 'NONE', #9621 ) ;
#5351 = EDGE_CURVE ( 'NONE', #159, #4145, #2665, .T. ) ;
#5352 = LINE ( 'NONE', #2296, #6370 ) ;
#5353 = VERTEX_POINT ( 'NONE', #471 ) ;
#5354 = LINE ( 'NONE', #809, #1178 ) ;
#5355 = ORIENTED_EDGE ( 'NONE', *, *, #8057, .T. ) ;
#5356 = ORIENTED_EDGE ( 'NONE', *, *, #2144, .T. ) ;
#5357 = VECTOR ( 'NONE', #3112, 1000.000000000000000 ) ;
#5358 = CIRCLE ( 'NONE', #7784, 0.04999999999999991257 ) ;
#5359 = CARTESIAN_POINT ( 'NONE',  ( -1.499999999999999556, -1.419999999999999929, -1.099999999999999867 ) ) ;
#5360 = CARTESIAN_POINT ( 'NONE',  ( 1.875352053460283219, -0.0001543321925414004655, 0.4023595114913238735 ) ) ;
#5361 = AXIS2_PLACEMENT_3D ( 'NONE', #168, #3264, #72 ) ;
#5362 = CARTESIAN_POINT ( 'NONE',  ( 1.699999999999999734, -1.269999999999999796, 0.5000000000000001110 ) ) ;
#5363 = CARTESIAN_POINT ( 'NONE',  ( -0.4961224367392622625, -0.1000000000000000056, -0.9886127665261836839 ) ) ;
#5364 = CARTESIAN_POINT ( 'NONE',  ( 1.499999999999999556, -1.419999999999999929, 0.6999999999999998446 ) ) ;
#5365 = AXIS2_PLACEMENT_3D ( 'NONE', #8339, #1401, #5965 ) ;
#5366 = VECTOR ( 'NONE', #3959, 1000.000000000000000 ) ;
#5367 = ORIENTED_EDGE ( 'NONE', *, *, #1059, .T. ) ;
#5368 = ORIENTED_EDGE ( 'NONE', *, *, #4287, .T. ) ;
#5369 = ORIENTED_EDGE ( 'NONE', *, *, #8057, .F. ) ;
#5370 = ADVANCED_FACE ( 'NONE', ( #2771 ), #5876, .F. ) ;
#5371 = LINE ( 'NONE', #8316, #7465 ) ;
#5372 = LINE ( 'NONE', #8409, #9042 ) ;
#5373 = EDGE_CURVE ( 'NONE', #5110, #2895, #9406, .T. ) ;
#5374 = FACE_OUTER_BOUND ( 'NONE', #7171, .T. ) ;
#5375 = CARTESIAN_POINT ( 'NONE',  ( 1.084202172485504434E-15, -1.419999999999999929, 4.336808689942017736E-16 ) ) ;
#5376 = ORIENTED_EDGE ( 'NONE', *, *, #5946, .F. ) ;
#5377 = CARTESIAN_POINT ( 'NONE',  ( 1.899999999999999689, -0.1499999999999995226, 0.3499999999999999778 ) ) ;
#5378 = CARTESIAN_POINT ( 'NONE',  ( 1.210409293104798500, -0.1065752143134426205, 2.123904464183327789 ) ) ;
#5379 = VECTOR ( 'NONE', #164, 1000.000000000000000 ) ;
#5380 = DIRECTION ( 'NONE',  ( -0.000000000000000000, -1.000000000000000000, -0.000000000000000000 ) ) ;
#5381 = ORIENTED_EDGE ( 'NONE', *, *, #2775, .F. ) ;
#5382 = EDGE_CURVE ( 'NONE', #5657, #5149, #5977, .T. ) ;
#5383 = VECTOR ( 'NONE', #5205, 1000.000000000000114 ) ;
#5384 = VECTOR ( 'NONE', #5492, 1000.000000000000000 ) ;
#5385 = CARTESIAN_POINT ( 'NONE',  ( 2.299999999999999822, -1.419999999999999929, -0.4999999999999997780 ) ) ;
#5386 = DIRECTION ( 'NONE',  ( 1.000000000000000000, -9.244463733058732095E-33, -5.551115123125782702E-17 ) ) ;
#5387 = EDGE_CURVE ( 'NONE', #4149, #4167, #6028, .T. ) ;
#5388 = CARTESIAN_POINT ( 'NONE',  ( -1.919232306149515122, -0.7073029227339051594, -0.3822878226370939325 ) ) ;
#5389 = DIRECTION ( 'NONE',  ( -1.000000000000000000, 0.000000000000000000, 0.000000000000000000 ) ) ;
#5390 = FACE_OUTER_BOUND ( 'NONE', #5945, .T. ) ;
#5391 = ORIENTED_EDGE ( 'NONE', *, *, #6217, .T. ) ;
#5392 = ORIENTED_EDGE ( 'NONE', *, *, #6995, .T. ) ;
#5393 = DIRECTION ( 'NONE',  ( 0.000000000000000000, 0.000000000000000000, -1.000000000000000000 ) ) ;
#5394 = EDGE_LOOP ( 'NONE', ( #8594, #2229, #3665, #1496 ) ) ;
#5395 = EDGE_CURVE ( 'NONE', #1602, #8454, #2817, .T. ) ;
#5396 = ORIENTED_EDGE ( 'NONE', *, *, #2592, .T. ) ;
#5397 = DIRECTION ( 'NONE',  ( 0.000000000000000000, 0.000000000000000000, 1.000000000000000000 ) ) ;
#5398 = CARTESIAN_POINT ( 'NONE',  ( -1.799402302898350348, -0.1000000000000000056, -0.4218284553639131129 ) ) ;
#5399 = VECTOR ( 'NONE', #928, 1000.000000000000000 ) ;
#5400 = LINE ( 'NONE', #8482, #2434 ) ;
#5401 = FACE_OUTER_BOUND ( 'NONE', #7327, .T. ) ;
#5402 = CARTESIAN_POINT ( 'NONE',  ( 1.224999999999999867, -1.100000000000000089, 1.849999999999999867 ) ) ;
#5404 = ORIENTED_EDGE ( 'NONE', *, *, #8176, .F. ) ;
#5403 = DIRECTION ( 'NONE',  ( 0.000000000000000000, 0.000000000000000000, -1.000000000000000000 ) ) ;
#5405 = DIRECTION ( 'NONE',  ( 0.000000000000000000, 0.000000000000000000, 1.000000000000000000 ) ) ;
#5406 = ORIENTED_EDGE ( 'NONE', *, *, #8473, .F. ) ;
#5407 = DIRECTION ( 'NONE',  ( 0.000000000000000000, 0.000000000000000000, 1.000000000000000000 ) ) ;
#5408 = VERTEX_POINT ( 'NONE', #4392 ) ;
#5409 = EDGE_CURVE ( 'NONE', #2906, #6037, #4536, .T. ) ;
#5410 = VERTEX_POINT ( 'NONE', #6071 ) ;
#5411 = EDGE_CURVE ( 'NONE', #1301, #9511, #6819, .T. ) ;
#5412 = CARTESIAN_POINT ( 'NONE',  ( -1.224999999999999645, -0.09999999999999982514, 0.7500000000000002220 ) ) ;
#5413 = DIRECTION ( 'NONE',  ( 0.000000000000000000, 0.000000000000000000, -1.000000000000000000 ) ) ;
#5414 = DIRECTION ( 'NONE',  ( 1.000000000000000000, -0.000000000000000000, -0.000000000000000000 ) ) ;
#5415 = CARTESIAN_POINT ( 'NONE',  ( 0.9237652542620762297, -0.1000000000000000056, -1.351033706287569469 ) ) ;
#5416 = DIRECTION ( 'NONE',  ( 1.000000000000000000, 0.000000000000000000, -0.000000000000000000 ) ) ;
#5417 = CARTESIAN_POINT ( 'NONE',  ( -1.867386645469348405, -0.1499999999999996891, -0.9886127665261839059 ) ) ;
#5418 = VERTEX_POINT ( 'NONE', #665 ) ;
#5419 = EDGE_CURVE ( 'NONE', #3270, #9353, #7301, .T. ) ;
#5420 = ORIENTED_EDGE ( 'NONE', *, *, #1769, .F. ) ;
#5421 = EDGE_LOOP ( 'NONE', ( #8272, #5942, #3996, #9857 ) ) ;
#5422 = AXIS2_PLACEMENT_3D ( 'NONE', #5739, #6437, #9530 ) ;
#5423 = DIRECTION ( 'NONE',  ( 9.035018104045875625E-17, 0.000000000000000000, -1.000000000000000000 ) ) ;
#5424 = DIRECTION ( 'NONE',  ( 0.000000000000000000, 1.000000000000000000, -0.000000000000000000 ) ) ;
#5425 = CARTESIAN_POINT ( 'NONE',  ( 2.021326444514789156, -0.7049679160354731522, -0.3545260433431361435 ) ) ;
#5426 = DIRECTION ( 'NONE',  ( 0.000000000000000000, 0.000000000000000000, 1.000000000000000000 ) ) ;
#5427 = ORIENTED_EDGE ( 'NONE', *, *, #1552, .T. ) ;
#5428 = DIRECTION ( 'NONE',  ( -4.237045877651918877E-33, 1.000000000000000000, -1.213335864963958587E-32 ) ) ;
#5429 = CIRCLE ( 'NONE', #3641, 0.1499999999999999667 ) ;
#5430 = CARTESIAN_POINT ( 'NONE',  ( 2.299999999999999378, -1.419999999999999929, -1.100000000000000089 ) ) ;
#5431 = DIRECTION ( 'NONE',  ( 1.000000000000000000, -3.851859888774471706E-33, 5.551115123125782702E-17 ) ) ;
#5432 = ORIENTED_EDGE ( 'NONE', *, *, #3247, .F. ) ;
#5433 = EDGE_CURVE ( 'NONE', #7104, #7712, #9163, .T. ) ;
#5434 = CARTESIAN_POINT ( 'NONE',  ( 1.224999999999999867, -0.03667479728236989339, 2.101097729122833879 ) ) ;
#5435 = LINE ( 'NONE', #2221, #8522 ) ;
#5436 =( NAMED_UNIT ( * ) SI_UNIT ( $, .STERADIAN. ) SOLID_ANGLE_UNIT ( ) );
#5437 = CARTESIAN_POINT ( 'NONE',  ( -1.238913256834701437, -0.1023653882350316624, 2.106720003180605705 ) ) ;
#5438 = DIRECTION ( 'NONE',  ( -0.000000000000000000, 1.000000000000000000, -0.000000000000000000 ) ) ;
#5439 = VERTEX_POINT ( 'NONE', #5161 ) ;
#5440 = AXIS2_PLACEMENT_3D ( 'NONE', #5276, #2026, #7459 ) ;
#5441 = DIRECTION ( 'NONE',  ( -0.000000000000000000, -1.000000000000000000, -0.000000000000000000 ) ) ;
#5442 = VERTEX_POINT ( 'NONE', #8398 ) ;
#5443 = ORIENTED_EDGE ( 'NONE', *, *, #4500, .T. ) ;
#5444 = EDGE_CURVE ( 'NONE', #1247, #4514, #2105, .T. ) ;
#5445 = CARTESIAN_POINT ( 'NONE',  ( 2.122262099140559855, -0.9384702164696115956, 0.5089130437326930823 ) ) ;
#5446 = CARTESIAN_POINT ( 'NONE',  ( 2.020460857283183476, -0.6999520172383602024, 0.3435697309260271615 ) ) ;
#5447 = AXIS2_PLACEMENT_3D ( 'NONE', #5130, #9842, #683 ) ;
#5448 = DIRECTION ( 'NONE',  ( 0.000000000000000000, 1.000000000000000000, 0.000000000000000000 ) ) ;
#5449 = DIRECTION ( 'NONE',  ( -0.000000000000000000, -1.000000000000000000, -0.000000000000000000 ) ) ;
#5450 = EDGE_CURVE ( 'NONE', #8507, #9102, #4660, .T. ) ;
#5451 = DIRECTION ( 'NONE',  ( 0.000000000000000000, 0.000000000000000000, -1.000000000000000000 ) ) ;
#5453 = EDGE_LOOP ( 'NONE', ( #8883, #9103, #2812, #5003, #5028, #6874 ) ) ;
#5452 = DIRECTION ( 'NONE',  ( 1.000000000000000000, -0.000000000000000000, -0.000000000000000000 ) ) ;
#5454 = DIRECTION ( 'NONE',  ( 0.000000000000000000, 0.000000000000000000, 1.000000000000000000 ) ) ;
#5455 = VERTEX_POINT ( 'NONE', #1460 ) ;
#5456 = CARTESIAN_POINT ( 'NONE',  ( 0.9749999999999999778, -1.719999999999999085, 0.7500000000000000000 ) ) ;
#5457 = ORIENTED_EDGE ( 'NONE', *, *, #8557, .T. ) ;
#5458 = ORIENTED_EDGE ( 'NONE', *, *, #93, .T. ) ;
#5459 = EDGE_CURVE ( 'NONE', #9489, #4361, #3777, .T. ) ;
#5460 = VECTOR ( 'NONE', #3037, 1000.000000000000000 ) ;
#5461 = CARTESIAN_POINT ( 'NONE',  ( 0.6006347602098600635, -1.420000000000000151, -1.399999999999999689 ) ) ;
#5462 = DIRECTION ( 'NONE',  ( 1.000000000000000000, -0.000000000000000000, -0.000000000000000000 ) ) ;
#5463 = B_SPLINE_CURVE_WITH_KNOTS ( 'NONE', 3,
 ( #7761, #98, #49, #6946, #5437, #1683, #3093 ),
 .UNSPECIFIED., .F., .F.,
 ( 4, 3, 4 ),
 ( 0.000000000000000000, 1.369338130602020661E-05, 2.723977813354628357E-05 ),
 .UNSPECIFIED. ) ;
#5464 = CARTESIAN_POINT ( 'NONE',  ( 1.845392560103486179, 0.000000000000000000, 1.399999999999999245 ) ) ;
#5465 = EDGE_CURVE ( 'NONE', #482, #9388, #1365, .T. ) ;
#5466 = DIRECTION ( 'NONE',  ( -1.000000000000000000, -9.757819552369557261E-15, 0.000000000000000000 ) ) ;
#5467 = VECTOR ( 'NONE', #4394, 1000.000000000000227 ) ;
#5468 = CARTESIAN_POINT ( 'NONE',  ( 1.874025336950396303, -0.0001469794251062698641, -1.050465179241515834 ) ) ;
#5469 = FACE_OUTER_BOUND ( 'NONE', #7967, .T. ) ;
#5470 = CARTESIAN_POINT ( 'NONE',  ( 2.234762845370799500, -1.185200745128921485, -8.840585497901326054E-16 ) ) ;
#5471 = ORIENTED_EDGE ( 'NONE', *, *, #5256, .T. ) ;
#5472 = VERTEX_POINT ( 'NONE', #5260 ) ;
#5473 = ORIENTED_EDGE ( 'NONE', *, *, #6041, .T. ) ;
#5474 = VECTOR ( 'NONE', #1018, 1000.000000000000000 ) ;
#5475 = CARTESIAN_POINT ( 'NONE',  ( -0.9749999999999999778, -1.919999999999999929, 0.7500000000000000000 ) ) ;
#5476 = LINE ( 'NONE', #3176, #9182 ) ;
#5477 = EDGE_CURVE ( 'NONE', #9029, #7223, #7637, .T. ) ;
#5478 = CARTESIAN_POINT ( 'NONE',  ( -1.499999999999999556, -1.419999999999999929, -0.6999999999999999556 ) ) ;
#5479 = CARTESIAN_POINT ( 'NONE',  ( 1.899999999999999245, -1.269999999999999796, 0.5000000000000000000 ) ) ;
#5480 = ORIENTED_EDGE ( 'NONE', *, *, #6536, .F. ) ;
#5481 = DIRECTION ( 'NONE',  ( 0.000000000000000000, -1.000000000000000000, 0.000000000000000000 ) ) ;
#5482 = CARTESIAN_POINT ( 'NONE',  ( 0.000000000000000000, -0.1199999999999998290, 1.208497736014245927 ) ) ;
#5483 = VECTOR ( 'NONE', #10000, 1000.000000000000000 ) ;
#5484 = ORIENTED_EDGE ( 'NONE', *, *, #9749, .T. ) ;
#5485 = LINE ( 'NONE', #3991, #9739 ) ;
#5486 = CARTESIAN_POINT ( 'NONE',  ( 1.200000000000000178, -0.05000000000000002359, 2.125000000000000000 ) ) ;
#5487 = CARTESIAN_POINT ( 'NONE',  ( 2.143774953583233334, -1.226688135358414256, -8.673617379884035472E-16 ) ) ;
#5488 = DIRECTION ( 'NONE',  ( 0.000000000000000000, 1.000000000000000000, -1.355252715606877091E-16 ) ) ;
#5489 = VECTOR ( 'NONE', #1272, 1000.000000000000000 ) ;
#5490 = CARTESIAN_POINT ( 'NONE',  ( 2.019052950126617674, -0.6907812725527225917, -0.3810316994662033552 ) ) ;
#5491 = ORIENTED_EDGE ( 'NONE', *, *, #2211, .T. ) ;
#5492 = DIRECTION ( 'NONE',  ( 2.710505431213762564E-16, 0.000000000000000000, -1.000000000000000000 ) ) ;
#5493 = VERTEX_POINT ( 'NONE', #6868 ) ;
#5494 = EDGE_LOOP ( 'NONE', ( #4990, #1099, #7994, #1619 ) ) ;
#5495 = EDGE_CURVE ( 'NONE', #6952, #7458, #9973, .T. ) ;
#5496 = AXIS2_PLACEMENT_3D ( 'NONE', #1639, #9437, #7048 ) ;
#5497 = DIRECTION ( 'NONE',  ( 1.387778780781445182E-16, -1.232595164407830399E-32, -1.000000000000000000 ) ) ;
#5498 = CARTESIAN_POINT ( 'NONE',  ( 2.217386645469349826, -0.3983513512062374917, 0.2774175960637573213 ) ) ;
#5499 = CARTESIAN_POINT ( 'NONE',  ( -2.018183949432011737, -0.6833873191595712937, 0.3877888494584239010 ) ) ;
#5500 = CARTESIAN_POINT ( 'NONE',  ( -1.750719978802683707, -0.4316846845395708177, 0.2774175960637573213 ) ) ;
#5501 = ADVANCED_FACE ( 'NONE', ( #4482 ), #3679, .F. ) ;
#5502 = CARTESIAN_POINT ( 'NONE',  ( -2.122262099140556302, -0.9384702164696131499, -0.5089130437326951917 ) ) ;
#5504 = EDGE_LOOP ( 'NONE', ( #5628, #1668, #9184, #9910 ) ) ;
#5503 = CARTESIAN_POINT ( 'NONE',  ( -1.867386645469348405, 1.897353801849632760E-16, 1.060417588806084277 ) ) ;
#5505 = LINE ( 'NONE', #6116, #3941 ) ;
#5506 = ORIENTED_EDGE ( 'NONE', *, *, #1599, .F. ) ;
#5507 = LINE ( 'NONE', #4011, #7149 ) ;
#5508 = ORIENTED_EDGE ( 'NONE', *, *, #4343, .F. ) ;
#5509 = VECTOR ( 'NONE', #4142, 1000.000000000000114 ) ;
#5510 = ORIENTED_EDGE ( 'NONE', *, *, #8707, .F. ) ;
#5511 = EDGE_CURVE ( 'NONE', #272, #6391, #4043, .T. ) ;
#5512 = AXIS2_PLACEMENT_3D ( 'NONE', #9075, #2112, #2158 ) ;
#5513 = DIRECTION ( 'NONE',  ( -1.000000000000000000, 0.000000000000000000, 0.000000000000000000 ) ) ;
#5514 = VECTOR ( 'NONE', #7641, 1000.000000000000000 ) ;
#5515 = DIRECTION ( 'NONE',  ( -1.000000000000000000, 0.000000000000000000, 0.000000000000000000 ) ) ;
#5516 = EDGE_CURVE ( 'NONE', #7502, #9448, #1413, .T. ) ;
#5517 = DIRECTION ( 'NONE',  ( 0.000000000000000000, 0.000000000000000000, -1.000000000000000000 ) ) ;
#5518 = CYLINDRICAL_SURFACE ( 'NONE', #1546, 0.05000000000000002359 ) ;
#5519 = ORIENTED_EDGE ( 'NONE', *, *, #3073, .F. ) ;
#5520 = VECTOR ( 'NONE', #3487, 1000.000000000000000 ) ;
#5521 = VECTOR ( 'NONE', #5303, 1000.000000000000000 ) ;
#5522 = EDGE_LOOP ( 'NONE', ( #5392, #3965, #1316, #9954 ) ) ;
#5523 = VERTEX_POINT ( 'NONE', #6314 ) ;
#5524 = EDGE_CURVE ( 'NONE', #7458, #3156, #6483, .T. ) ;
#5525 = CARTESIAN_POINT ( 'NONE',  ( 1.274999999999999911, -1.050000000000000044, 0.000000000000000000 ) ) ;
#5526 = CARTESIAN_POINT ( 'NONE',  ( -1.917386645469350004, -0.7078323662991694576, -0.9252032356380567313 ) ) ;
#5527 = AXIS2_PLACEMENT_3D ( 'NONE', #3468, #2758, #7230 ) ;
#5528 = CARTESIAN_POINT ( 'NONE',  ( -1.840170837638705592, -0.3198029772490044720, -1.344633953694285511 ) ) ;
#5529 = DIRECTION ( 'NONE',  ( 0.000000000000000000, -0.000000000000000000, 1.000000000000000000 ) ) ;
#5530 = LINE ( 'NONE', #7038, #113 ) ;
#5531 = VERTEX_POINT ( 'NONE', #3165 ) ;
#5532 = CARTESIAN_POINT ( 'NONE',  ( -2.299999999999999378, -1.419999999999999929, -1.099999999999999867 ) ) ;
#5533 = B_SPLINE_CURVE_WITH_KNOTS ( 'NONE', 3,
 ( #2062, #5169, #2778, #5884, #8211, #5984, #8980 ),
 .UNSPECIFIED., .F., .F.,
 ( 4, 3, 4 ),
 ( 0.000000000000000000, 1.584807490393738347E-05, 2.519943939313518534E-05 ),
 .UNSPECIFIED. ) ;
#5534 = CARTESIAN_POINT ( 'NONE',  ( -1.899999999999999245, -1.269999999999999796, -1.099999999999999867 ) ) ;
#5535 = ORIENTED_EDGE ( 'NONE', *, *, #9171, .F. ) ;
#5536 = EDGE_CURVE ( 'NONE', #4514, #6636, #6922, .T. ) ;
#5537 = VECTOR ( 'NONE', #1785, 1000.000000000000000 ) ;
#5538 = EDGE_CURVE ( 'NONE', #2149, #5523, #8770, .T. ) ;
#5539 = DIRECTION ( 'NONE',  ( 1.000000000000000000, 0.000000000000000000, 0.000000000000000000 ) ) ;
#5540 = CIRCLE ( 'NONE', #6189, 0.04999999999999991257 ) ;
#5541 = DIRECTION ( 'NONE',  ( -0.9098789178756583329, -0.4148739022949276545, -1.332928165553404741E-16 ) ) ;
#5542 = DIRECTION ( 'NONE',  ( 0.000000000000000000, 0.000000000000000000, 1.000000000000000000 ) ) ;
#5543 = ORIENTED_EDGE ( 'NONE', *, *, #5997, .F. ) ;
#5544 = CARTESIAN_POINT ( 'NONE',  ( 1.867386645469348405, -0.1499999999999996891, -0.9886127665261836839 ) ) ;
#5545 = VERTEX_POINT ( 'NONE', #7733 ) ;
#5546 = VERTEX_POINT ( 'NONE', #4016 ) ;
#5547 = VECTOR ( 'NONE', #3395, 999.9999999999998863 ) ;
#5548 = CARTESIAN_POINT ( 'NONE',  ( -0.4961224367392622625, -0.1000000000000000056, -0.9886127665261836839 ) ) ;
#5549 = CARTESIAN_POINT ( 'NONE',  ( 2.750719978802683929, -0.9316846845395710952, -0.7718015200835196543 ) ) ;
#5550 = CARTESIAN_POINT ( 'NONE',  ( 1.499999999999999556, -1.419999999999999929, -0.6999999999999999556 ) ) ;
#5551 = LINE ( 'NONE', #1650, #1164 ) ;
#5552 = CARTESIAN_POINT ( 'NONE',  ( -2.031274207352634864, -0.9799576066992677914, 0.7661930767260479724 ) ) ;
#5553 = ORIENTED_EDGE ( 'NONE', *, *, #12, .T. ) ;
#5554 = CARTESIAN_POINT ( 'NONE',  ( 2.122262099140556302, -0.9384702164696131499, 0.5089130437326938594 ) ) ;
#5555 = VERTEX_POINT ( 'NONE', #816 ) ;
#5556 = CARTESIAN_POINT ( 'NONE',  ( -0.6461224367392621737, -0.1000000000000000056, -1.201033706287569558 ) ) ;
#5557 = ORIENTED_EDGE ( 'NONE', *, *, #3864, .T. ) ;
#5558 = ORIENTED_EDGE ( 'NONE', *, *, #4439, .T. ) ;
#5559 = ADVANCED_FACE ( 'NONE', ( #2459 ), #7123, .F. ) ;
#5560 = CARTESIAN_POINT ( 'NONE',  ( 2.017386645469349649, -0.6935606511791652107, -0.9252032796654288127 ) ) ;
#5561 = DIRECTION ( 'NONE',  ( 0.000000000000000000, 1.000000000000000000, -0.000000000000000000 ) ) ;
#5562 = DIRECTION ( 'NONE',  ( -1.000000000000000000, 0.000000000000000000, 0.000000000000000000 ) ) ;
#5563 = DIRECTION ( 'NONE',  ( -1.000000000000000000, 0.000000000000000000, 0.000000000000000000 ) ) ;
#5564 = CARTESIAN_POINT ( 'NONE',  ( -2.020327596725916663, -0.6991901016546545611, -0.3680652506281573699 ) ) ;
#5565 = ORIENTED_EDGE ( 'NONE', *, *, #7428, .T. ) ;
#5566 = EDGE_LOOP ( 'NONE', ( #4420, #4786, #1985, #3775 ) ) ;
#5567 = ORIENTED_EDGE ( 'NONE', *, *, #9936, .T. ) ;
#5568 = EDGE_CURVE ( 'NONE', #3162, #4971, #6360, .T. ) ;
#5569 = CARTESIAN_POINT ( 'NONE',  ( -1.845392560103486179, 0.000000000000000000, 1.399999999999999245 ) ) ;
#5570 = DIRECTION ( 'NONE',  ( 0.000000000000000000, 9.346570452461245599E-18, 1.000000000000000000 ) ) ;
#5571 = DIRECTION ( 'NONE',  ( 0.000000000000000000, 0.000000000000000000, -1.000000000000000000 ) ) ;
#5572 = DIRECTION ( 'NONE',  ( -5.421010862427532031E-16, 0.000000000000000000, 1.000000000000000000 ) ) ;
#5573 = CARTESIAN_POINT ( 'NONE',  ( 1.499999999999999556, -1.419999999999999929, -0.6999999999999999556 ) ) ;
#5574 = EDGE_CURVE ( 'NONE', #7619, #8507, #9312, .T. ) ;
#5575 = LINE ( 'NONE', #8655, #4434 ) ;
#5576 = ORIENTED_EDGE ( 'NONE', *, *, #4493, .F. ) ;
#5577 = CARTESIAN_POINT ( 'NONE',  ( 1.922555855110058998, -0.7204717264743651928, -0.3425862651868631370 ) ) ;
#5578 = DIRECTION ( 'NONE',  ( 0.000000000000000000, 1.000000000000000000, 0.000000000000000000 ) ) ;
#5579 = EDGE_LOOP ( 'NONE', ( #4190, #28, #2496, #9157, #4094, #2399 ) ) ;
#5580 = FACE_OUTER_BOUND ( 'NONE', #1934, .T. ) ;
#5581 = CIRCLE ( 'NONE', #2327, 0.2000000000000000944 ) ;
#5582 = CARTESIAN_POINT ( 'NONE',  ( -1.921699031113850209, -0.7228440471288796187, -0.3378274963064392122 ) ) ;
#5583 = CARTESIAN_POINT ( 'NONE',  ( -0.4961224367392622625, -0.3314104039620769937, -1.399999999999999467 ) ) ;
#5584 = EDGE_CURVE ( 'NONE', #9588, #6007, #3874, .T. ) ;
#5585 = CARTESIAN_POINT ( 'NONE',  ( 0.000000000000000000, -0.1999999999999998168, 1.208497736014245927 ) ) ;
#5586 = CARTESIAN_POINT ( 'NONE',  ( 0.4961224367392622625, -0.2234557569309442437, -1.300000000000001155 ) ) ;
#5587 = ORIENTED_EDGE ( 'NONE', *, *, #7481, .T. ) ;
#5588 = CARTESIAN_POINT ( 'NONE',  ( -2.031274207352990135, -0.9799576066991059209, -1.510468355502019744 ) ) ;
#5589 = ORIENTED_EDGE ( 'NONE', *, *, #2973, .F. ) ;
#5590 = ORIENTED_EDGE ( 'NONE', *, *, #1065, .T. ) ;
#5591 = CIRCLE ( 'NONE', #2826, 0.04999999999999991257 ) ;
#5592 = LINE ( 'NONE', #5548, #636 ) ;
#5593 = LINE ( 'NONE', #8836, #7549 ) ;
#5594 = CARTESIAN_POINT ( 'NONE',  ( 1.194983577402405128, 0.000000000000000000, 1.247023181841393047 ) ) ;
#5595 = LINE ( 'NONE', #4261, #9981 ) ;
#5596 = CIRCLE ( 'NONE', #1562, 0.3999999999999999112 ) ;
#5597 = CARTESIAN_POINT ( 'NONE',  ( -2.122262099140560299, -0.9384702164696112625, 0.5089130437326938594 ) ) ;
#5599 = ORIENTED_EDGE ( 'NONE', *, *, #6049, .F. ) ;
#5598 = CYLINDRICAL_SURFACE ( 'NONE', #9083, 0.04999999999999991257 ) ;
#5600 = CARTESIAN_POINT ( 'NONE',  ( -1.194983577402405128, -0.1000000000000000056, 1.397023181841392958 ) ) ;
#5601 = VERTEX_POINT ( 'NONE', #9458 ) ;
#5602 = CARTESIAN_POINT ( 'NONE',  ( 1.977825392665262250, -0.8627365682081509224, -8.673617379884035472E-16 ) ) ;
#5603 = ORIENTED_EDGE ( 'NONE', *, *, #9740, .T. ) ;
#5604 = ORIENTED_EDGE ( 'NONE', *, *, #252, .F. ) ;
#5605 = AXIS2_PLACEMENT_3D ( 'NONE', #426, #6728, #1228 ) ;
#5606 = VECTOR ( 'NONE', #3901, 1000.000000000000114 ) ;
#5607 = DIRECTION ( 'NONE',  ( 0.000000000000000000, 0.000000000000000000, -1.000000000000000000 ) ) ;
#5608 = VECTOR ( 'NONE', #5936, 1000.000000000000114 ) ;
#5609 = CARTESIAN_POINT ( 'NONE',  ( -1.274999999999999911, -0.4999999999999998890, 1.750000000000000000 ) ) ;
#5610 = DIRECTION ( 'NONE',  ( -1.000000000000000000, -0.000000000000000000, -0.000000000000000000 ) ) ;
#5611 = DIRECTION ( 'NONE',  ( 0.000000000000000000, 9.346570452461245599E-18, 1.000000000000000000 ) ) ;
#5612 = DIRECTION ( 'NONE',  ( -1.000000000000000000, 0.000000000000000000, 0.000000000000000000 ) ) ;
#5613 = CARTESIAN_POINT ( 'NONE',  ( -2.019612439772668910, -0.6947730772922190434, -0.3252409048719890339 ) ) ;
#5614 = CARTESIAN_POINT ( 'NONE',  ( -1.849999999999999645, -0.1499999999999999667, -1.200000000000000178 ) ) ;
#5615 = AXIS2_PLACEMENT_3D ( 'NONE', #4929, #8677, #2591 ) ;
#5616 = ORIENTED_EDGE ( 'NONE', *, *, #3266, .F. ) ;
#5617 = SHAPE_REPRESENTATION_RELATIONSHIP ( 'NONE' , 'NONE' ,  #8258, #6609 ) ;
#5618 = ORIENTED_EDGE ( 'NONE', *, *, #599, .F. ) ;
#5619 = ORIENTED_EDGE ( 'NONE', *, *, #9849, .T. ) ;
#5620 = EDGE_CURVE ( 'NONE', #5439, #1287, #6498, .T. ) ;
#5621 = CARTESIAN_POINT ( 'NONE',  ( 2.017386645469349649, -0.4676805559526491241, 0.4218284553639131129 ) ) ;
#5622 = VECTOR ( 'NONE', #4585, 1000.000000000000000 ) ;
#5623 = DIRECTION ( 'NONE',  ( 0.000000000000000000, 0.000000000000000000, 1.000000000000000000 ) ) ;
#5624 = DIRECTION ( 'NONE',  ( -1.000000000000000000, 0.000000000000000000, 0.000000000000000000 ) ) ;
#5625 = SURFACE_STYLE_FILL_AREA ( #131 ) ;
#5626 = CARTESIAN_POINT ( 'NONE',  ( 1.878128223064395641, 1.900522645223937183E-16, -0.4044353608483152174 ) ) ;
#5627 = DIRECTION ( 'NONE',  ( 0.000000000000000000, -0.01745240643728357757, 0.9998476951563912696 ) ) ;
#5628 = ORIENTED_EDGE ( 'NONE', *, *, #9041, .T. ) ;
#5629 = ADVANCED_FACE ( 'NONE', ( #1753 ), #4840, .T. ) ;
#5630 = LINE ( 'NONE', #8713, #447 ) ;
#5631 = LINE ( 'NONE', #9683, #5844 ) ;
#5632 = ORIENTED_EDGE ( 'NONE', *, *, #4179, .F. ) ;
#5633 = EDGE_CURVE ( 'NONE', #3270, #8958, #2123, .T. ) ;
#5634 = DIRECTION ( 'NONE',  ( -0.000000000000000000, -0.000000000000000000, -1.000000000000000000 ) ) ;
#5635 = AXIS2_PLACEMENT_3D ( 'NONE', #8458, #4446, #1526 ) ;
#5636 = CARTESIAN_POINT ( 'NONE',  ( -1.921923197932009719, -0.7169925421069150984, 0.3668755883081527003 ) ) ;
#5637 = ADVANCED_FACE ( 'NONE', ( #8547 ), #6972, .T. ) ;
#5638 = CARTESIAN_POINT ( 'NONE',  ( -0.6506347602098602190, -0.1000000000000000472, -1.150000000000000133 ) ) ;
#5639 = VERTEX_POINT ( 'NONE', #1663 ) ;
#5640 = CARTESIAN_POINT ( 'NONE',  ( 1.274999999999999911, -0.09999999999999982514, 0.7000000000000001776 ) ) ;
#5641 = ORIENTED_EDGE ( 'NONE', *, *, #2603, .T. ) ;
#5642 = VERTEX_POINT ( 'NONE', #4739 ) ;
#5643 = EDGE_CURVE ( 'NONE', #285, #1207, #917, .T. ) ;
#5644 = DIRECTION ( 'NONE',  ( 1.000000000000000000, 0.000000000000000000, 3.944829737176227913E-16 ) ) ;
#5645 = DIRECTION ( 'NONE',  ( -1.000000000000000000, 0.000000000000000000, 0.000000000000000000 ) ) ;
#5646 = AXIS2_PLACEMENT_3D ( 'NONE', #8206, #4346, #9732 ) ;
#5647 = DIRECTION ( 'NONE',  ( -0.000000000000000000, 1.000000000000000000, -0.000000000000000000 ) ) ;
#5648 = CARTESIAN_POINT ( 'NONE',  ( -1.249699564461457468, -0.1065215088007581967, 2.081302996111893400 ) ) ;
#5649 = CARTESIAN_POINT ( 'NONE',  ( 0.6006347602098603966, -0.1499999999999999667, -1.199999999999999956 ) ) ;
#5651 = VERTEX_POINT ( 'NONE', #4894 ) ;
#5650 = FACE_OUTER_BOUND ( 'NONE', #7507, .T. ) ;
#5652 = CARTESIAN_POINT ( 'NONE',  ( 1.401148175457528122, -0.1499999999999999944, 1.399999999999999689 ) ) ;
#5653 = VERTEX_POINT ( 'NONE', #3311 ) ;
#5654 = CYLINDRICAL_SURFACE ( 'NONE', #6665, 0.2000000000000000944 ) ;
#5655 = VERTEX_POINT ( 'NONE', #1155 ) ;
#5656 = CIRCLE ( 'NONE', #7433, 0.3999999999999999112 ) ;
#5657 = VERTEX_POINT ( 'NONE', #5715 ) ;
#5658 = ADVANCED_FACE ( 'NONE', ( #3522 ), #4276, .F. ) ;
#5659 = CARTESIAN_POINT ( 'NONE',  ( 1.918503680306355763, -0.6948838284598332082, 0.2992245905846196985 ) ) ;
#5660 = CARTESIAN_POINT ( 'NONE',  ( -0.4961224367392622625, -0.1000000000000000056, -0.4218284553639130019 ) ) ;
#5661 = DIRECTION ( 'NONE',  ( 1.000000000000000000, -2.465190328815661892E-32, -2.220446049250313081E-16 ) ) ;
#5662 = EDGE_CURVE ( 'NONE', #6440, #4856, #1846, .T. ) ;
#5663 = CARTESIAN_POINT ( 'NONE',  ( 2.017386645469349649, -0.6650180178729048208, 0.3949867687062154076 ) ) ;
#5664 = FACE_OUTER_BOUND ( 'NONE', #457, .T. ) ;
#5665 = PLANE ( 'NONE',  #6077 ) ;
#5666 = DIRECTION ( 'NONE',  ( -1.000000000000000000, 3.252606517456514091E-15, 0.000000000000000000 ) ) ;
#5667 = ORIENTED_EDGE ( 'NONE', *, *, #524, .F. ) ;
#5668 = VERTEX_POINT ( 'NONE', #360 ) ;
#5669 = DIRECTION ( 'NONE',  ( 0.000000000000000000, 0.000000000000000000, 1.000000000000000000 ) ) ;
#5670 = AXIS2_PLACEMENT_3D ( 'NONE', #3862, #6962, #2495 ) ;
#5671 = CARTESIAN_POINT ( 'NONE',  ( 1.274999999999999911, 0.000000000000000000, 1.849999999999999867 ) ) ;
#5672 = CARTESIAN_POINT ( 'NONE',  ( -1.925691325761514472, -0.7508093341209394200, -0.9204838424213355186 ) ) ;
#5673 = LINE ( 'NONE', #8763, #3586 ) ;
#5674 = CARTESIAN_POINT ( 'NONE',  ( 1.889970947692899639, -0.001208938450525535177, -0.4101203423996151454 ) ) ;
#5675 = LINE ( 'NONE', #8102, #6383 ) ;
#5676 = VECTOR ( 'NONE', #916, 1000.000000000000000 ) ;
#5677 = ORIENTED_EDGE ( 'NONE', *, *, #846, .T. ) ;
#5678 = CARTESIAN_POINT ( 'NONE',  ( -2.017386645469349649, -0.6935382986227249802, -0.9252069843308816655 ) ) ;
#5679 = CIRCLE ( 'NONE', #6961, 0.2000000000000000944 ) ;
#5680 = CARTESIAN_POINT ( 'NONE',  ( 1.917386645469348450, -0.07973365157532175118, 0.4901886125309882769 ) ) ;
#5681 = EDGE_CURVE ( 'NONE', #8027, #9815, #2480, .T. ) ;
#5682 = ORIENTED_EDGE ( 'NONE', *, *, #7439, .F. ) ;
#5683 = CIRCLE ( 'NONE', #9564, 0.4000000000000000222 ) ;
#5684 = EDGE_CURVE ( 'NONE', #9419, #7571, #8293, .T. ) ;
#5685 = CARTESIAN_POINT ( 'NONE',  ( 1.850000000000000089, -0.1499999999999999667, -1.199999999999999734 ) ) ;
#5686 = AXIS2_PLACEMENT_3D ( 'NONE', #2557, #3576, #6517 ) ;
#5687 = CARTESIAN_POINT ( 'NONE',  ( -2.017386645469349649, -0.5319001915892659360, 0.4166395980621656614 ) ) ;
#5688 = CARTESIAN_POINT ( 'NONE',  ( -2.020024856900106691, -0.9552861420438115703, -0.3369225578399880905 ) ) ;
#5689 = ORIENTED_EDGE ( 'NONE', *, *, #1249, .T. ) ;
#5690 = CARTESIAN_POINT ( 'NONE',  ( 2.017386645469349649, -0.6650180178729041547, -0.9299338753735266749 ) ) ;
#5691 = EDGE_CURVE ( 'NONE', #553, #2863, #7935, .T. ) ;
#5692 =( GEOMETRIC_REPRESENTATION_CONTEXT ( 3 ) GLOBAL_UNCERTAINTY_ASSIGNED_CONTEXT ( ( #7534 ) ) GLOBAL_UNIT_ASSIGNED_CONTEXT ( ( #8620, #6338, #5436 ) ) REPRESENTATION_CONTEXT ( 'NONE', 'WORKASPACE' ) );
#5693 = ORIENTED_EDGE ( 'NONE', *, *, #1838, .F. ) ;
#5694 = CARTESIAN_POINT ( 'NONE',  ( -1.243797756012290368, -0.1036681063531565417, 2.099119630351393706 ) ) ;
#5695 = ORIENTED_EDGE ( 'NONE', *, *, #7411, .F. ) ;
#5696 = VERTEX_POINT ( 'NONE', #1900 ) ;
#5697 = EDGE_CURVE ( 'NONE', #716, #3652, #306, .T. ) ;
#5698 = VECTOR ( 'NONE', #1801, 1000.000000000000000 ) ;
#5699 = CARTESIAN_POINT ( 'NONE',  ( 0.4961224367392622625, -0.1500000000000002998, -1.250000000000000000 ) ) ;
#5700 = CARTESIAN_POINT ( 'NONE',  ( 1.944422970106652215, -0.7894801885613821346, 0.9157532022455919796 ) ) ;
#5701 = FACE_OUTER_BOUND ( 'NONE', #9405, .T. ) ;
#5702 = CARTESIAN_POINT ( 'NONE',  ( -2.299999999999999822, -1.419999999999999929, -0.4999999999999995559 ) ) ;
#5703 = CARTESIAN_POINT ( 'NONE',  ( 2.017386645469347872, 6.910913085167640391E-15, 0.000000000000000000 ) ) ;
#5704 = CARTESIAN_POINT ( 'NONE',  ( -2.617386645469350182, -0.8650180178729042213, 0.7718015200835192102 ) ) ;
#5706 = EDGE_LOOP ( 'NONE', ( #5754, #8721, #3856, #4123 ) ) ;
#5705 = CARTESIAN_POINT ( 'NONE',  ( 1.867386645469348405, -0.1499999999999996891, -0.4218284553639132239 ) ) ;
#5707 = EDGE_CURVE ( 'NONE', #7900, #8684, #8905, .T. ) ;
#5708 = DIRECTION ( 'NONE',  ( 0.000000000000000000, -1.000000000000000000, 0.000000000000000000 ) ) ;
#5709 = ORIENTED_EDGE ( 'NONE', *, *, #4062, .F. ) ;
#5710 = DIRECTION ( 'NONE',  ( -0.000000000000000000, -0.000000000000000000, -1.000000000000000000 ) ) ;
#5711 = ORIENTED_EDGE ( 'NONE', *, *, #5289, .F. ) ;
#5712 = ORIENTED_EDGE ( 'NONE', *, *, #6626, .T. ) ;
#5713 = CARTESIAN_POINT ( 'NONE',  ( -2.031274207353249039, -0.9799576066989880152, 0.5089130437326878642 ) ) ;
#5714 = CARTESIAN_POINT ( 'NONE',  ( -1.199999999999999956, -0.09999999999999976963, 1.825000000000000178 ) ) ;
#5715 = CARTESIAN_POINT ( 'NONE',  ( 1.224999999999999867, -0.4499999999999999001, 0.7000000000000001776 ) ) ;
#5716 =( BOUNDED_CURVE ( )  B_SPLINE_CURVE ( 3, ( #6182, #9935, #6734, #9274 ),
 .UNSPECIFIED., .F., .F. ) 
 B_SPLINE_CURVE_WITH_KNOTS ( ( 4, 4 ),
 ( 4.712388980384691450, 6.283185307179586232 ),
 .UNSPECIFIED. ) 
 CURVE ( )  GEOMETRIC_REPRESENTATION_ITEM ( )  RATIONAL_B_SPLINE_CURVE ( ( 1.000000000000000000, 0.8047378541243654926, 0.8047378541243654926, 1.000000000000000000 ) ) 
 REPRESENTATION_ITEM ( '' )  );
#5717 = VECTOR ( 'NONE', #4453, 1000.000000000000000 ) ;
#5718 = CARTESIAN_POINT ( 'NONE',  ( -1.949402302898350259, -0.1499999999999996891, -0.2718284553639134793 ) ) ;
#5719 = EDGE_CURVE ( 'NONE', #5472, #4376, #8036, .T. ) ;
#5720 = CARTESIAN_POINT ( 'NONE',  ( -0.7737652542620763185, -0.1000000000000000056, -1.351033706287569469 ) ) ;
#5721 = FACE_OUTER_BOUND ( 'NONE', #5048, .T. ) ;
#5722 = EDGE_LOOP ( 'NONE', ( #2121, #8725, #6937, #11 ) ) ;
#5723 = ORIENTED_EDGE ( 'NONE', *, *, #837, .F. ) ;
#5724 = B_SPLINE_CURVE_WITH_KNOTS ( 'NONE', 3,
 ( #8622, #4563, #894, #4720, #1684, #7004, #845 ),
 .UNSPECIFIED., .F., .F.,
 ( 4, 3, 4 ),
 ( 1.216836570994831792E-15, 4.846453703513875977E-05, 0.0001000000000000044094 ),
 .UNSPECIFIED. ) ;
#5725 = FACE_OUTER_BOUND ( 'NONE', #3989, .T. ) ;
#5726 = CARTESIAN_POINT ( 'NONE',  ( -1.920725336924323345, -0.7096506070018980816, 0.3252409048719800411 ) ) ;
#5727 = FACE_OUTER_BOUND ( 'NONE', #6051, .T. ) ;
#5728 = CARTESIAN_POINT ( 'NONE',  ( -2.017386645469349649, -0.6650180178729041547, -0.9299338753735266749 ) ) ;
#5729 = DIRECTION ( 'NONE',  ( 1.224646799147353454E-16, 0.000000000000000000, -1.000000000000000000 ) ) ;
#5730 = LINE ( 'NONE', #8815, #8465 ) ;
#5731 = EDGE_CURVE ( 'NONE', #9428, #6931, #9611, .T. ) ;
#5732 = DIRECTION ( 'NONE',  ( -0.000000000000000000, -0.000000000000000000, 1.000000000000000000 ) ) ;
#5733 = ORIENTED_EDGE ( 'NONE', *, *, #9998, .F. ) ;
#5734 = DIRECTION ( 'NONE',  ( -3.682055108985162111E-16, 0.1132032137679068184, -0.9935718556765874565 ) ) ;
#5735 = DIRECTION ( 'NONE',  ( 1.000000000000000000, 3.333062883800338637E-16, 0.000000000000000000 ) ) ;
#5736 = EDGE_LOOP ( 'NONE', ( #9811, #2084, #1304, #2649, #2092 ) ) ;
#5737 = DIRECTION ( 'NONE',  ( 0.000000000000000000, 1.000000000000000000, -9.346570452461245599E-18 ) ) ;
#5738 = CARTESIAN_POINT ( 'NONE',  ( -2.017386645469349649, -0.6650180178729041547, 0.3949867687062132982 ) ) ;
#5739 = CARTESIAN_POINT ( 'NONE',  ( -0.4961224367392622625, 0.000000000000000000, 1.382258232211409421 ) ) ;
#5740 = ORIENTED_EDGE ( 'NONE', *, *, #2543, .F. ) ;
#5741 = DIRECTION ( 'NONE',  ( 0.000000000000000000, 0.000000000000000000, -1.000000000000000000 ) ) ;
#5742 = AXIS2_PLACEMENT_3D ( 'NONE', #2763, #4476, #568 ) ;
#5743 = ORIENTED_EDGE ( 'NONE', *, *, #6687, .F. ) ;
#5744 = ADVANCED_FACE ( 'NONE', ( #8964 ), #9559, .T. ) ;
#5745 = FACE_OUTER_BOUND ( 'NONE', #6644, .T. ) ;
#5746 = VERTEX_POINT ( 'NONE', #463 ) ;
#5747 = VERTEX_POINT ( 'NONE', #3363 ) ;
#5748 = AXIS2_PLACEMENT_3D ( 'NONE', #4805, #929, #7748 ) ;
#5749 = DIRECTION ( 'NONE',  ( 0.000000000000000000, 0.000000000000000000, -1.000000000000000000 ) ) ;
#5750 = DIRECTION ( 'NONE',  ( 0.000000000000000000, 0.000000000000000000, 1.000000000000000000 ) ) ;
#5751 = CARTESIAN_POINT ( 'NONE',  ( 1.899999999999999911, -7.560171795458674460, -1.099999999999999867 ) ) ;
#5752 = PLANE ( 'NONE',  #8407 ) ;
#5754 = ORIENTED_EDGE ( 'NONE', *, *, #8812, .F. ) ;
#5753 = DIRECTION ( 'NONE',  ( 0.000000000000000000, 0.9948089135539065486, -0.1017606285048205800 ) ) ;
#5755 = CARTESIAN_POINT ( 'NONE',  ( 2.035410861894218382, -0.7479927983318895857, -0.9157532022455918685 ) ) ;
#5756 = ORIENTED_EDGE ( 'NONE', *, *, #5459, .F. ) ;
#5757 = ADVANCED_FACE ( 'NONE', ( #6618 ), #2607, .T. ) ;
#5758 = AXIS2_PLACEMENT_3D ( 'NONE', #2872, #8978, #8159 ) ;
#5759 = CARTESIAN_POINT ( 'NONE',  ( -0.4961224367392622625, 0.000000000000000000, 1.247023181841393047 ) ) ;
#5760 = ORIENTED_EDGE ( 'NONE', *, *, #1561, .F. ) ;
#5761 = ORIENTED_EDGE ( 'NONE', *, *, #7803, .T. ) ;
#5762 = EDGE_CURVE ( 'NONE', #8554, #5894, #1308, .T. ) ;
#5763 = CIRCLE ( 'NONE', #9643, 0.1499999999999999667 ) ;
#5764 = CARTESIAN_POINT ( 'NONE',  ( 2.299999999999999822, -1.419999999999999929, -0.4999999999999997780 ) ) ;
#5765 = CARTESIAN_POINT ( 'NONE',  ( -1.245850953339394662, -0.1045182873262779366, 1.854386116430462250 ) ) ;
#5766 = FACE_OUTER_BOUND ( 'NONE', #5566, .T. ) ;
#5767 = EDGE_CURVE ( 'NONE', #8082, #10005, #9875, .T. ) ;
#5768 = CARTESIAN_POINT ( 'NONE',  ( 0.6006347602098603966, -0.1499999999999999667, -1.199999999999999956 ) ) ;
#5769 = ORIENTED_EDGE ( 'NONE', *, *, #5395, .F. ) ;
#5770 = CIRCLE ( 'NONE', #4131, 0.07999999999999998779 ) ;
#5771 = CIRCLE ( 'NONE', #7056, 0.2500000000000000000 ) ;
#5772 = EDGE_CURVE ( 'NONE', #5920, #2944, #1976, .T. ) ;
#5773 = DIRECTION ( 'NONE',  ( 0.1501478781677598739, -0.3292961744590264805, 0.9322122312909061348 ) ) ;
#5774 = PLANE ( 'NONE',  #4470 ) ;
#5775 = CARTESIAN_POINT ( 'NONE',  ( -1.917386645469348450, -0.1499999999999995226, -0.4218284553639135015 ) ) ;
#5776 = AXIS2_PLACEMENT_3D ( 'NONE', #8085, #7932, #1106 ) ;
#5777 = SURFACE_SIDE_STYLE ('',( #5009 ) ) ;
#5778 = FACE_OUTER_BOUND ( 'NONE', #1088, .T. ) ;
#5779 = CARTESIAN_POINT ( 'NONE',  ( -1.699999999999999734, -1.419999999999999929, 0.4999999999999997780 ) ) ;
#5780 = ORIENTED_EDGE ( 'NONE', *, *, #3654, .F. ) ;
#5781 = CARTESIAN_POINT ( 'NONE',  ( 1.917783065720394919, -0.6824105291607478474, -0.3918693390941137555 ) ) ;
#5782 = DIRECTION ( 'NONE',  ( 0.000000000000000000, 0.000000000000000000, -1.000000000000000000 ) ) ;
#5783 = ORIENTED_EDGE ( 'NONE', *, *, #7867, .F. ) ;
#5784 = VECTOR ( 'NONE', #1811, 1000.000000000000000 ) ;
#5785 = VECTOR ( 'NONE', #5413, 1000.000000000000000 ) ;
#5786 = EDGE_CURVE ( 'NONE', #9306, #7510, #7483, .T. ) ;
#5787 = DIRECTION ( 'NONE',  ( 0.000000000000000000, 0.000000000000000000, 1.000000000000000000 ) ) ;
#5788 = CARTESIAN_POINT ( 'NONE',  ( -1.922327165236373592, -0.7192660215762070042, 0.3390044396640408686 ) ) ;
#5789 = VERTEX_POINT ( 'NONE', #656 ) ;
#5790 = CARTESIAN_POINT ( 'NONE',  ( -1.499999999999999556, -1.269999999999999796, -1.099999999999999867 ) ) ;
#5791 = MECHANICAL_DESIGN_GEOMETRIC_PRESENTATION_REPRESENTATION (  '', ( #2207 ), #8438 ) ;
#5792 = ORIENTED_EDGE ( 'NONE', *, *, #4224, .F. ) ;
#5793 = ORIENTED_EDGE ( 'NONE', *, *, #4589, .T. ) ;
#5794 = ORIENTED_EDGE ( 'NONE', *, *, #534, .F. ) ;
#5795 = AXIS2_PLACEMENT_3D ( 'NONE', #5475, #7033, #1759 ) ;
#5796 = DIRECTION ( 'NONE',  ( -0.000000000000000000, -0.1605490890915466096, -0.9870278567456314267 ) ) ;
#5797 = CARTESIAN_POINT ( 'NONE',  ( -0.9237652542620762297, -0.1000000000000000056, -1.351033706287569469 ) ) ;
#5798 = CYLINDRICAL_SURFACE ( 'NONE', #2272, 0.2999999999999999334 ) ;
#5799 = PLANE ( 'NONE',  #7863 ) ;
#5800 = LINE ( 'NONE', #8129, #1455 ) ;
#5801 = DIRECTION ( 'NONE',  ( 0.000000000000000000, 0.000000000000000000, 1.000000000000000000 ) ) ;
#5803 = ORIENTED_EDGE ( 'NONE', *, *, #5265, .F. ) ;
#5802 = DIRECTION ( 'NONE',  ( 9.035018104045875625E-17, 0.000000000000000000, -1.000000000000000000 ) ) ;
#5804 = DIRECTION ( 'NONE',  ( -0.9888710284834038022, -0.1487752970965782462, -0.000000000000000000 ) ) ;
#5805 = ORIENTED_EDGE ( 'NONE', *, *, #6236, .F. ) ;
#5806 = AXIS2_PLACEMENT_3D ( 'NONE', #442, #9699, #4981 ) ;
#5807 = DIRECTION ( 'NONE',  ( -2.710505431213762564E-16, 0.000000000000000000, 1.000000000000000000 ) ) ;
#5808 = ORIENTED_EDGE ( 'NONE', *, *, #3273, .F. ) ;
#5809 = EDGE_CURVE ( 'NONE', #2069, #7537, #565, .T. ) ;
#5810 = ORIENTED_EDGE ( 'NONE', *, *, #3217, .T. ) ;
#5811 = ORIENTED_EDGE ( 'NONE', *, *, #9715, .T. ) ;
#5812 = CARTESIAN_POINT ( 'NONE',  ( 1.920725336924328674, -0.7096506070018766543, 0.3252409048719890339 ) ) ;
#5813 = ADVANCED_FACE ( 'NONE', ( #9864 ), #2903, .T. ) ;
#5814 = CARTESIAN_POINT ( 'NONE',  ( -1.900001432804958590, -1.419999999999999929, -1.099999999999999867 ) ) ;
#5815 = CARTESIAN_POINT ( 'NONE',  ( 0.6006347602098603966, -7.560171795458674460, -1.199999999999999956 ) ) ;
#5816 = DIRECTION ( 'NONE',  ( 0.000000000000000000, 0.000000000000000000, 1.000000000000000000 ) ) ;
#5817 = CARTESIAN_POINT ( 'NONE',  ( -1.224999999999999645, -1.100000000000000533, 2.132544935071782444 ) ) ;
#5818 = CIRCLE ( 'NONE', #6770, 0.1499999999999999667 ) ;
#5819 = CARTESIAN_POINT ( 'NONE',  ( -1.301148175457528255, -0.1868735732387498683, 1.326252853522497555 ) ) ;
#5820 = ORIENTED_EDGE ( 'NONE', *, *, #441, .F. ) ;
#5821 = EDGE_CURVE ( 'NONE', #8238, #7325, #2095, .T. ) ;
#5822 = AXIS2_PLACEMENT_3D ( 'NONE', #3352, #4318, #3510 ) ;
#5823 = LINE ( 'NONE', #1166, #6916 ) ;
#5824 = EDGE_CURVE ( 'NONE', #5920, #3977, #3625, .T. ) ;
#5825 = CARTESIAN_POINT ( 'NONE',  ( -1.918501613580710030, -0.6948700914675079998, 0.2993942391300370431 ) ) ;
#5826 = DIRECTION ( 'NONE',  ( -1.000000000000000000, 0.000000000000000000, 0.000000000000000000 ) ) ;
#5827 = CYLINDRICAL_SURFACE ( 'NONE', #2560, 0.04999999999999991257 ) ;
#5828 = CARTESIAN_POINT ( 'NONE',  ( 1.401148175457528344, -0.09999999999999961697, 0.7000000000000001776 ) ) ;
#5829 = LINE ( 'NONE', #4034, #2017 ) ;
#5830 = ORIENTED_EDGE ( 'NONE', *, *, #8545, .T. ) ;
#5831 = CARTESIAN_POINT ( 'NONE',  ( 1.499999999999999556, -1.269999999999999796, 1.099999999999999867 ) ) ;
#5832 = CARTESIAN_POINT ( 'NONE',  ( -2.017386645469349649, -0.3274871287541996079, -0.4498892483251178409 ) ) ;
#5833 = EDGE_CURVE ( 'NONE', #7593, #2799, #8190, .T. ) ;
#5834 = ORIENTED_EDGE ( 'NONE', *, *, #9483, .F. ) ;
#5835 = CARTESIAN_POINT ( 'NONE',  ( 2.299999999999999378, -1.419999999999999929, 1.100000000000000089 ) ) ;
#5836 = VECTOR ( 'NONE', #8310, 1000.000000000000000 ) ;
#5837 = CARTESIAN_POINT ( 'NONE',  ( -2.299999999999999822, -1.419999999999999929, -0.4999999999999995559 ) ) ;
#5838 = ORIENTED_EDGE ( 'NONE', *, *, #4033, .F. ) ;
#5839 = CARTESIAN_POINT ( 'NONE',  ( -1.867386645469348405, -0.09999999999999976963, 0.9886127665261834618 ) ) ;
#5840 = EDGE_CURVE ( 'NONE', #9512, #5122, #6712, .T. ) ;
#5841 = ORIENTED_EDGE ( 'NONE', *, *, #9689, .T. ) ;
#5842 = EDGE_CURVE ( 'NONE', #4007, #9893, #4424, .T. ) ;
#5843 = ORIENTED_EDGE ( 'NONE', *, *, #8902, .F. ) ;
#5844 = VECTOR ( 'NONE', #8869, 1000.000000000000000 ) ;
#5845 = ORIENTED_EDGE ( 'NONE', *, *, #3068, .F. ) ;
#5846 = CIRCLE ( 'NONE', #7129, 0.5000000000000000000 ) ;
#5847 = EDGE_CURVE ( 'NONE', #5696, #763, #6060, .T. ) ;
#5848 = DIRECTION ( 'NONE',  ( -1.694818351060767551E-32, -1.000000000000000000, 1.232595164407829304E-32 ) ) ;
#5849 = PLANE ( 'NONE',  #6578 ) ;
#5850 = DIRECTION ( 'NONE',  ( 0.000000000000000000, 1.000000000000000000, -0.000000000000000000 ) ) ;
#5851 = VECTOR ( 'NONE', #3250, 1000.000000000000000 ) ;
#5852 = DIRECTION ( 'NONE',  ( 0.000000000000000000, 1.000000000000000000, 0.000000000000000000 ) ) ;
#5853 = CARTESIAN_POINT ( 'NONE',  ( 1.194983577402405128, -0.1000000000000000056, 1.397023181841392958 ) ) ;
#5854 = VECTOR ( 'NONE', #61, 1000.000000000000000 ) ;
#5856 = EDGE_LOOP ( 'NONE', ( #1217, #5342, #969, #987, #6297, #1948 ) ) ;
#5855 = CARTESIAN_POINT ( 'NONE',  ( -0.4961224367392622625, -0.1499999999999998279, -1.399999999999999911 ) ) ;
#5857 = ADVANCED_FACE ( 'NONE', ( #9152 ), #9012, .T. ) ;
#5858 = LINE ( 'NONE', #8954, #9294 ) ;
#5859 = ORIENTED_EDGE ( 'NONE', *, *, #2412, .F. ) ;
#5860 = CARTESIAN_POINT ( 'NONE',  ( -1.699999999999999734, -1.269999999999999796, 0.4999999999999997780 ) ) ;
#5861 = ORIENTED_EDGE ( 'NONE', *, *, #2331, .F. ) ;
#5862 = ORIENTED_EDGE ( 'NONE', *, *, #8229, .T. ) ;
#5863 = ORIENTED_EDGE ( 'NONE', *, *, #3519, .T. ) ;
#5864 = CARTESIAN_POINT ( 'NONE',  ( 2.017386645469349649, -0.6727657640615657408, 0.3909983578806384141 ) ) ;
#5865 = CARTESIAN_POINT ( 'NONE',  ( -2.111012748687673302, -0.9137987518143190213, 0.3369225578399872023 ) ) ;
#5866 = CARTESIAN_POINT ( 'NONE',  ( -1.699999999999999734, -1.269999999999999796, 0.4999999999999997780 ) ) ;
#5867 = CARTESIAN_POINT ( 'NONE',  ( -1.224999999999999645, -0.4999999999999998890, 1.800000000000000044 ) ) ;
#5868 = DIRECTION ( 'NONE',  ( -0.000000000000000000, 0.000000000000000000, 1.000000000000000000 ) ) ;
#5869 = AXIS2_PLACEMENT_3D ( 'NONE', #5456, #7020, #3964 ) ;
#5870 = DIRECTION ( 'NONE',  ( 0.7071067811865479058, 2.157041537713700871E-32, 0.7071067811865472397 ) ) ;
#5871 = CARTESIAN_POINT ( 'NONE',  ( 1.224999999999999867, -0.5499999999999999334, 1.849999999999999867 ) ) ;
#5872 = ORIENTED_EDGE ( 'NONE', *, *, #6849, .T. ) ;
#5873 = EDGE_CURVE ( 'NONE', #1906, #6614, #6856, .T. ) ;
#5874 = AXIS2_PLACEMENT_3D ( 'NONE', #2124, #7603, #4360 ) ;
#5875 = DIRECTION ( 'NONE',  ( 1.000000000000000000, 0.000000000000000000, 1.805093951117126478E-16 ) ) ;
#5876 = PLANE ( 'NONE',  #9087 ) ;
#5877 = EDGE_CURVE ( 'NONE', #5696, #111, #6112, .T. ) ;
#5878 = PLANE ( 'NONE',  #4973 ) ;
#5879 = DIRECTION ( 'NONE',  ( -0.000000000000000000, -1.000000000000000000, 0.000000000000000000 ) ) ;
#5880 = LINE ( 'NONE', #5010, #8415 ) ;
#5881 = DIRECTION ( 'NONE',  ( 0.000000000000000000, -1.000000000000000000, 1.583310275509380931E-14 ) ) ;
#5882 = FACE_OUTER_BOUND ( 'NONE', #910, .T. ) ;
#5883 = CARTESIAN_POINT ( 'NONE',  ( 1.865324646435019273, -0.6160060395488425877, 0.4816873910456411223 ) ) ;
#5884 = CARTESIAN_POINT ( 'NONE',  ( 1.247506525768792729, -0.1053518612054350906, 2.090592626763283057 ) ) ;
#5885 = EDGE_CURVE ( 'NONE', #6287, #1298, #3575, .T. ) ;
#5886 = ORIENTED_EDGE ( 'NONE', *, *, #9396, .T. ) ;
#5887 = DIRECTION ( 'NONE',  ( -0.6804760118468757835, -0.7327703578209006086, -0.000000000000000000 ) ) ;
#5888 = EDGE_CURVE ( 'NONE', #5493, #4078, #9252, .T. ) ;
#5889 = CARTESIAN_POINT ( 'NONE',  ( -1.717386645469347606, -1.420000000000000151, 1.400000000000000133 ) ) ;
#5890 = VERTEX_POINT ( 'NONE', #4676 ) ;
#5891 = DIRECTION ( 'NONE',  ( 2.775557561562887653E-17, -1.232595164407829304E-32, -1.000000000000000000 ) ) ;
#5892 = ORIENTED_EDGE ( 'NONE', *, *, #945, .F. ) ;
#5893 = ADVANCED_FACE ( 'NONE', ( #4931 ), #345, .F. ) ;
#5894 = VERTEX_POINT ( 'NONE', #3350 ) ;
#5895 = B_SPLINE_CURVE_WITH_KNOTS ( 'NONE', 3,
 ( #6723, #4436, #719, #2868, #3731, #3014, #2916, #666, #2198, #3778 ),
 .UNSPECIFIED., .F., .F.,
 ( 4, 3, 3, 4 ),
 ( 0.000000000000000000, 3.848730360414642055E-05, 7.706982756200944282E-05, 9.093846203375279881E-05 ),
 .UNSPECIFIED. ) ;
#5896 = EDGE_CURVE ( 'NONE', #3119, #4950, #5595, .T. ) ;
#5897 = CARTESIAN_POINT ( 'NONE',  ( 1.899999999999999911, -1.420000000000000151, -1.199999999999999734 ) ) ;
#5898 = CARTESIAN_POINT ( 'NONE',  ( -1.993313560234078352, -0.06840148862727477019, -0.9886127665261839059 ) ) ;
#5899 = AXIS2_PLACEMENT_3D ( 'NONE', #713, #2395, #5300 ) ;
#5900 = FACE_OUTER_BOUND ( 'NONE', #5706, .T. ) ;
#5901 = DIRECTION ( 'NONE',  ( 0.000000000000000000, 0.000000000000000000, 1.000000000000000000 ) ) ;
#5902 = CARTESIAN_POINT ( 'NONE',  ( -1.699999999999999734, -1.269999999999999796, -0.5000000000000001110 ) ) ;
#5903 = ORIENTED_EDGE ( 'NONE', *, *, #9228, .T. ) ;
#5904 = CARTESIAN_POINT ( 'NONE',  ( 1.845392560103486179, -0.1000000000000000056, -1.399999999999999245 ) ) ;
#5905 = VERTEX_POINT ( 'NONE', #9495 ) ;
#5906 = DIRECTION ( 'NONE',  ( 0.000000000000000000, 1.000000000000000000, 0.000000000000000000 ) ) ;
#5907 = ORIENTED_EDGE ( 'NONE', *, *, #4427, .F. ) ;
#5908 = ORIENTED_EDGE ( 'NONE', *, *, #2081, .F. ) ;
#5909 = AXIS2_PLACEMENT_3D ( 'NONE', #9939, #2212, #8370 ) ;
#5910 = EDGE_LOOP ( 'NONE', ( #3042, #2980, #5250, #7276 ) ) ;
#5911 = ADVANCED_FACE ( 'NONE', ( #8838 ), #4826, .T. ) ;
#5912 = CARTESIAN_POINT ( 'NONE',  ( 1.919245802872732165, -0.7064228816755523388, 0.3761878563608317960 ) ) ;
#5913 = DIRECTION ( 'NONE',  ( -1.000000000000000000, -3.108046227791780219E-14, 0.000000000000000000 ) ) ;
#5914 = DIRECTION ( 'NONE',  ( -3.231698293335027359E-15, 0.9935718556765874565, 0.1132032137679068184 ) ) ;
#5915 = CARTESIAN_POINT ( 'NONE',  ( -1.499999999999999556, -1.269999999999999796, -0.6999999999999999556 ) ) ;
#5916 = AXIS2_PLACEMENT_3D ( 'NONE', #9832, #3735, #9930 ) ;
#5917 = LINE ( 'NONE', #860, #2005 ) ;
#5918 = CARTESIAN_POINT ( 'NONE',  ( -1.499999999999999556, -1.269999999999999796, -0.6999999999999999556 ) ) ;
#5919 = DIRECTION ( 'NONE',  ( 0.000000000000000000, 0.9876840514173279573, 0.1564615434407222450 ) ) ;
#5920 = VERTEX_POINT ( 'NONE', #8785 ) ;
#5921 = VERTEX_POINT ( 'NONE', #4056 ) ;
#5922 = SHAPE_REPRESENTATION ( 'KMS2x1GPxxx', ( #4387, #6651 ), #8279 ) ;
#5923 = VECTOR ( 'NONE', #1157, 1000.000000000000114 ) ;
#5924 = FACE_OUTER_BOUND ( 'NONE', #6414, .T. ) ;
#5925 = DIRECTION ( 'NONE',  ( -0.000000000000000000, -0.000000000000000000, 1.000000000000000000 ) ) ;
#5926 = CARTESIAN_POINT ( 'NONE',  ( -0.4961224367392622625, -0.1000000000000000056, 1.382258232211409421 ) ) ;
#5927 = CARTESIAN_POINT ( 'NONE',  ( -1.194983577402405128, 0.000000000000000000, 1.397023181841392958 ) ) ;
#5928 = CARTESIAN_POINT ( 'NONE',  ( 1.867386645469348405, -0.1499999999999996891, 0.9886127665261839059 ) ) ;
#5929 = LINE ( 'NONE', #2671, #4126 ) ;
#5930 = CARTESIAN_POINT ( 'NONE',  ( 2.299999999999999378, -1.269999999999999796, 1.100000000000000089 ) ) ;
#5931 = DIRECTION ( 'NONE',  ( 1.000000000000000000, 0.000000000000000000, 0.000000000000000000 ) ) ;
#5932 = CARTESIAN_POINT ( 'NONE',  ( 1.799402302898350348, 0.000000000000000000, -0.4218284553639131129 ) ) ;
#5933 = VECTOR ( 'NONE', #8076, 1000.000000000000000 ) ;
#5934 = ORIENTED_EDGE ( 'NONE', *, *, #2457, .F. ) ;
#5935 = EDGE_CURVE ( 'NONE', #9388, #8537, #1093, .T. ) ;
#5936 = DIRECTION ( 'NONE',  ( 0.7071067811865479058, -0.000000000000000000, 0.7071067811865471286 ) ) ;
#5937 = PRESENTATION_LAYER_ASSIGNMENT (  '', '', ( #6893 ) ) ;
#5938 = ADVANCED_FACE ( 'NONE', ( #4158 ), #5799, .F. ) ;
#5939 = LINE ( 'NONE', #589, #2982 ) ;
#5940 = ORIENTED_EDGE ( 'NONE', *, *, #2211, .F. ) ;
#5941 = CARTESIAN_POINT ( 'NONE',  ( -1.274999999999999911, -0.1499999999999998002, 0.7000000000000001776 ) ) ;
#5942 = ORIENTED_EDGE ( 'NONE', *, *, #2512, .F. ) ;
#5943 = AXIS2_PLACEMENT_3D ( 'NONE', #2690, #6500, #3403 ) ;
#5944 = CARTESIAN_POINT ( 'NONE',  ( -0.4961224367392622625, -0.1000000000000000056, -1.351033706287569469 ) ) ;
#5945 = EDGE_LOOP ( 'NONE', ( #9712, #7005, #4568, #8613 ) ) ;
#5946 = EDGE_CURVE ( 'NONE', #9790, #9952, #9731, .T. ) ;
#5947 = CARTESIAN_POINT ( 'NONE',  ( -1.845392560103486179, -0.1000000000000000056, -1.138612766526183817 ) ) ;
#5948 = DIRECTION ( 'NONE',  ( -1.000000000000000000, 0.000000000000000000, 0.000000000000000000 ) ) ;
#5949 = EDGE_CURVE ( 'NONE', #1878, #6107, #3969, .T. ) ;
#5950 = DIRECTION ( 'NONE',  ( 0.000000000000000000, 0.000000000000000000, -1.000000000000000000 ) ) ;
#5951 = AXIS2_PLACEMENT_3D ( 'NONE', #8696, #7884, #5611 ) ;
#5952 = FACE_OUTER_BOUND ( 'NONE', #1998, .T. ) ;
#5953 = CARTESIAN_POINT ( 'NONE',  ( 0.4961224367392622625, -1.157941351547630893, -1.317018251800484707 ) ) ;
#5954 = ORIENTED_EDGE ( 'NONE', *, *, #9210, .T. ) ;
#5955 = CARTESIAN_POINT ( 'NONE',  ( 1.215547112698950105, -0.1059510485961456666, 2.122810881604145994 ) ) ;
#5956 = ORIENTED_EDGE ( 'NONE', *, *, #3616, .F. ) ;
#5957 = CARTESIAN_POINT ( 'NONE',  ( -1.699999999999999734, -7.560171795458674460, -1.400000000000000133 ) ) ;
#5958 = ORIENTED_EDGE ( 'NONE', *, *, #3779, .F. ) ;
#5959 = EDGE_CURVE ( 'NONE', #7373, #4566, #4984, .T. ) ;
#5960 = B_SPLINE_CURVE_WITH_KNOTS ( 'NONE', 3,
 ( #6700, #9808, #2843, #2483, #6340, #4666, #8424, #1493, #2433, #3801, #1588, #9383, #5490, #7711, #100, #7762, #190, #7100, #10004 ),
 .UNSPECIFIED., .F., .F.,
 ( 4, 3, 3, 3, 3, 3, 4 ),
 ( 2.570839743643759491E-18, 1.544858951580761454E-05, 3.010384374012136578E-05, 4.560926634118788408E-05, 6.011284459612616749E-05, 7.500935082713445980E-05, 8.980705738468674028E-05 ),
 .UNSPECIFIED. ) ;
#5961 = VERTEX_POINT ( 'NONE', #9544 ) ;
#5962 = ORIENTED_EDGE ( 'NONE', *, *, #900, .T. ) ;
#5963 = VECTOR ( 'NONE', #219, 1000.000000000000000 ) ;
#5964 = FACE_OUTER_BOUND ( 'NONE', #387, .T. ) ;
#5965 = DIRECTION ( 'NONE',  ( 0.000000000000000000, 0.000000000000000000, -1.000000000000000000 ) ) ;
#5966 = CARTESIAN_POINT ( 'NONE',  ( -1.917386645469349782, -0.8062041643883313125, 0.3720215534283638492 ) ) ;
#5967 = CARTESIAN_POINT ( 'NONE',  ( -2.217386645469349826, -0.3650180178729041658, 0.2774175960637573213 ) ) ;
#5968 = VECTOR ( 'NONE', #8759, 1000.000000000000000 ) ;
#5969 = CARTESIAN_POINT ( 'NONE',  ( -2.035410861894217938, -0.7479927983318898077, 0.9157532022455918685 ) ) ;
#5970 = LINE ( 'NONE', #2004, #8093 ) ;
#5971 = FACE_OUTER_BOUND ( 'NONE', #3398, .T. ) ;
#5972 = ORIENTED_EDGE ( 'NONE', *, *, #8043, .T. ) ;
#5973 = ADVANCED_FACE ( 'NONE', ( #6503 ), #3509, .F. ) ;
#5974 = ORIENTED_EDGE ( 'NONE', *, *, #7790, .T. ) ;
#5975 = B_SPLINE_SURFACE_WITH_KNOTS ( 'NONE', 1, 3, ( 
 ( #9470, #8559, #7084, #3885 ),
 ( #4081, #2413, #265, #9273 ),
 ( #1573, #9369, #7133, #3224 ) ),
 .UNSPECIFIED., .F., .F., .F.,
 ( 2, 1, 2 ),
 ( 4, 4 ),
 ( -0.01000000000000000021, 0.000000000000000000, 1.000000000000000000 ),
 ( 0.000000000000000000, 1.000000000000000000 ),
 .UNSPECIFIED. ) ;
#5976 = EDGE_CURVE ( 'NONE', #7616, #3664, #8280, .T. ) ;
#5977 = LINE ( 'NONE', #2866, #5032 ) ;
#5978 = CYLINDRICAL_SURFACE ( 'NONE', #8690, 0.2000000000000003164 ) ;
#5979 = VECTOR ( 'NONE', #6372, 1000.000000000000000 ) ;
#5980 = CARTESIAN_POINT ( 'NONE',  ( 2.217386645469349826, -0.6650180178729041547, -1.510468355502019744 ) ) ;
#5981 = DIRECTION ( 'NONE',  ( -3.210413239761970931E-15, 0.9870278567456314267, -0.1605490890915466096 ) ) ;
#5982 = CARTESIAN_POINT ( 'NONE',  ( -1.250000000000000000, -0.05000000000000002359, 1.875000000000000222 ) ) ;
#5983 = PLANE ( 'NONE',  #5512 ) ;
#5984 = CARTESIAN_POINT ( 'NONE',  ( 1.245288977611590742, -0.1042731241406349846, 2.096411787867289434 ) ) ;
#5985 = ORIENTED_EDGE ( 'NONE', *, *, #3632, .F. ) ;
#5986 = AXIS2_PLACEMENT_3D ( 'NONE', #9213, #6125, #8401 ) ;
#5987 = DIRECTION ( 'NONE',  ( -0.000000000000000000, -0.000000000000000000, -1.000000000000000000 ) ) ;
#5988 = CARTESIAN_POINT ( 'NONE',  ( 1.867386645469348405, -0.1499999999999996891, 0.4218284553639134460 ) ) ;
#5989 = ADVANCED_FACE ( 'NONE', ( #1990 ), #9758, .T. ) ;
#5990 = CARTESIAN_POINT ( 'NONE',  ( 1.499999999999999556, -1.269999999999999796, 0.6999999999999999556 ) ) ;
#5991 = ORIENTED_EDGE ( 'NONE', *, *, #1750, .T. ) ;
#5992 = LINE ( 'NONE', #4358, #4952 ) ;
#5993 = AXIS2_PLACEMENT_3D ( 'NONE', #3688, #3787, #9887 ) ;
#5994 = VECTOR ( 'NONE', #6638, 1000.000000000000227 ) ;
#5995 = CARTESIAN_POINT ( 'NONE',  ( 1.917386645469349560, -0.4676805559526494016, -0.02182845536391307684 ) ) ;
#5996 = ORIENTED_EDGE ( 'NONE', *, *, #5433, .T. ) ;
#5997 = EDGE_CURVE ( 'NONE', #726, #7593, #7612, .T. ) ;
#5998 = AXIS2_PLACEMENT_3D ( 'NONE', #3815, #8299, #4576 ) ;
#5999 = LINE ( 'NONE', #2076, #3685 ) ;
#6000 = CARTESIAN_POINT ( 'NONE',  ( -1.874902483338234394, 1.919586209233793593E-16, -1.048114122931342873 ) ) ;
#6001 = DIRECTION ( 'NONE',  ( 0.000000000000000000, 0.000000000000000000, 1.000000000000000000 ) ) ;
#6002 = DIRECTION ( 'NONE',  ( 1.000000000000000000, 0.000000000000000000, 0.000000000000000000 ) ) ;
#6003 = CARTESIAN_POINT ( 'NONE',  ( -0.4031328269139799469, -0.1000000000000000056, 1.284067340000763613 ) ) ;
#6004 = CARTESIAN_POINT ( 'NONE',  ( -1.921583217335035565, -0.7150698465097159451, -0.3703229432683886047 ) ) ;
#6005 = ORIENTED_EDGE ( 'NONE', *, *, #4801, .F. ) ;
#6006 = AXIS2_PLACEMENT_3D ( 'NONE', #9329, #4655, #7042 ) ;
#6007 = VERTEX_POINT ( 'NONE', #3558 ) ;
#6008 = AXIS2_PLACEMENT_3D ( 'NONE', #5871, #1905, #3427 ) ;
#6009 = LINE ( 'NONE', #747, #7485 ) ;
#6010 = ORIENTED_EDGE ( 'NONE', *, *, #7672, .F. ) ;
#6011 = ORIENTED_EDGE ( 'NONE', *, *, #1275, .T. ) ;
#6012 = ADVANCED_FACE ( 'NONE', ( #5285 ), #2174, .F. ) ;
#6013 = ORIENTED_EDGE ( 'NONE', *, *, #2196, .F. ) ;
#6014 = CARTESIAN_POINT ( 'NONE',  ( 1.224999999999999867, -0.4499999999999999001, 0.7500000000000002220 ) ) ;
#6015 = CIRCLE ( 'NONE', #1008, 0.5000000000000000000 ) ;
#6016 = LINE ( 'NONE', #1307, #3584 ) ;
#6017 = AXIS2_PLACEMENT_3D ( 'NONE', #4896, #1901, #6463 ) ;
#6018 = DIRECTION ( 'NONE',  ( -0.000000000000000000, -1.000000000000000000, -0.000000000000000000 ) ) ;
#6019 = DIRECTION ( 'NONE',  ( 0.000000000000000000, 0.000000000000000000, -1.000000000000000000 ) ) ;
#6020 = EDGE_CURVE ( 'NONE', #7983, #4580, #1491, .T. ) ;
#6022 = ORIENTED_EDGE ( 'NONE', *, *, #1044, .F. ) ;
#6021 = CARTESIAN_POINT ( 'NONE',  ( 1.699999999999999734, -1.419999999999999929, 0.4999999999999997780 ) ) ;
#6023 = DIRECTION ( 'NONE',  ( -0.000000000000000000, -1.000000000000000000, 9.346570452461245599E-18 ) ) ;
#6024 = CARTESIAN_POINT ( 'NONE',  ( 1.344983577402405039, -0.1000000000000000056, 1.400000000000000355 ) ) ;
#6025 = DIRECTION ( 'NONE',  ( 1.000000000000000000, 0.000000000000000000, 0.000000000000000000 ) ) ;
#6026 = VECTOR ( 'NONE', #7468, 1000.000000000000000 ) ;
#6027 = VERTEX_POINT ( 'NONE', #97 ) ;
#6028 = LINE ( 'NONE', #1320, #4700 ) ;
#6029 = AXIS2_PLACEMENT_3D ( 'NONE', #3565, #3413, #9708 ) ;
#6030 = CARTESIAN_POINT ( 'NONE',  ( 1.224999999999999867, -0.09999999999999976963, 2.149999999999999911 ) ) ;
#6031 = ADVANCED_FACE ( 'NONE', ( #3140 ), #8825, .T. ) ;
#6032 = LINE ( 'NONE', #6678, #8073 ) ;
#6033 = FACE_OUTER_BOUND ( 'NONE', #3998, .T. ) ;
#6034 = CARTESIAN_POINT ( 'NONE',  ( -0.9749999999999999778, -1.719999999999999085, 0.3750000000000000000 ) ) ;
#6035 = LINE ( 'NONE', #8358, #2089 ) ;
#6036 = ORIENTED_EDGE ( 'NONE', *, *, #4953, .F. ) ;
#6037 = VERTEX_POINT ( 'NONE', #4864 ) ;
#6038 = CIRCLE ( 'NONE', #6998, 0.5000000000000000000 ) ;
#6039 = DIRECTION ( 'NONE',  ( 0.000000000000000000, 0.1564615434407232719, -0.9876840514173279573 ) ) ;
#6040 = LINE ( 'NONE', #9222, #4 ) ;
#6041 = EDGE_CURVE ( 'NONE', #1298, #7114, #1248, .T. ) ;
#6042 = CARTESIAN_POINT ( 'NONE',  ( -1.715862279209794172, -0.1024644999893361552, 1.366482065140470770 ) ) ;
#6043 = ORIENTED_EDGE ( 'NONE', *, *, #9715, .F. ) ;
#6044 = LINE ( 'NONE', #7404, #1079 ) ;
#6045 = ORIENTED_EDGE ( 'NONE', *, *, #5277, .T. ) ;
#6046 = LINE ( 'NONE', #1387, #9987 ) ;
#6047 = CARTESIAN_POINT ( 'NONE',  ( 0.2464402437188722428, -0.1000000000000000056, 1.118610311246403866 ) ) ;
#6048 = CARTESIAN_POINT ( 'NONE',  ( -0.2464402437188723538, 0.000000000000000000, 1.346488774451193748 ) ) ;
#6049 = EDGE_CURVE ( 'NONE', #4007, #4746, #1183, .T. ) ;
#6050 = CARTESIAN_POINT ( 'NONE',  ( -2.217386645469349826, -0.4650180178729040881, -0.2774175960637573213 ) ) ;
#6051 = EDGE_LOOP ( 'NONE', ( #7403, #3931, #6155, #324 ) ) ;
#6052 = ORIENTED_EDGE ( 'NONE', *, *, #5306, .T. ) ;
#6053 = CARTESIAN_POINT ( 'NONE',  ( 1.917386645469348450, -0.1499999999999995226, -0.9886127665261839059 ) ) ;
#6054 = ORIENTED_EDGE ( 'NONE', *, *, #218, .T. ) ;
#6055 = EDGE_LOOP ( 'NONE', ( #9860, #3282, #1829, #5288 ) ) ;
#6056 = ORIENTED_EDGE ( 'NONE', *, *, #7981, .F. ) ;
#6057 = ADVANCED_FACE ( 'NONE', ( #3692 ), #7354, .F. ) ;
#6058 = CARTESIAN_POINT ( 'NONE',  ( 1.921032502045325607, -0.7177017930382219024, 0.3599183875473372374 ) ) ;
#6059 = CARTESIAN_POINT ( 'NONE',  ( 1.243599943664634555, -0.1035309332452217512, 1.849982082716851606 ) ) ;
#6060 = LINE ( 'NONE', #7530, #3751 ) ;
#6061 = FACE_OUTER_BOUND ( 'NONE', #3942, .T. ) ;
#6062 = EDGE_CURVE ( 'NONE', #8766, #2136, #927, .T. ) ;
#6063 = ORIENTED_EDGE ( 'NONE', *, *, #5100, .T. ) ;
#6064 = PLANE ( 'NONE',  #7189 ) ;
#6065 = AXIS2_PLACEMENT_3D ( 'NONE', #9500, #7979, #6454 ) ;
#6066 = CARTESIAN_POINT ( 'NONE',  ( 1.200000000000000178, -0.05000000000000002359, 2.075000000000000178 ) ) ;
#6067 = VERTEX_POINT ( 'NONE', #86 ) ;
#6068 = ORIENTED_EDGE ( 'NONE', *, *, #4075, .F. ) ;
#6069 = ADVANCED_FACE ( 'NONE', ( #7747 ), #6835, .F. ) ;
#6070 = AXIS2_PLACEMENT_3D ( 'NONE', #2264, #2369, #1528 ) ;
#6071 = CARTESIAN_POINT ( 'NONE',  ( -1.499999999999999556, -1.419999999999999929, 1.099999999999999867 ) ) ;
#6072 = CARTESIAN_POINT ( 'NONE',  ( 2.018129957543590258, -0.6849194002693050898, -0.2993942391300328798 ) ) ;
#6073 = EDGE_CURVE ( 'NONE', #5668, #7067, #2368, .T. ) ;
#6074 = DIRECTION ( 'NONE',  ( 0.9098789178756583329, 0.4148739022949275435, -2.943412087263099111E-16 ) ) ;
#6075 = CARTESIAN_POINT ( 'NONE',  ( -2.017386645469349649, -0.4676805559526472367, 0.4218284553639131129 ) ) ;
#6076 = LINE ( 'NONE', #9125, #5020 ) ;
#6077 = AXIS2_PLACEMENT_3D ( 'NONE', #2656, #4172, #6567 ) ;
#6078 = ORIENTED_EDGE ( 'NONE', *, *, #8568, .T. ) ;
#6079 = ORIENTED_EDGE ( 'NONE', *, *, #5465, .F. ) ;
#6080 = EDGE_CURVE ( 'NONE', #5531, #4090, #2315, .T. ) ;
#6081 = CARTESIAN_POINT ( 'NONE',  ( -1.499999999999999556, -1.269999999999999796, -0.6999999999999999556 ) ) ;
#6082 = CARTESIAN_POINT ( 'NONE',  ( -2.017386645469349205, -0.6650180178729042657, 0.3949867687062137978 ) ) ;
#6083 = AXIS2_PLACEMENT_3D ( 'NONE', #6491, #4045, #6439 ) ;
#6084 = FACE_BOUND ( 'NONE', #6177, .T. ) ;
#6085 = CARTESIAN_POINT ( 'NONE',  ( 2.020900731662613747, -0.7033360212154934343, -0.3376754126025750535 ) ) ;
#6086 = CARTESIAN_POINT ( 'NONE',  ( 1.920725336924328674, -0.7096506070018766543, 0.3252409048719890339 ) ) ;
#6087 = ORIENTED_EDGE ( 'NONE', *, *, #2376, .F. ) ;
#6088 = DIRECTION ( 'NONE',  ( -0.7071067811865477948, -3.274080905458298213E-33, 0.7071067811865472397 ) ) ;
#6089 = UNCERTAINTY_MEASURE_WITH_UNIT (LENGTH_MEASURE( 1.000000000000000082E-05 ), #2404, 'distance_accuracy_value', 'NONE');
#6090 = LINE ( 'NONE', #9229, #4404 ) ;
#6091 = ORIENTED_EDGE ( 'NONE', *, *, #6487, .T. ) ;
#6092 = ADVANCED_FACE ( 'NONE', ( #3078 ), #3178, .T. ) ;
#6093 = CIRCLE ( 'NONE', #9169, 0.1499999999999999667 ) ;
#6094 = AXIS2_PLACEMENT_3D ( 'NONE', #3125, #4497, #8562 ) ;
#6095 = AXIS2_PLACEMENT_3D ( 'NONE', #6686, #2731, #1232 ) ;
#6096 = ADVANCED_FACE ( 'NONE', ( #680 ), #132, .F. ) ;
#6097 = CARTESIAN_POINT ( 'NONE',  ( -1.699999999999999734, -1.269999999999999796, -0.4999999999999997780 ) ) ;
#6098 = DIRECTION ( 'NONE',  ( 0.000000000000000000, 0.000000000000000000, -1.000000000000000000 ) ) ;
#6099 = DIRECTION ( 'NONE',  ( 0.000000000000000000, 0.000000000000000000, 1.000000000000000000 ) ) ;
#6100 = CARTESIAN_POINT ( 'NONE',  ( 1.944422970106653326, -0.7894801885613826897, -0.9157532022455918685 ) ) ;
#6101 = AXIS2_PLACEMENT_3D ( 'NONE', #9914, #2756, #6710 ) ;
#6102 = CARTESIAN_POINT ( 'NONE',  ( -1.922050958506934304, -0.7177136724037884719, -0.3359286583222109712 ) ) ;
#6103 = VERTEX_POINT ( 'NONE', #7802 ) ;
#6104 = ORIENTED_EDGE ( 'NONE', *, *, #5387, .T. ) ;
#6105 = CYLINDRICAL_SURFACE ( 'NONE', #8772, 0.04999999999999991257 ) ;
#6106 = VERTEX_POINT ( 'NONE', #2978 ) ;
#6107 = VERTEX_POINT ( 'NONE', #3744 ) ;
#6108 = VECTOR ( 'NONE', #6630, 1000.000000000000000 ) ;
#6109 = DIRECTION ( 'NONE',  ( 0.000000000000000000, 0.000000000000000000, 1.000000000000000000 ) ) ;
#6110 = CARTESIAN_POINT ( 'NONE',  ( -1.850000000000000089, -0.1000000000000000472, -1.199999999999999956 ) ) ;
#6111 = CARTESIAN_POINT ( 'NONE',  ( -4.336808689942017736E-16, -1.419999999999999929, -1.192622389734054877E-15 ) ) ;
#6112 = LINE ( 'NONE', #4331, #708 ) ;
#6113 = CARTESIAN_POINT ( 'NONE',  ( -2.217386645469349826, -0.8650180178729043323, -0.7718015200835192102 ) ) ;
#6114 = ORIENTED_EDGE ( 'NONE', *, *, #1671, .F. ) ;
#6115 = ADVANCED_FACE ( 'NONE', ( #7697 ), #8703, .F. ) ;
#6116 = CARTESIAN_POINT ( 'NONE',  ( -1.899999999999999689, -0.6548169886614644275, 0.3499999999999999778 ) ) ;
#6117 = VERTEX_POINT ( 'NONE', #2263 ) ;
#6118 = DIRECTION ( 'NONE',  ( -1.000000000000000000, 0.000000000000000000, 0.000000000000000000 ) ) ;
#6119 = ORIENTED_EDGE ( 'NONE', *, *, #9639, .F. ) ;
#6120 = EDGE_LOOP ( 'NONE', ( #8779, #3462, #195, #5132, #8212, #2028 ) ) ;
#6121 = ADVANCED_FACE ( 'NONE', ( #5374 ), #4032, .F. ) ;
#6122 = CARTESIAN_POINT ( 'NONE',  ( 1.717386645469347606, -7.560171795458674460, 1.400000000000000133 ) ) ;
#6123 = VECTOR ( 'NONE', #9674, 1000.000000000000000 ) ;
#6124 = CARTESIAN_POINT ( 'NONE',  ( -1.700001432804958412, -1.420000000000000151, 1.200757046848291099 ) ) ;
#6125 = DIRECTION ( 'NONE',  ( -0.9098789178756583329, 0.4148739022949274324, 0.000000000000000000 ) ) ;
#6126 = LINE ( 'NONE', #9214, #5514 ) ;
#6127 = EDGE_CURVE ( 'NONE', #2895, #3080, #8611, .T. ) ;
#6128 = DIRECTION ( 'NONE',  ( 1.445602896647337339E-15, 0.000000000000000000, -1.000000000000000000 ) ) ;
#6129 = ORIENTED_EDGE ( 'NONE', *, *, #8466, .T. ) ;
#6130 = ORIENTED_EDGE ( 'NONE', *, *, #8802, .F. ) ;
#6131 = ORIENTED_EDGE ( 'NONE', *, *, #31, .F. ) ;
#6132 = EDGE_CURVE ( 'NONE', #7261, #4007, #1070, .T. ) ;
#6133 = AXIS2_PLACEMENT_3D ( 'NONE', #1182, #8061, #3445 ) ;
#6134 = CARTESIAN_POINT ( 'NONE',  ( 0.4961224367392622625, -1.178293477248595122, -1.515980034511265950 ) ) ;
#6135 = DIRECTION ( 'NONE',  ( 0.000000000000000000, 0.000000000000000000, 1.000000000000000000 ) ) ;
#6136 = DIRECTION ( 'NONE',  ( 0.000000000000000000, 1.000000000000000000, -5.421010862427520198E-16 ) ) ;
#6137 = EDGE_CURVE ( 'NONE', #961, #6318, #181, .T. ) ;
#6138 = DIRECTION ( 'NONE',  ( 9.035018104045875625E-17, 0.000000000000000000, -1.000000000000000000 ) ) ;
#6139 = ORIENTED_EDGE ( 'NONE', *, *, #9371, .F. ) ;
#6140 = CARTESIAN_POINT ( 'NONE',  ( -1.499999999999999334, -1.269999999999999796, -0.6999999999999998446 ) ) ;
#6141 = CARTESIAN_POINT ( 'NONE',  ( 1.220514576352601521, -0.1049015061227382140, 2.120890930739477209 ) ) ;
#6142 = VECTOR ( 'NONE', #3757, 1000.000000000000000 ) ;
#6143 = DIRECTION ( 'NONE',  ( 0.000000000000000000, 0.000000000000000000, -1.000000000000000000 ) ) ;
#6144 = CARTESIAN_POINT ( 'NONE',  ( -1.499999999999999556, -1.419999999999999929, 0.6999999999999999556 ) ) ;
#6145 = DIRECTION ( 'NONE',  ( 3.252606517456510147E-15, -1.000000000000000000, 0.000000000000000000 ) ) ;
#6146 = EDGE_CURVE ( 'NONE', #9801, #7968, #175, .T. ) ;
#6147 = DIRECTION ( 'NONE',  ( 1.000000000000000000, 0.000000000000000000, 2.166632114861838388E-15 ) ) ;
#6148 = EDGE_CURVE ( 'NONE', #1446, #7510, #2522, .T. ) ;
#6149 = CARTESIAN_POINT ( 'NONE',  ( 1.224999999999999867, -1.100000000000000089, 2.083410071915997808 ) ) ;
#6150 = VERTEX_POINT ( 'NONE', #4804 ) ;
#6151 = VERTEX_POINT ( 'NONE', #8654 ) ;
#6152 = CARTESIAN_POINT ( 'NONE',  ( 0.4961224367392622625, -1.147765288697149222, -1.217537360445094086 ) ) ;
#6153 = ORIENTED_EDGE ( 'NONE', *, *, #2883, .F. ) ;
#6154 = VECTOR ( 'NONE', #9931, 1000.000000000000000 ) ;
#6155 = ORIENTED_EDGE ( 'NONE', *, *, #4465, .F. ) ;
#6156 = CARTESIAN_POINT ( 'NONE',  ( 0.9749999999999999778, -1.919999999999999929, 0.7500000000000000000 ) ) ;
#6157 = CARTESIAN_POINT ( 'NONE',  ( 2.217386645469349826, -0.3650180178729041658, 0.2774175960637573213 ) ) ;
#6158 = EDGE_CURVE ( 'NONE', #2737, #9127, #7427, .T. ) ;
#6159 = AXIS2_PLACEMENT_3D ( 'NONE', #427, #2624, #2574 ) ;
#6160 = CARTESIAN_POINT ( 'NONE',  ( -2.046438855984251237, -0.9730430416608571997, -0.5089130437326920831 ) ) ;
#6161 = CIRCLE ( 'NONE', #3881, 0.2999999999999999334 ) ;
#6162 = EDGE_LOOP ( 'NONE', ( #1459, #9327, #6013, #6011 ) ) ;
#6163 = CARTESIAN_POINT ( 'NONE',  ( 0.000000000000000000, -0.1999999999999998168, 1.654961434174603285 ) ) ;
#6164 = ORIENTED_EDGE ( 'NONE', *, *, #4384, .T. ) ;
#6165 = CARTESIAN_POINT ( 'NONE',  ( -2.020024856900106691, -0.9552861420438115703, -0.3369225578399879795 ) ) ;
#6166 = ORIENTED_EDGE ( 'NONE', *, *, #7200, .T. ) ;
#6167 = ORIENTED_EDGE ( 'NONE', *, *, #5143, .F. ) ;
#6168 = CARTESIAN_POINT ( 'NONE',  ( 1.903050222301859495, -0.003762531093273713788, 0.4150096109707759884 ) ) ;
#6169 = AXIS2_PLACEMENT_3D ( 'NONE', #3589, #4584, #6676 ) ;
#6170 = CARTESIAN_POINT ( 'NONE',  ( 1.224999999999999867, -1.050000000000000044, 2.083410071915997808 ) ) ;
#6171 = DIRECTION ( 'NONE',  ( 0.000000000000000000, 0.000000000000000000, 1.000000000000000000 ) ) ;
#6172 = CARTESIAN_POINT ( 'NONE',  ( 1.867386645469348405, -0.1499999999999996891, -0.4218284553639131129 ) ) ;
#6173 = AXIS2_PLACEMENT_3D ( 'NONE', #198, #4729, #2390 ) ;
#6174 = DIRECTION ( 'NONE',  ( 0.000000000000000000, 0.000000000000000000, -1.000000000000000000 ) ) ;
#6175 = EDGE_CURVE ( 'NONE', #8394, #5961, #5730, .T. ) ;
#6176 = VECTOR ( 'NONE', #3177, 999.9999999999998863 ) ;
#6177 = EDGE_LOOP ( 'NONE', ( #5743, #5510 ) ) ;
#6178 = ORIENTED_EDGE ( 'NONE', *, *, #1806, .T. ) ;
#6179 = ORIENTED_EDGE ( 'NONE', *, *, #6294, .T. ) ;
#6180 = AXIS2_PLACEMENT_3D ( 'NONE', #8639, #20, #5515 ) ;
#6181 = DIRECTION ( 'NONE',  ( 0.000000000000000000, -9.346570452461245599E-18, -1.000000000000000000 ) ) ;
#6182 = CARTESIAN_POINT ( 'NONE',  ( 1.301148175457528033, -0.1999999999999999833, 1.300000000000000266 ) ) ;
#6183 = CARTESIAN_POINT ( 'NONE',  ( -1.917386645469349782, -0.5000000000000000000, -1.510468355502019744 ) ) ;
#6184 = DIRECTION ( 'NONE',  ( 1.445602896647339311E-15, 0.000000000000000000, -1.000000000000000000 ) ) ;
#6185 = ORIENTED_EDGE ( 'NONE', *, *, #7561, .T. ) ;
#6186 = EDGE_CURVE ( 'NONE', #3713, #4628, #4853, .T. ) ;
#6187 = CARTESIAN_POINT ( 'NONE',  ( 1.301148175457528033, -0.1999999999999999833, 0.7000000000000001776 ) ) ;
#6188 = DIRECTION ( 'NONE',  ( 1.000000000000000000, 3.252606517456514091E-15, 0.000000000000000000 ) ) ;
#6189 = AXIS2_PLACEMENT_3D ( 'NONE', #1793, #4887, #7982 ) ;
#6190 =( NAMED_UNIT ( * ) SI_UNIT ( $, .STERADIAN. ) SOLID_ANGLE_UNIT ( ) );
#6191 = ORIENTED_EDGE ( 'NONE', *, *, #2709, .T. ) ;
#6192 = ADVANCED_FACE ( 'NONE', ( #1119 ), #2417, .F. ) ;
#6193 = AXIS2_PLACEMENT_3D ( 'NONE', #4097, #7208, #1827 ) ;
#6194 = CARTESIAN_POINT ( 'NONE',  ( -0.9749999999999999778, -1.919999999999999929, 0.7500000000000000000 ) ) ;
#6195 = FACE_OUTER_BOUND ( 'NONE', #9955, .T. ) ;
#6196 = CARTESIAN_POINT ( 'NONE',  ( -1.218856829604396896, -0.1052403652379883398, 2.121436900906903844 ) ) ;
#6197 = CARTESIAN_POINT ( 'NONE',  ( -1.974752267255019067, -0.7756510585369248423, -0.9157532022455934229 ) ) ;
#6198 = ADVANCED_FACE ( 'NONE', ( #2472 ), #1861, .T. ) ;
#6199 = FACE_OUTER_BOUND ( 'NONE', #7931, .T. ) ;
#6200 = ORIENTED_EDGE ( 'NONE', *, *, #2577, .F. ) ;
#6201 = PLANE ( 'NONE',  #8959 ) ;
#6202 = EDGE_LOOP ( 'NONE', ( #5619, #7927, #7199, #2612 ) ) ;
#6203 = ORIENTED_EDGE ( 'NONE', *, *, #8378, .F. ) ;
#6204 = EDGE_CURVE ( 'NONE', #9160, #6657, #6424, .T. ) ;
#6205 = CARTESIAN_POINT ( 'NONE',  ( -1.799402302898350348, -0.1000000000000000056, -0.2718284553639134793 ) ) ;
#6206 = CARTESIAN_POINT ( 'NONE',  ( 2.750719978802683929, -0.3983513512062374917, 0.2774175960637573213 ) ) ;
#6207 = CARTESIAN_POINT ( 'NONE',  ( 1.845392560103486179, 0.000000000000000000, 1.399999999999999245 ) ) ;
#6208 = CARTESIAN_POINT ( 'NONE',  ( -1.617386645469349959, -0.3650180178729041658, 0.2774175960637573213 ) ) ;
#6209 = DIRECTION ( 'NONE',  ( 0.000000000000000000, 1.000000000000000000, 0.000000000000000000 ) ) ;
#6211 = ORIENTED_EDGE ( 'NONE', *, *, #879, .T. ) ;
#6210 = DIRECTION ( 'NONE',  ( 0.000000000000000000, 1.000000000000000000, 0.000000000000000000 ) ) ;
#6212 = CARTESIAN_POINT ( 'NONE',  ( 0.000000000000000000, -0.1999999999999998168, 1.208497736014245927 ) ) ;
#6213 = ORIENTED_EDGE ( 'NONE', *, *, #4619, .T. ) ;
#6214 = LINE ( 'NONE', #9968, #9890 ) ;
#6215 = ORIENTED_EDGE ( 'NONE', *, *, #9957, .F. ) ;
#6216 = ORIENTED_EDGE ( 'NONE', *, *, #1826, .F. ) ;
#6217 = EDGE_CURVE ( 'NONE', #6037, #8981, #8052, .T. ) ;
#6218 = CARTESIAN_POINT ( 'NONE',  ( 1.899999999999999467, -0.6548169886614642055, 0.3500000000000000333 ) ) ;
#6219 =( NAMED_UNIT ( * ) PLANE_ANGLE_UNIT ( ) SI_UNIT ( $, .RADIAN. ) );
#6220 = DIRECTION ( 'NONE',  ( 0.000000000000000000, 0.1564615434407225780, -0.9876840514173279573 ) ) ;
#6221 = CIRCLE ( 'NONE', #419, 0.1499999999999999944 ) ;
#6222 = CARTESIAN_POINT ( 'NONE',  ( 1.910795341982086226, -0.006045386851030985081, -1.014062276499380078 ) ) ;
#6223 = CARTESIAN_POINT ( 'NONE',  ( 0.6506347602098604410, -0.1499999999999999667, -1.199999999999999956 ) ) ;
#6224 = VERTEX_POINT ( 'NONE', #4752 ) ;
#6225 = ORIENTED_EDGE ( 'NONE', *, *, #8617, .F. ) ;
#6226 = ORIENTED_EDGE ( 'NONE', *, *, #117, .T. ) ;
#6227 = VECTOR ( 'NONE', #3141, 1000.000000000000000 ) ;
#6228 = FACE_OUTER_BOUND ( 'NONE', #3529, .T. ) ;
#6229 = CARTESIAN_POINT ( 'NONE',  ( 1.867386645469348405, -0.1499999999999996891, -0.4218284553639131129 ) ) ;
#6230 = DIRECTION ( 'NONE',  ( -0.000000000000000000, -0.000000000000000000, 1.000000000000000000 ) ) ;
#6231 = CARTESIAN_POINT ( 'NONE',  ( -1.865324646435019496, -0.6160060395488424767, 0.4816873910456409003 ) ) ;
#6232 = ORIENTED_EDGE ( 'NONE', *, *, #6687, .T. ) ;
#6233 = LINE ( 'NONE', #6187, #7704 ) ;
#6234 = VECTOR ( 'NONE', #9680, 1000.000000000000000 ) ;
#6235 = FACE_OUTER_BOUND ( 'NONE', #5579, .T. ) ;
#6236 = EDGE_CURVE ( 'NONE', #5329, #4284, #6374, .T. ) ;
#6237 =( BOUNDED_SURFACE ( )  B_SPLINE_SURFACE ( 3, 2, ( 
 ( #1159, #4388, #9067 ),
 ( #9722, #4232, #5819 ),
 ( #5057, #8149, #1216 ),
 ( #7488, #8968, #3629 ),
 ( #6717, #5108, #8194 ),
 ( #1265, #9823, #7436 ) ),
 .UNSPECIFIED., .F., .F., .F. ) 
 B_SPLINE_SURFACE_WITH_KNOTS ( ( 4, 2, 4 ),
 ( 3, 3 ),
 ( 1.570796326794896558, 2.356194490192344837, 3.141592653589793116 ),
 ( 0.000000000000000000, 1.000000000000000000 ),
 .UNSPECIFIED. ) 
 GEOMETRIC_REPRESENTATION_ITEM ( )  RATIONAL_B_SPLINE_SURFACE ( (
 ( 1.000000000000000000, 1.000000000000000000, 1.000000000000000000),
 ( 1.000000000000000000, 1.002684731167235332, 1.000000000000000000),
 ( 1.000000000000000000, 0.9415880615501328599, 1.000000000000000000),
 ( 1.000000000000000000, 0.7904627460187445553, 1.000000000000000000),
 ( 1.000000000000000000, 0.7046656863073545995, 1.000000000000000000),
 ( 1.000000000000000000, 0.7071067811865490160, 1.000000000000000000) ) ) 
 REPRESENTATION_ITEM ( '' )  SURFACE ( )  );
#6238 = EDGE_CURVE ( 'NONE', #3631, #2069, #4760, .T. ) ;
#6239 = CARTESIAN_POINT ( 'NONE',  ( 0.6006347602098603966, -7.560171795458674460, -1.199999999999999956 ) ) ;
#6240 = AXIS2_PLACEMENT_3D ( 'NONE', #4160, #1992, #8731 ) ;
#6241 = CARTESIAN_POINT ( 'NONE',  ( -2.100000000000000089, -0.6548169886614644275, 0.3499999999999999778 ) ) ;
#6242 = LINE ( 'NONE', #3848, #7236 ) ;
#6243 = CARTESIAN_POINT ( 'NONE',  ( -1.944422970106716830, -0.7894801885613533798, -0.9157532022455918685 ) ) ;
#6244 = DIRECTION ( 'NONE',  ( -1.000000000000000000, 0.000000000000000000, 0.000000000000000000 ) ) ;
#6245 = EDGE_CURVE ( 'NONE', #5084, #726, #222, .T. ) ;
#6246 = ORIENTED_EDGE ( 'NONE', *, *, #996, .F. ) ;
#6247 = DIRECTION ( 'NONE',  ( -0.4148739022949279320, 0.9098789178756579998, 0.000000000000000000 ) ) ;
#6248 = ORIENTED_EDGE ( 'NONE', *, *, #925, .F. ) ;
#6249 = VERTEX_POINT ( 'NONE', #1820 ) ;
#6250 = ADVANCED_FACE ( 'NONE', ( #5076 ), #4969, .T. ) ;
#6251 = CARTESIAN_POINT ( 'NONE',  ( 2.005081564711598485, -0.7618219283718419277, 0.9157532022456627008 ) ) ;
#6252 = CARTESIAN_POINT ( 'NONE',  ( 2.021262487874245117, -0.6986775130852797000, 0.3659697877904978802 ) ) ;
#6253 = AXIS2_PLACEMENT_3D ( 'NONE', #7277, #9817, #2182 ) ;
#6254 = DIRECTION ( 'NONE',  ( 0.4148739022949274324, -0.9098789178756584439, 0.000000000000000000 ) ) ;
#6255 = CARTESIAN_POINT ( 'NONE',  ( -1.684053312136017277, -0.3983513512062374917, 0.2774175960637573213 ) ) ;
#6256 = ORIENTED_EDGE ( 'NONE', *, *, #5767, .F. ) ;
#6257 = EDGE_CURVE ( 'NONE', #3279, #5905, #4247, .T. ) ;
#6258 = DIRECTION ( 'NONE',  ( -0.000000000000000000, 1.000000000000000000, -9.346570452461247140E-18 ) ) ;
#6259 = ORIENTED_EDGE ( 'NONE', *, *, #382, .F. ) ;
#6260 = DIRECTION ( 'NONE',  ( 1.000000000000000000, -0.000000000000000000, -0.000000000000000000 ) ) ;
#6261 = ORIENTED_EDGE ( 'NONE', *, *, #7256, .T. ) ;
#6262 = VERTEX_POINT ( 'NONE', #7253 ) ;
#6263 = VECTOR ( 'NONE', #7429, 1000.000000000000000 ) ;
#6264 = AXIS2_PLACEMENT_3D ( 'NONE', #2275, #9136, #2171 ) ;
#6265 = CARTESIAN_POINT ( 'NONE',  ( 1.250000000000000000, -0.05000000000000002359, 2.075000000000000178 ) ) ;
#6266 = DIRECTION ( 'NONE',  ( -1.000000000000000000, 1.232595164407830946E-32, -1.665334536937734811E-16 ) ) ;
#6267 = DIRECTION ( 'NONE',  ( 1.000000000000000000, 2.773339119917614155E-32, 4.996003610813194571E-16 ) ) ;
#6268 = PLANE ( 'NONE',  #660 ) ;
#6269 = CARTESIAN_POINT ( 'NONE',  ( 1.978423083457764964, -0.04814305775163993384, -0.9891855738082598881 ) ) ;
#6270 = EDGE_CURVE ( 'NONE', #5961, #6803, #773, .T. ) ;
#6271 = DIRECTION ( 'NONE',  ( 1.000000000000000000, -0.000000000000000000, -0.000000000000000000 ) ) ;
#6272 = EDGE_CURVE ( 'NONE', #560, #3119, #3812, .T. ) ;
#6273 = ORIENTED_EDGE ( 'NONE', *, *, #7881, .T. ) ;
#6274 = ADVANCED_FACE ( 'NONE', ( #3386 ), #483, .F. ) ;
#6275 = EDGE_LOOP ( 'NONE', ( #104, #9660, #1768, #3412, #4770, #1014 ) ) ;
#6276 = EDGE_LOOP ( 'NONE', ( #245, #5808, #9432, #9015 ) ) ;
#6277 = CIRCLE ( 'NONE', #309, 0.1499999999999999944 ) ;
#6278 = CARTESIAN_POINT ( 'NONE',  ( 1.699999999999999734, -1.269999999999999796, -0.5000000000000001110 ) ) ;
#6279 = DIRECTION ( 'NONE',  ( 1.000000000000000000, -0.000000000000000000, -0.000000000000000000 ) ) ;
#6280 = SURFACE_STYLE_USAGE ( .BOTH. , #4133 ) ;
#6281 = CARTESIAN_POINT ( 'NONE',  ( 2.017386645469349205, -0.6800860033465971899, -0.3925358233496943905 ) ) ;
#6282 = DIRECTION ( 'NONE',  ( -1.000000000000000000, -0.000000000000000000, 0.000000000000000000 ) ) ;
#6283 = ORIENTED_EDGE ( 'NONE', *, *, #1364, .T. ) ;
#6284 = CARTESIAN_POINT ( 'NONE',  ( 0.9749999999999999778, -1.419999999999999929, 0.7500000000000000000 ) ) ;
#6285 = DIRECTION ( 'NONE',  ( 0.000000000000000000, 0.000000000000000000, -1.000000000000000000 ) ) ;
#6286 = AXIS2_PLACEMENT_3D ( 'NONE', #4506, #7657, #7757 ) ;
#6287 = VERTEX_POINT ( 'NONE', #7352 ) ;
#6288 = CARTESIAN_POINT ( 'NONE',  ( -0.9749999999999999778, -1.419999999999999929, 1.125000000000000222 ) ) ;
#6289 = CARTESIAN_POINT ( 'NONE',  ( -1.199999999999999956, -0.1072190875874354382, 2.125000000000000000 ) ) ;
#6290 = FACE_OUTER_BOUND ( 'NONE', #459, .T. ) ;
#6291 = AXIS2_PLACEMENT_3D ( 'NONE', #4802, #5879, #6579 ) ;
#6292 = CARTESIAN_POINT ( 'NONE',  ( -1.224999999999999645, -1.100000000000000089, 1.800000000000000044 ) ) ;
#6293 = ORIENTED_EDGE ( 'NONE', *, *, #811, .T. ) ;
#6294 = EDGE_CURVE ( 'NONE', #2906, #7221, #1975, .T. ) ;
#6295 = LINE ( 'NONE', #5588, #9586 ) ;
#6296 = EDGE_LOOP ( 'NONE', ( #4469, #3840, #3306, #3259 ) ) ;
#6297 = ORIENTED_EDGE ( 'NONE', *, *, #9554, .F. ) ;
#6298 = AXIS2_PLACEMENT_3D ( 'NONE', #667, #23, #9363 ) ;
#6299 = DIRECTION ( 'NONE',  ( 0.000000000000000000, 0.000000000000000000, 1.000000000000000000 ) ) ;
#6300 = CARTESIAN_POINT ( 'NONE',  ( 2.817386645469349915, -0.9650180178729044211, -0.7718015200835194323 ) ) ;
#6301 = LINE ( 'NONE', #5550, #3075 ) ;
#6302 = CARTESIAN_POINT ( 'NONE',  ( 1.920725336924328674, -0.7096506070018766543, 0.3252409048719890339 ) ) ;
#6303 = CARTESIAN_POINT ( 'NONE',  ( -1.224999999999999645, -0.1499999999999998002, 0.7000000000000001776 ) ) ;
#6304 = ORIENTED_EDGE ( 'NONE', *, *, #8487, .F. ) ;
#6305 = CARTESIAN_POINT ( 'NONE',  ( 0.2464402437188723538, 0.000000000000000000, 1.346488774451193748 ) ) ;
#6306 = ORIENTED_EDGE ( 'NONE', *, *, #2568, .T. ) ;
#6307 = EDGE_CURVE ( 'NONE', #5789, #7945, #9172, .T. ) ;
#6308 = DIRECTION ( 'NONE',  ( 0.000000000000000000, 0.000000000000000000, 1.000000000000000000 ) ) ;
#6309 = ORIENTED_EDGE ( 'NONE', *, *, #5691, .T. ) ;
#6310 = ORIENTED_EDGE ( 'NONE', *, *, #9845, .F. ) ;
#6311 = ADVANCED_FACE ( 'NONE', ( #6588 ), #1127, .F. ) ;
#6312 = DIRECTION ( 'NONE',  ( 0.000000000000000000, 0.000000000000000000, 1.000000000000000000 ) ) ;
#6313 = VECTOR ( 'NONE', #9461, 1000.000000000000000 ) ;
#6314 = CARTESIAN_POINT ( 'NONE',  ( -1.344983577402405039, -0.1000000000000000056, 1.397023181841392958 ) ) ;
#6315 = LINE ( 'NONE', #6410, #2534 ) ;
#6316 = CARTESIAN_POINT ( 'NONE',  ( 1.945017623016813024, -0.02095437914461631065, -0.9967050608698309055 ) ) ;
#6317 = DIRECTION ( 'NONE',  ( 1.000000000000000000, 0.000000000000000000, -3.614007241618346306E-16 ) ) ;
#6318 = VERTEX_POINT ( 'NONE', #8823 ) ;
#6319 = CIRCLE ( 'NONE', #6159, 0.2000000000000000944 ) ;
#6320 = AXIS2_PLACEMENT_3D ( 'NONE', #142, #3187, #9380 ) ;
#6321 = ORIENTED_EDGE ( 'NONE', *, *, #2894, .F. ) ;
#6322 = ORIENTED_EDGE ( 'NONE', *, *, #5584, .F. ) ;
#6323 = VECTOR ( 'NONE', #2915, 1000.000000000000000 ) ;
#6324 = EDGE_CURVE ( 'NONE', #9142, #7945, #4917, .T. ) ;
#6325 = LINE ( 'NONE', #4028, #5963 ) ;
#6326 = CARTESIAN_POINT ( 'NONE',  ( 0.9749999999999999778, -1.919999999999999929, 0.7500000000000000000 ) ) ;
#6327 = AXIS2_PLACEMENT_3D ( 'NONE', #9610, #9557, #7430 ) ;
#6328 = CARTESIAN_POINT ( 'NONE',  ( -1.917386645469350004, -0.7077984389976353929, 0.9252069843308814434 ) ) ;
#6329 = AXIS2_PLACEMENT_3D ( 'NONE', #9573, #321, #7036 ) ;
#6330 = CARTESIAN_POINT ( 'NONE',  ( 1.679389374268562163, -0.3517625296630363940, -1.298961782710780888 ) ) ;
#6331 = DIRECTION ( 'NONE',  ( 0.000000000000000000, 0.000000000000000000, 1.000000000000000000 ) ) ;
#6332 = ORIENTED_EDGE ( 'NONE', *, *, #4762, .F. ) ;
#6333 = CARTESIAN_POINT ( 'NONE',  ( -2.060672114361576490, -0.9665531589639818622, 0.5089130437326918610 ) ) ;
#6334 = CARTESIAN_POINT ( 'NONE',  ( 1.867386645469348405, -0.1499999999999996891, 0.9886127665261839059 ) ) ;
#6335 = ORIENTED_EDGE ( 'NONE', *, *, #3640, .F. ) ;
#6336 = EDGE_CURVE ( 'NONE', #7978, #4939, #8214, .T. ) ;
#6337 = CARTESIAN_POINT ( 'NONE',  ( 1.700000000000000178, -0.1000000000000000472, -1.199999999999999734 ) ) ;
#6338 =( NAMED_UNIT ( * ) PLANE_ANGLE_UNIT ( ) SI_UNIT ( $, .RADIAN. ) );
#6339 = FACE_OUTER_BOUND ( 'NONE', #3295, .T. ) ;
#6340 = CARTESIAN_POINT ( 'NONE',  ( 2.020891354861211298, -0.7023157186881036074, -0.3440324624949302468 ) ) ;
#6341 = ORIENTED_EDGE ( 'NONE', *, *, #1299, .T. ) ;
#6342 = DIRECTION ( 'NONE',  ( -2.710505431213762564E-16, 0.000000000000000000, 1.000000000000000000 ) ) ;
#6343 = EDGE_LOOP ( 'NONE', ( #183, #5908, #1541, #2949 ) ) ;
#6344 = ORIENTED_EDGE ( 'NONE', *, *, #5223, .T. ) ;
#6345 = DIRECTION ( 'NONE',  ( -3.944829737176227913E-16, 0.000000000000000000, 1.000000000000000000 ) ) ;
#6346 = LINE ( 'NONE', #4054, #934 ) ;
#6347 = DIRECTION ( 'NONE',  ( 8.590853294064409147E-16, -1.000000000000000000, -0.000000000000000000 ) ) ;
#6348 = CARTESIAN_POINT ( 'NONE',  ( -2.076768153246772997, -0.9592139115843596464, -0.5089130437326950807 ) ) ;
#6350 = ORIENTED_EDGE ( 'NONE', *, *, #7173, .F. ) ;
#6349 = DIRECTION ( 'NONE',  ( 0.000000000000000000, 0.000000000000000000, 1.000000000000000000 ) ) ;
#6351 = CARTESIAN_POINT ( 'NONE',  ( 2.061603504615511895, -0.9661284766226083676, 0.5089130437327399337 ) ) ;
#6352 = ORIENTED_EDGE ( 'NONE', *, *, #9975, .T. ) ;
#6353 = CARTESIAN_POINT ( 'NONE',  ( -1.499999999999999556, -1.419999999999999929, 0.6999999999999999556 ) ) ;
#6354 = ORIENTED_EDGE ( 'NONE', *, *, #3699, .F. ) ;
#6355 = EDGE_CURVE ( 'NONE', #3776, #9692, #4298, .T. ) ;
#6356 = VERTEX_POINT ( 'NONE', #9744 ) ;
#6357 = CARTESIAN_POINT ( 'NONE',  ( 1.717386645469347606, -0.1444078941435207042, 1.400000000000000133 ) ) ;
#6358 = EDGE_CURVE ( 'NONE', #763, #553, #1280, .T. ) ;
#6359 = CARTESIAN_POINT ( 'NONE',  ( 1.916386645469350114, -0.6650180178729040437, -0.9299338753735271190 ) ) ;
#6360 = LINE ( 'NONE', #1706, #9581 ) ;
#6361 = CARTESIAN_POINT ( 'NONE',  ( 1.899999999999999689, -0.1499999999999995226, 0.3499999999999999778 ) ) ;
#6362 = CARTESIAN_POINT ( 'NONE',  ( -2.020655434686073892, -0.7010295535766492003, -0.3388372816817429301 ) ) ;
#6363 = DIRECTION ( 'NONE',  ( -0.000000000000000000, -0.000000000000000000, -1.000000000000000000 ) ) ;
#6364 = EDGE_LOOP ( 'NONE', ( #4294, #8901, #1815, #5940 ) ) ;
#6365 = EDGE_CURVE ( 'NONE', #4078, #8091, #6783, .T. ) ;
#6366 = ORIENTED_EDGE ( 'NONE', *, *, #6512, .F. ) ;
#6367 = EDGE_LOOP ( 'NONE', ( #6166, #954, #6591, #1254 ) ) ;
#6368 = PLANE ( 'NONE',  #5795 ) ;
#6369 = ADVANCED_FACE ( 'NONE', ( #4196, #7452 ), #2626, .T. ) ;
#6370 = VECTOR ( 'NONE', #3054, 1000.000000000000000 ) ;
#6371 = PLANE ( 'NONE',  #7564 ) ;
#6372 = DIRECTION ( 'NONE',  ( -2.775557561562887653E-17, 1.232595164407829304E-32, 1.000000000000000000 ) ) ;
#6373 = DIRECTION ( 'NONE',  ( 0.000000000000000000, -0.1564615434407225780, 0.9876840514173279573 ) ) ;
#6374 = LINE ( 'NONE', #1718, #9490 ) ;
#6375 = DIRECTION ( 'NONE',  ( -7.216449660063507652E-16, -1.232595164407829304E-32, -1.000000000000000000 ) ) ;
#6376 = EDGE_LOOP ( 'NONE', ( #1879, #2851, #2837, #6131 ) ) ;
#6377 = CARTESIAN_POINT ( 'NONE',  ( 1.922463053037339664, -0.7199779757751040288, -0.3606604241851701365 ) ) ;
#6378 = CARTESIAN_POINT ( 'NONE',  ( 1.344983577402405039, 0.000000000000000000, 1.247023181841393047 ) ) ;
#6379 = ADVANCED_FACE ( 'NONE', ( #7304 ), #3443, .F. ) ;
#6380 = VECTOR ( 'NONE', #8866, 1000.000000000000000 ) ;
#6381 = ORIENTED_EDGE ( 'NONE', *, *, #1299, .F. ) ;
#6382 = CARTESIAN_POINT ( 'NONE',  ( 1.401148175457528122, -0.1999999999999999833, 0.7000000000000000666 ) ) ;
#6383 = VECTOR ( 'NONE', #1071, 1000.000000000000000 ) ;
#6384 = DIRECTION ( 'NONE',  ( 0.000000000000000000, -1.000000000000000000, 0.000000000000000000 ) ) ;
#6385 = CARTESIAN_POINT ( 'NONE',  ( -2.122262099140556302, -0.9384702164696128168, -0.7661930767260404229 ) ) ;
#6386 = DIRECTION ( 'NONE',  ( -1.000000000000000000, 0.000000000000000000, -2.710505431213762564E-16 ) ) ;
#6387 = EDGE_CURVE ( 'NONE', #176, #7983, #5019, .T. ) ;
#6388 = VERTEX_POINT ( 'NONE', #32 ) ;
#6389 = CARTESIAN_POINT ( 'NONE',  ( -1.274999999999999911, -0.1499999999999998002, 2.099119630351393706 ) ) ;
#6390 = ORIENTED_EDGE ( 'NONE', *, *, #105, .F. ) ;
#6391 = VERTEX_POINT ( 'NONE', #5269 ) ;
#6392 = VECTOR ( 'NONE', #6582, 1000.000000000000000 ) ;
#6393 = EDGE_CURVE ( 'NONE', #3710, #4377, #8457, .T. ) ;
#6394 = DIRECTION ( 'NONE',  ( 0.4148739022949275990, 0.9098789178756583329, -0.000000000000000000 ) ) ;
#6395 = CARTESIAN_POINT ( 'NONE',  ( -0.6006347602098600635, -0.1499999999999999667, -1.399999999999999689 ) ) ;
#6396 = DIRECTION ( 'NONE',  ( 0.000000000000000000, 0.000000000000000000, -1.000000000000000000 ) ) ;
#6397 = VECTOR ( 'NONE', #552, 1000.000000000000000 ) ;
#6398 = DIRECTION ( 'NONE',  ( 0.000000000000000000, -1.000000000000000000, 0.000000000000000000 ) ) ;
#6399 = VERTEX_POINT ( 'NONE', #675 ) ;
#6400 = DIRECTION ( 'NONE',  ( 0.000000000000000000, 0.000000000000000000, 1.000000000000000000 ) ) ;
#6401 = ORIENTED_EDGE ( 'NONE', *, *, #2972, .T. ) ;
#6402 = DIRECTION ( 'NONE',  ( 0.000000000000000000, 0.000000000000000000, 1.000000000000000000 ) ) ;
#6403 = ORIENTED_EDGE ( 'NONE', *, *, #674, .F. ) ;
#6404 = ORIENTED_EDGE ( 'NONE', *, *, #7754, .F. ) ;
#6405 = CIRCLE ( 'NONE', #2035, 0.1499999999999999667 ) ;
#6406 = CARTESIAN_POINT ( 'NONE',  ( 1.715597471382982686, -0.1012310397681060320, 1.361026718364951593 ) ) ;
#6407 = LINE ( 'NONE', #5609, #677 ) ;
#6408 = DIRECTION ( 'NONE',  ( 0.000000000000000000, 0.000000000000000000, 1.000000000000000000 ) ) ;
#6409 = EDGE_CURVE ( 'NONE', #5292, #9068, #9397, .T. ) ;
#6410 = CARTESIAN_POINT ( 'NONE',  ( -1.845392560103486179, -0.1000000000000000056, -1.399999999999999245 ) ) ;
#6411 = DIRECTION ( 'NONE',  ( 0.000000000000000000, 0.000000000000000000, -1.000000000000000000 ) ) ;
#6412 = DIRECTION ( 'NONE',  ( 0.000000000000000000, 0.000000000000000000, 1.000000000000000000 ) ) ;
#6413 = EDGE_LOOP ( 'NONE', ( #733, #1251, #8971, #6114 ) ) ;
#6414 = EDGE_LOOP ( 'NONE', ( #9155, #7778, #4431, #8292 ) ) ;
#6415 = ADVANCED_FACE ( 'NONE', ( #1374 ), #3072, .F. ) ;
#6416 = CARTESIAN_POINT ( 'NONE',  ( 1.700001432804957968, -1.420000000000000151, 1.200757046848291543 ) ) ;
#6417 = CYLINDRICAL_SURFACE ( 'NONE', #9036, 0.04999999999999991257 ) ;
#6418 = COLOUR_RGB ( '',0.7921568627450980005, 0.8196078431372548767, 0.9333333333333333481 ) ;
#6419 = LINE ( 'NONE', #7342, #7072 ) ;
#6420 = EDGE_CURVE ( 'NONE', #9016, #6982, #200, .T. ) ;
#6421 = DIRECTION ( 'NONE',  ( 0.000000000000000000, 0.000000000000000000, 1.000000000000000000 ) ) ;
#6422 = CARTESIAN_POINT ( 'NONE',  ( 1.224999999999999867, -1.050000000000000044, 1.849999999999999867 ) ) ;
#6423 = DIRECTION ( 'NONE',  ( -0.9098789178756583329, 0.4148739022949275435, -0.000000000000000000 ) ) ;
#6424 = LINE ( 'NONE', #5573, #572 ) ;
#6425 = DIRECTION ( 'NONE',  ( 1.000000000000000000, 2.773339119917614155E-32, 4.996003610813194571E-16 ) ) ;
#6426 = ORIENTED_EDGE ( 'NONE', *, *, #7803, .F. ) ;
#6427 = LINE ( 'NONE', #325, #8517 ) ;
#6428 = DIRECTION ( 'NONE',  ( 0.000000000000000000, 0.000000000000000000, 1.000000000000000000 ) ) ;
#6429 = ADVANCED_FACE ( 'NONE', ( #1470 ), #5172, .F. ) ;
#6430 = AXIS2_PLACEMENT_3D ( 'NONE', #9322, #4748, #6181 ) ;
#6431 = EDGE_LOOP ( 'NONE', ( #5616, #8624, #2410, #6226 ) ) ;
#6432 = DIRECTION ( 'NONE',  ( -3.231698293335027359E-15, 0.9935718556765874565, 0.1132032137679068184 ) ) ;
#6433 = ADVANCED_FACE ( 'NONE', ( #778 ), #9032, .F. ) ;
#6434 = B_SPLINE_SURFACE_WITH_KNOTS ( 'NONE', 1, 3, ( 
 ( #4650, #2975, #3837, #7745, #8509, #5226 ),
 ( #2164, #8317, #6935, #1575, #9081, #6082 ),
 ( #9131, #9888, #5270, #7598, #1425, #9176 ),
 ( #3743, #33, #7551, #3074, #3689, #3645 ) ),
 .UNSPECIFIED., .F., .F., .F.,
 ( 2, 1, 1, 2 ),
 ( 4, 2, 4 ),
 ( -0.01009999999999999960, 0.000000000000000000, 1.000000000000000000, 1.010000000000000009 ),
 ( 3.609056109832606767E-05, 8.109502145587877623E-05, 0.0001260994818134314780 ),
 .UNSPECIFIED. ) ;
#6435 = DIRECTION ( 'NONE',  ( -1.000000000000000000, 0.000000000000000000, 0.000000000000000000 ) ) ;
#6436 = AXIS2_PLACEMENT_3D ( 'NONE', #2490, #8676, #4364 ) ;
#6437 = DIRECTION ( 'NONE',  ( 0.000000000000000000, -1.000000000000000000, 0.000000000000000000 ) ) ;
#6438 = ORIENTED_EDGE ( 'NONE', *, *, #2973, .T. ) ;
#6439 = DIRECTION ( 'NONE',  ( 1.000000000000000000, 0.000000000000000000, 0.000000000000000000 ) ) ;
#6440 = VERTEX_POINT ( 'NONE', #9175 ) ;
#6441 = ORIENTED_EDGE ( 'NONE', *, *, #7046, .T. ) ;
#6442 = ORIENTED_EDGE ( 'NONE', *, *, #3400, .F. ) ;
#6443 = EDGE_CURVE ( 'NONE', #4844, #7674, #3332, .T. ) ;
#6444 = CARTESIAN_POINT ( 'NONE',  ( -2.017386645469349649, -0.5000000000000000000, -1.510468355502019744 ) ) ;
#6445 = CARTESIAN_POINT ( 'NONE',  ( -2.017386645469348316, -0.1499999999999991895, -0.9886127665261839059 ) ) ;
#6446 = AXIS2_PLACEMENT_3D ( 'NONE', #1322, #2058, #3537 ) ;
#6447 = EDGE_CURVE ( 'NONE', #6915, #5651, #288, .T. ) ;
#6448 = CARTESIAN_POINT ( 'NONE',  ( 0.9237652542620761187, 0.000000000000000000, -1.201033706287569558 ) ) ;
#6449 = CARTESIAN_POINT ( 'NONE',  ( 1.499999999999999556, -1.269999999999999796, 1.099999999999999867 ) ) ;
#6450 = CARTESIAN_POINT ( 'NONE',  ( -0.4961224367392622625, -0.1499999999999999667, -1.300000000000000044 ) ) ;
#6451 = DIRECTION ( 'NONE',  ( -0.000000000000000000, 0.000000000000000000, -1.000000000000000000 ) ) ;
#6453 = ORIENTED_EDGE ( 'NONE', *, *, #1242, .F. ) ;
#6452 = DIRECTION ( 'NONE',  ( 0.9098789178756584439, 0.4148739022949274324, 0.000000000000000000 ) ) ;
#6454 = DIRECTION ( 'NONE',  ( -1.000000000000000000, 0.000000000000000000, -0.000000000000000000 ) ) ;
#6455 = EDGE_LOOP ( 'NONE', ( #5242, #4491, #1102, #6967 ) ) ;
#6456 = CARTESIAN_POINT ( 'NONE',  ( -0.2464402437188723538, -0.1000000000000000056, 1.346488774451193748 ) ) ;
#6457 = ORIENTED_EDGE ( 'NONE', *, *, #7476, .F. ) ;
#6458 = AXIS2_PLACEMENT_3D ( 'NONE', #1143, #8379, #9852 ) ;
#6459 = EDGE_LOOP ( 'NONE', ( #2813, #9303, #7093, #7315 ) ) ;
#6460 = ADVANCED_FACE ( 'NONE', ( #9934 ), #9837, .T. ) ;
#6461 = CARTESIAN_POINT ( 'NONE',  ( 2.299999999999999378, -1.419999999999999929, 1.100000000000000089 ) ) ;
#6462 = CARTESIAN_POINT ( 'NONE',  ( -1.247485354044042705, -0.1053411951177138789, 1.859343015893477391 ) ) ;
#6463 = DIRECTION ( 'NONE',  ( 0.000000000000000000, 0.000000000000000000, 1.000000000000000000 ) ) ;
#6464 = VECTOR ( 'NONE', #2015, 1000.000000000000000 ) ;
#6465 = FACE_OUTER_BOUND ( 'NONE', #8646, .T. ) ;
#6466 = CARTESIAN_POINT ( 'NONE',  ( -0.9237652542620762297, -0.1000000000000000056, -1.399999999999999467 ) ) ;
#6467 = ORIENTED_EDGE ( 'NONE', *, *, #4875, .F. ) ;
#6468 = EDGE_LOOP ( 'NONE', ( #4698, #876, #4871 ) ) ;
#6469 =( NAMED_UNIT ( * ) PLANE_ANGLE_UNIT ( ) SI_UNIT ( $, .RADIAN. ) );
#6470 = AXIS2_PLACEMENT_3D ( 'NONE', #8814, #2722, #7497 ) ;
#6471 = CARTESIAN_POINT ( 'NONE',  ( 1.224999999999999867, -0.1499999999999998002, 2.099119630351393706 ) ) ;
#6472 = CARTESIAN_POINT ( 'NONE',  ( 1.949402302898350259, -0.1000000000000000056, -0.4218284553639131129 ) ) ;
#6473 = EDGE_CURVE ( 'NONE', #5084, #8564, #5771, .T. ) ;
#6474 = DIRECTION ( 'NONE',  ( 0.000000000000000000, 1.000000000000000000, 0.000000000000000000 ) ) ;
#6475 = CARTESIAN_POINT ( 'NONE',  ( -1.401148175457528122, -0.1499999999999999667, 1.400000000000000133 ) ) ;
#6476 = CARTESIAN_POINT ( 'NONE',  ( -1.224999999999999645, -0.1499999999999998002, 2.099119630351393706 ) ) ;
#6477 = CIRCLE ( 'NONE', #519, 0.2664636981603574206 ) ;
#6478 = VERTEX_POINT ( 'NONE', #4595 ) ;
#6479 = PLANE ( 'NONE',  #9826 ) ;
#6480 = AXIS2_PLACEMENT_3D ( 'NONE', #6066, #6025, #9870 ) ;
#6481 = DIRECTION ( 'NONE',  ( -1.000000000000000000, 0.000000000000000000, 0.000000000000000000 ) ) ;
#6482 = VERTEX_POINT ( 'NONE', #8408 ) ;
#6483 = CIRCLE ( 'NONE', #5361, 0.04999999999999991257 ) ;
#6484 = CIRCLE ( 'NONE', #6327, 0.3664636981603574539 ) ;
#6485 = DIRECTION ( 'NONE',  ( 1.000000000000000000, -0.000000000000000000, 0.000000000000000000 ) ) ;
#6486 = AXIS2_PLACEMENT_3D ( 'NONE', #6958, #905, #4624 ) ;
#6487 = EDGE_CURVE ( 'NONE', #111, #553, #7504, .T. ) ;
#6488 = CARTESIAN_POINT ( 'NONE',  ( -1.715052709667137076, -0.1000000000000000472, 1.349999999997905764 ) ) ;
#6489 = PLANE ( 'NONE',  #9148 ) ;
#6490 = EDGE_LOOP ( 'NONE', ( #4529, #3066, #3345, #5861 ) ) ;
#6491 = CARTESIAN_POINT ( 'NONE',  ( -1.200000000000000178, -0.05000000000000002359, 1.875000000000000222 ) ) ;
#6492 = CIRCLE ( 'NONE', #3897, 0.04999999999999991257 ) ;
#6493 = ORIENTED_EDGE ( 'NONE', *, *, #9217, .F. ) ;
#6494 = ORIENTED_EDGE ( 'NONE', *, *, #4433, .F. ) ;
#6495 = EDGE_CURVE ( 'NONE', #1467, #8741, #9080, .T. ) ;
#6496 = EDGE_LOOP ( 'NONE', ( #3740, #6273, #8859, #9685 ) ) ;
#6497 = B_SPLINE_CURVE_WITH_KNOTS ( 'NONE', 3,
 ( #4323, #1252, #8897, #4992, #5095, #2752, #3619, #1204, #8081, #1149 ),
 .UNSPECIFIED., .F., .F.,
 ( 4, 3, 3, 4 ),
 ( 0.000000000000000000, 3.948276044065706427E-05, 7.916254360002686146E-05, 0.0001200172124703527670 ),
 .UNSPECIFIED. ) ;
#6498 = CIRCLE ( 'NONE', #542, 0.2000000000000000944 ) ;
#6499 = DIRECTION ( 'NONE',  ( 0.000000000000000000, 0.000000000000000000, -1.000000000000000000 ) ) ;
#6500 = DIRECTION ( 'NONE',  ( 1.000000000000000000, 0.000000000000000000, -5.449175095217500610E-16 ) ) ;
#6501 = EDGE_CURVE ( 'NONE', #4152, #6103, #5371, .T. ) ;
#6502 = CARTESIAN_POINT ( 'NONE',  ( 2.031274207352990135, -0.9799576066991059209, 0.5089130437326906398 ) ) ;
#6503 = FACE_OUTER_BOUND ( 'NONE', #6431, .T. ) ;
#6504 = DIRECTION ( 'NONE',  ( 0.000000000000000000, 0.000000000000000000, -1.000000000000000000 ) ) ;
#6505 = LINE ( 'NONE', #7164, #5933 ) ;
#6506 = FACE_OUTER_BOUND ( 'NONE', #8441, .T. ) ;
#6507 = DIRECTION ( 'NONE',  ( 1.000000000000000000, 0.000000000000000000, 0.000000000000000000 ) ) ;
#6508 = ORIENTED_EDGE ( 'NONE', *, *, #6685, .F. ) ;
#6509 = DIRECTION ( 'NONE',  ( 0.7071067811865479058, 0.000000000000000000, -0.7071067811865470176 ) ) ;
#6510 = EDGE_LOOP ( 'NONE', ( #6404, #4327, #649, #2893 ) ) ;
#6511 = VECTOR ( 'NONE', #9290, 1000.000000000000000 ) ;
#6512 = EDGE_CURVE ( 'NONE', #7054, #603, #6970, .T. ) ;
#6513 = ORIENTED_EDGE ( 'NONE', *, *, #888, .F. ) ;
#6514 =( NAMED_UNIT ( * ) SI_UNIT ( $, .STERADIAN. ) SOLID_ANGLE_UNIT ( ) );
#6515 = FACE_OUTER_BOUND ( 'NONE', #2947, .T. ) ;
#6516 = CARTESIAN_POINT ( 'NONE',  ( -2.299999999999999378, -1.419999999999999929, 1.099999999999999867 ) ) ;
#6517 = DIRECTION ( 'NONE',  ( 0.000000000000000000, 0.000000000000000000, 1.000000000000000000 ) ) ;
#6518 = DIRECTION ( 'NONE',  ( -1.000000000000000000, -0.000000000000000000, 0.000000000000000000 ) ) ;
#6519 = DIRECTION ( 'NONE',  ( 0.000000000000000000, -1.000000000000000000, 0.000000000000000000 ) ) ;
#6520 = ORIENTED_EDGE ( 'NONE', *, *, #2320, .T. ) ;
#6521 = ADVANCED_FACE ( 'NONE', ( #7548 ), #630, .F. ) ;
#6522 = DIRECTION ( 'NONE',  ( 0.000000000000000000, 0.000000000000000000, 1.000000000000000000 ) ) ;
#6523 = FACE_OUTER_BOUND ( 'NONE', #4582, .T. ) ;
#6524 = CARTESIAN_POINT ( 'NONE',  ( 1.250000000000000000, 0.000000000000000000, 2.075000000000000178 ) ) ;
#6525 = CARTESIAN_POINT ( 'NONE',  ( 1.917386645469348005, 6.561764951283327056E-15, 0.000000000000000000 ) ) ;
#6526 = CARTESIAN_POINT ( 'NONE',  ( 2.017386645469347872, 6.910913085167640391E-15, 0.000000000000000000 ) ) ;
#6527 = CYLINDRICAL_SURFACE ( 'NONE', #2098, 0.05000000000000002359 ) ;
#6528 = CARTESIAN_POINT ( 'NONE',  ( 1.913738726066699147, -0.006818844393425700992, -0.4180659242708342771 ) ) ;
#6529 = CARTESIAN_POINT ( 'NONE',  ( 1.899999999999999245, -7.560171795458674460, 1.199999999999999289 ) ) ;
#6530 = EDGE_LOOP ( 'NONE', ( #3502, #8236, #758, #3246 ) ) ;
#6531 = CARTESIAN_POINT ( 'NONE',  ( -1.970168888348492908, -0.7022118421470834315, 0.3252409048719711038 ) ) ;
#6532 = CARTESIAN_POINT ( 'NONE',  ( -1.699999999999999734, -0.1000000000000000472, -1.200000000000000178 ) ) ;
#6533 = ORIENTED_EDGE ( 'NONE', *, *, #3284, .F. ) ;
#6534 = CARTESIAN_POINT ( 'NONE',  ( -1.899999999999999689, -0.6548169886614644275, 0.3499999999999999778 ) ) ;
#6535 = DIRECTION ( 'NONE',  ( 0.7071067811865479058, 0.000000000000000000, -0.7071067811865471286 ) ) ;
#6536 = EDGE_CURVE ( 'NONE', #8556, #584, #7693, .T. ) ;
#6537 = CARTESIAN_POINT ( 'NONE',  ( 1.865324646435019940, -0.6160060395488423657, 0.4816873910456411223 ) ) ;
#6538 = VERTEX_POINT ( 'NONE', #3932 ) ;
#6539 = CARTESIAN_POINT ( 'NONE',  ( -2.017386645469349649, -0.6650180178729041547, 0.9299338753735260088 ) ) ;
#6540 = VECTOR ( 'NONE', #2146, 1000.000000000000000 ) ;
#6541 = VERTEX_POINT ( 'NONE', #84 ) ;
#6542 = LINE ( 'NONE', #6643, #5547 ) ;
#6543 = EDGE_LOOP ( 'NONE', ( #873, #1509, #3145, #9970, #9261, #3301 ) ) ;
#6544 = EDGE_LOOP ( 'NONE', ( #8185, #2646, #8524, #7663 ) ) ;
#6545 = ADVANCED_FACE ( 'NONE', ( #3978 ), #6368, .F. ) ;
#6546 = AXIS2_PLACEMENT_3D ( 'NONE', #3126, #8612, #7848 ) ;
#6547 = LINE ( 'NONE', #3555, #4000 ) ;
#6548 = FACE_OUTER_BOUND ( 'NONE', #555, .T. ) ;
#6549 = CARTESIAN_POINT ( 'NONE',  ( 1.224999999999999867, -0.09999999999999982514, 0.7500000000000002220 ) ) ;
#6550 = ADVANCED_FACE ( 'NONE', ( #9422 ), #5975, .T. ) ;
#6551 = PLANE ( 'NONE',  #22 ) ;
#6552 = CARTESIAN_POINT ( 'NONE',  ( 1.699999999999999734, -1.419999999999999929, -0.4999999999999998890 ) ) ;
#6554 = VERTEX_POINT ( 'NONE', #4649 ) ;
#6553 = PLANE ( 'NONE',  #8587 ) ;
#6555 = DIRECTION ( 'NONE',  ( 0.000000000000000000, 1.000000000000000000, -0.000000000000000000 ) ) ;
#6556 = ORIENTED_EDGE ( 'NONE', *, *, #9918, .F. ) ;
#6557 = CIRCLE ( 'NONE', #9310, 0.4000000000000001332 ) ;
#6558 = CYLINDRICAL_SURFACE ( 'NONE', #5222, 0.04999999999999991257 ) ;
#6559 = ORIENTED_EDGE ( 'NONE', *, *, #5536, .F. ) ;
#6560 = ORIENTED_EDGE ( 'NONE', *, *, #1972, .F. ) ;
#6561 = EDGE_CURVE ( 'NONE', #6067, #7031, #2516, .T. ) ;
#6562 = ORIENTED_EDGE ( 'NONE', *, *, #1130, .T. ) ;
#6563 = AXIS2_PLACEMENT_3D ( 'NONE', #3192, #7659, #9438 ) ;
#6564 = CARTESIAN_POINT ( 'NONE',  ( 0.7737652542620763185, -0.1000000000000000056, -1.351033706287569469 ) ) ;
#6565 = CARTESIAN_POINT ( 'NONE',  ( -1.227079212200559377, -0.1000331635824969617, 1.832950232834637649 ) ) ;
#6566 = EDGE_CURVE ( 'NONE', #7114, #5696, #3122, .T. ) ;
#6567 = DIRECTION ( 'NONE',  ( -3.252606517456510147E-15, 1.000000000000000000, 0.000000000000000000 ) ) ;
#6568 = CARTESIAN_POINT ( 'NONE',  ( 1.700001432804957968, -7.560171795458674460, 1.200757046848291543 ) ) ;
#6569 = CARTESIAN_POINT ( 'NONE',  ( 0.6506347602098605520, -0.1000000000000000472, -1.149999999999999911 ) ) ;
#6570 = ORIENTED_EDGE ( 'NONE', *, *, #276, .T. ) ;
#6571 =( GEOMETRIC_REPRESENTATION_CONTEXT ( 3 ) GLOBAL_UNCERTAINTY_ASSIGNED_CONTEXT ( ( #2347 ) ) GLOBAL_UNIT_ASSIGNED_CONTEXT ( ( #8693, #2554, #6514 ) ) REPRESENTATION_CONTEXT ( 'NONE', 'WORKASPACE' ) );
#6572 = AXIS2_PLACEMENT_3D ( 'NONE', #2328, #2430, #4765 ) ;
#6573 = LINE ( 'NONE', #7288, #6123 ) ;
#6574 = LINE ( 'NONE', #9729, #8432 ) ;
#6575 = FACE_OUTER_BOUND ( 'NONE', #166, .T. ) ;
#6576 = EDGE_CURVE ( 'NONE', #2439, #8270, #6325, .T. ) ;
#6577 = EDGE_CURVE ( 'NONE', #4443, #663, #1714, .T. ) ;
#6578 = AXIS2_PLACEMENT_3D ( 'NONE', #2032, #5138, #1636 ) ;
#6579 = DIRECTION ( 'NONE',  ( 0.000000000000000000, 0.000000000000000000, -1.000000000000000000 ) ) ;
#6580 = CARTESIAN_POINT ( 'NONE',  ( -2.035410861894218826, -0.7479927983318896967, -0.9157532022455918685 ) ) ;
#6581 = CARTESIAN_POINT ( 'NONE',  ( 1.920496484027770290, -0.7081856852818252390, 0.3748420200176972306 ) ) ;
#6582 = DIRECTION ( 'NONE',  ( -0.000000000000000000, -1.000000000000000000, -0.000000000000000000 ) ) ;
#6583 = EDGE_LOOP ( 'NONE', ( #1840, #4670, #4936, #7387 ) ) ;
#6584 = LINE ( 'NONE', #8161, #2360 ) ;
#6585 = CARTESIAN_POINT ( 'NONE',  ( -0.4961224367392622625, -1.157941351547631115, -1.317018251800484707 ) ) ;
#6586 = VERTEX_POINT ( 'NONE', #2365 ) ;
#6587 = AXIS2_PLACEMENT_3D ( 'NONE', #6326, #3123, #9323 ) ;
#6588 = FACE_OUTER_BOUND ( 'NONE', #4389, .T. ) ;
#6589 = FACE_OUTER_BOUND ( 'NONE', #7691, .T. ) ;
#6590 = DIRECTION ( 'NONE',  ( -0.000000000000000000, -0.000000000000000000, -1.000000000000000000 ) ) ;
#6591 = ORIENTED_EDGE ( 'NONE', *, *, #1843, .F. ) ;
#6592 = CARTESIAN_POINT ( 'NONE',  ( -1.845392560103486179, -0.1000000000000000056, 1.399999999999999245 ) ) ;
#6593 = PRESENTATION_LAYER_ASSIGNMENT (  '', '', ( #1422 ) ) ;
#6594 = VERTEX_POINT ( 'NONE', #5621 ) ;
#6595 = CARTESIAN_POINT ( 'NONE',  ( -1.301148175457528033, -0.1999999999999999833, 1.300000000000000266 ) ) ;
#6596 = EDGE_LOOP ( 'NONE', ( #1498, #8829, #5381, #8444 ) ) ;
#6597 = EDGE_LOOP ( 'NONE', ( #2501, #3548, #1658, #1743 ) ) ;
#6598 = FACE_OUTER_BOUND ( 'NONE', #4632, .T. ) ;
#6599 = CARTESIAN_POINT ( 'NONE',  ( -1.951983863590748269, -0.02544950997319615077, -0.9946581533772150818 ) ) ;
#6600 = LINE ( 'NONE', #7974, #3736 ) ;
#6601 = LINE ( 'NONE', #7268, #2233 ) ;
#6602 = EDGE_CURVE ( 'NONE', #2069, #9291, #8608, .T. ) ;
#6603 = CARTESIAN_POINT ( 'NONE',  ( 2.017386645469349649, -0.6650180178729041547, -1.510468355502019744 ) ) ;
#6605 = ORIENTED_EDGE ( 'NONE', *, *, #4255, .F. ) ;
#6604 = CARTESIAN_POINT ( 'NONE',  ( 1.926398753681783926, -0.7499504556823118895, -1.510468355502019744 ) ) ;
#6606 = FACE_OUTER_BOUND ( 'NONE', #4612, .T. ) ;
#6607 = PRODUCT ( 'KMS2x1GPxxx', 'KMS2x1GPxxx', '', ( #9018 ) ) ;
#6608 = ORIENTED_EDGE ( 'NONE', *, *, #9343, .F. ) ;
#6609 = ADVANCED_BREP_SHAPE_REPRESENTATION ( '', ( #7973, #4663, #7906, #1550, #7888, #1335, #8286, #7646 ), #3580 ) ;
#6610 = CIRCLE ( 'NONE', #8225, 0.04999999999999991257 ) ;
#6611 = DIRECTION ( 'NONE',  ( -1.000000000000000000, 3.252606517456518824E-15, 0.000000000000000000 ) ) ;
#6612 = ORIENTED_EDGE ( 'NONE', *, *, #5477, .T. ) ;
#6613 = ORIENTED_EDGE ( 'NONE', *, *, #3988, .T. ) ;
#6614 = VERTEX_POINT ( 'NONE', #828 ) ;
#6615 = AXIS2_PLACEMENT_3D ( 'NONE', #4813, #7148, #1282 ) ;
#6616 = CARTESIAN_POINT ( 'NONE',  ( 0.2595474544006036721, -1.392325851403162673, -1.246144590665586138 ) ) ;
#6617 = DIRECTION ( 'NONE',  ( 0.000000000000000000, 0.000000000000000000, -1.000000000000000000 ) ) ;
#6618 = FACE_OUTER_BOUND ( 'NONE', #4631, .T. ) ;
#6619 = CARTESIAN_POINT ( 'NONE',  ( 1.224999999999999867, -0.09999999999999982514, 0.7000000000000001776 ) ) ;
#6620 = EDGE_CURVE ( 'NONE', #4785, #2934, #957, .T. ) ;
#6621 = DIRECTION ( 'NONE',  ( -0.000000000000000000, -0.000000000000000000, -1.000000000000000000 ) ) ;
#6622 = CIRCLE ( 'NONE', #5986, 0.5000000000000000000 ) ;
#6623 = PLANE ( 'NONE',  #3571 ) ;
#6624 = CARTESIAN_POINT ( 'NONE',  ( 1.224999999999999867, -0.09999999999999976963, 1.831698729810777859 ) ) ;
#6625 = EDGE_LOOP ( 'NONE', ( #3725, #8911, #4087, #6798 ) ) ;
#6626 = EDGE_CURVE ( 'NONE', #4923, #4426, #7188, .T. ) ;
#6627 = AXIS2_PLACEMENT_3D ( 'NONE', #3062, #2966, #5517 ) ;
#6628 = CARTESIAN_POINT ( 'NONE',  ( -0.6006347602098601746, -0.1499999999999999667, -1.150000000000000133 ) ) ;
#6629 = DIRECTION ( 'NONE',  ( -0.000000000000000000, 1.000000000000000000, -0.000000000000000000 ) ) ;
#6630 = DIRECTION ( 'NONE',  ( 0.000000000000000000, 0.9935718556765874565, -0.1132032137679068184 ) ) ;
#6631 = CARTESIAN_POINT ( 'NONE',  ( 1.917386645469348450, -0.1499999999999995226, -0.4218284553639131129 ) ) ;
#6632 = FACE_OUTER_BOUND ( 'NONE', #3467, .T. ) ;
#6633 = CARTESIAN_POINT ( 'NONE',  ( 1.995392560103486090, -0.1000000000000000056, -0.9886127665261836839 ) ) ;
#6634 = CARTESIAN_POINT ( 'NONE',  ( -1.995392560103486090, -0.1000000000000000056, 1.138612766526183595 ) ) ;
#6635 = VECTOR ( 'NONE', #5262, 1000.000000000000000 ) ;
#6636 = VERTEX_POINT ( 'NONE', #6278 ) ;
#6637 = EDGE_CURVE ( 'NONE', #6707, #5455, #6277, .T. ) ;
#6638 = DIRECTION ( 'NONE',  ( -0.000000000000000000, 0.9998476951563911586, 0.01745240643728365737 ) ) ;
#6639 = CARTESIAN_POINT ( 'NONE',  ( -1.717386645469347606, -0.1499999999999999667, 1.399999999999999911 ) ) ;
#6640 = EDGE_LOOP ( 'NONE', ( #1736, #9004, #5196, #6283 ) ) ;
#6641 = CARTESIAN_POINT ( 'NONE',  ( 1.274999999999999911, -0.03667479728236989339, 2.101097729122834323 ) ) ;
#6642 = ORIENTED_EDGE ( 'NONE', *, *, #6393, .F. ) ;
#6643 = CARTESIAN_POINT ( 'NONE',  ( -2.031274207352990135, -0.9799576066991059209, 0.4816873910456409003 ) ) ;
#6644 = EDGE_LOOP ( 'NONE', ( #2400, #6494, #8793, #6390, #1608 ) ) ;
#6645 = ADVANCED_FACE ( 'NONE', ( #6985, #6228 ), #4850, .F. ) ;
#6646 = VERTEX_POINT ( 'NONE', #7844 ) ;
#6647 = VECTOR ( 'NONE', #7786, 1000.000000000000000 ) ;
#6648 = LINE ( 'NONE', #3505, #2549 ) ;
#6649 = FACE_OUTER_BOUND ( 'NONE', #1086, .T. ) ;
#6650 = DIRECTION ( 'NONE',  ( 0.000000000000000000, 1.000000000000000000, -9.346570452461245599E-18 ) ) ;
#6651 = AXIS2_PLACEMENT_3D ( 'NONE', #4180, #92, #3131 ) ;
#6652 = VECTOR ( 'NONE', #4004, 1000.000000000000000 ) ;
#6653 = CARTESIAN_POINT ( 'NONE',  ( -1.944422970106652437, -0.7894801885613825787, -0.9157532022455918685 ) ) ;
#6654 = CARTESIAN_POINT ( 'NONE',  ( 2.068813284452828416, -0.8212491779786580404, -8.840585497901326054E-16 ) ) ;
#6655 = ORIENTED_EDGE ( 'NONE', *, *, #4001, .T. ) ;
#6656 = CARTESIAN_POINT ( 'NONE',  ( 2.017386645469348316, -0.1499999999999991895, -0.9886127665261839059 ) ) ;
#6657 = VERTEX_POINT ( 'NONE', #7799 ) ;
#6658 = FACE_OUTER_BOUND ( 'NONE', #6795, .T. ) ;
#6659 = VERTEX_POINT ( 'NONE', #7947 ) ;
#6660 = VERTEX_POINT ( 'NONE', #878 ) ;
#6661 = ORIENTED_EDGE ( 'NONE', *, *, #6204, .T. ) ;
#6662 = CARTESIAN_POINT ( 'NONE',  ( 1.919071770771443752, -0.7051578197758261446, 0.3770734274570270994 ) ) ;
#6663 = CARTESIAN_POINT ( 'NONE',  ( -1.867386645469348405, 1.897353801849632760E-16, -0.3974207797200597914 ) ) ;
#6664 = DIRECTION ( 'NONE',  ( 9.035018104045875625E-17, 0.000000000000000000, -1.000000000000000000 ) ) ;
#6665 = AXIS2_PLACEMENT_3D ( 'NONE', #862, #1701, #6402 ) ;
#6666 = EDGE_CURVE ( 'NONE', #9595, #5894, #179, .T. ) ;
#6667 = DIRECTION ( 'NONE',  ( -0.4148739022949270994, 0.9098789178756585549, 0.000000000000000000 ) ) ;
#6668 = CARTESIAN_POINT ( 'NONE',  ( -1.957161395819035699, -0.02897834147498684620, 0.9931622022829982299 ) ) ;
#6669 = CARTESIAN_POINT ( 'NONE',  ( -1.899999999999999689, -0.6548169886614644275, 0.3499999999999999778 ) ) ;
#6670 = ORIENTED_EDGE ( 'NONE', *, *, #5524, .F. ) ;
#6671 = EDGE_LOOP ( 'NONE', ( #2535, #1533, #4737, #8626, #5780 ) ) ;
#6672 = VECTOR ( 'NONE', #2953, 1000.000000000000000 ) ;
#6673 = ADVANCED_FACE ( 'NONE', ( #2615 ), #8756, .F. ) ;
#6674 = AXIS2_PLACEMENT_3D ( 'NONE', #1933, #9593, #2633 ) ;
#6675 = CARTESIAN_POINT ( 'NONE',  ( 1.224999999999999867, -1.050000000000000044, 2.083410071915997808 ) ) ;
#6676 = DIRECTION ( 'NONE',  ( 0.000000000000000000, 0.000000000000000000, -1.000000000000000000 ) ) ;
#6677 = DIRECTION ( 'NONE',  ( 0.000000000000000000, 1.000000000000000000, -9.346570452461245599E-18 ) ) ;
#6678 = CARTESIAN_POINT ( 'NONE',  ( 0.4961224367392622625, -0.1000000000000000056, 1.382258232211409421 ) ) ;
#6679 = DIRECTION ( 'NONE',  ( -0.7071067811865476838, -1.232595164407830535E-32, -0.7071067811865473507 ) ) ;
#6680 = CARTESIAN_POINT ( 'NONE',  ( 1.918622760115064274, -0.6922235468699946548, 0.3841991280638252237 ) ) ;
#6681 = EDGE_CURVE ( 'NONE', #7616, #5921, #5823, .T. ) ;
#6682 = DIRECTION ( 'NONE',  ( 0.000000000000000000, 0.000000000000000000, -1.000000000000000000 ) ) ;
#6683 = FACE_OUTER_BOUND ( 'NONE', #3514, .T. ) ;
#6684 = ORIENTED_EDGE ( 'NONE', *, *, #4033, .T. ) ;
#6685 = EDGE_CURVE ( 'NONE', #3652, #375, #6573, .T. ) ;
#6686 = CARTESIAN_POINT ( 'NONE',  ( -0.4961224367392622625, -1.225231940280812060, -1.219674819086067563 ) ) ;
#6687 = EDGE_CURVE ( 'NONE', #8981, #7221, #2056, .T. ) ;
#6688 = DIRECTION ( 'NONE',  ( 0.000000000000000000, 0.000000000000000000, 1.000000000000000000 ) ) ;
#6689 = ORIENTED_EDGE ( 'NONE', *, *, #4489, .T. ) ;
#6690 = PLANE ( 'NONE',  #7228 ) ;
#6691 = VERTEX_POINT ( 'NONE', #9619 ) ;
#6692 = DIRECTION ( 'NONE',  ( -0.000000000000000000, 1.000000000000000000, -0.000000000000000000 ) ) ;
#6693 = ORIENTED_EDGE ( 'NONE', *, *, #4658, .T. ) ;
#6694 = DIRECTION ( 'NONE',  ( 0.000000000000000000, 0.000000000000000000, 1.000000000000000000 ) ) ;
#6695 = CARTESIAN_POINT ( 'NONE',  ( -1.894963346781685098, -0.002556703968168737903, -1.027194755811738691 ) ) ;
#6696 = AXIS2_PLACEMENT_3D ( 'NONE', #5600, #3302, #7875 ) ;
#6697 = CYLINDRICAL_SURFACE ( 'NONE', #9571, 0.4000000000000000777 ) ;
#6698 = EDGE_CURVE ( 'NONE', #2074, #6785, #1810, .T. ) ;
#6699 = CARTESIAN_POINT ( 'NONE',  ( -0.4961224367392622625, -0.03912984985219390699, -1.351033706287569469 ) ) ;
#6700 = CARTESIAN_POINT ( 'NONE',  ( 2.019612439772663137, -0.6947730772922339204, -0.3252409048719800411 ) ) ;
#6701 = ORIENTED_EDGE ( 'NONE', *, *, #7017, .T. ) ;
#6702 = CARTESIAN_POINT ( 'NONE',  ( -2.122262099140556302, -0.9384702164696131499, 0.5089130437326940815 ) ) ;
#6703 = ORIENTED_EDGE ( 'NONE', *, *, #2324, .T. ) ;
#6704 = ADVANCED_FACE ( 'NONE', ( #4904 ), #7997, .F. ) ;
#6705 = PLANE ( 'NONE',  #6029 ) ;
#6706 = ORIENTED_EDGE ( 'NONE', *, *, #83, .T. ) ;
#6707 = VERTEX_POINT ( 'NONE', #2770 ) ;
#6708 = AXIS2_PLACEMENT_3D ( 'NONE', #3079, #36, #6184 ) ;
#6709 = ORIENTED_EDGE ( 'NONE', *, *, #4606, .F. ) ;
#6710 = DIRECTION ( 'NONE',  ( 1.000000000000000000, 0.000000000000000000, 0.000000000000000000 ) ) ;
#6711 = CARTESIAN_POINT ( 'NONE',  ( 1.237275122267316174, -0.1015302014309687612, 1.841674855439823899 ) ) ;
#6712 = LINE ( 'NONE', #9916, #6672 ) ;
#6713 = CARTESIAN_POINT ( 'NONE',  ( -1.899999999999999467, -1.420000000000000151, -1.200000000000000178 ) ) ;
#6714 = VECTOR ( 'NONE', #2061, 1000.000000000000000 ) ;
#6715 = FACE_OUTER_BOUND ( 'NONE', #543, .T. ) ;
#6716 = CARTESIAN_POINT ( 'NONE',  ( -1.917386645469349782, -0.5319001915892659360, 0.4166395980621656614 ) ) ;
#6717 = CARTESIAN_POINT ( 'NONE',  ( -1.374895322026362221, -0.09999999999999999167, 1.349999973752396443 ) ) ;
#6718 = ORIENTED_EDGE ( 'NONE', *, *, #991, .F. ) ;
#6719 = ORIENTED_EDGE ( 'NONE', *, *, #9162, .F. ) ;
#6720 = B_SPLINE_CURVE_WITH_KNOTS ( 'NONE', 3,
 ( #834, #39, #4551, #7652 ),
 .UNSPECIFIED., .F., .F.,
 ( 4, 4 ),
 ( 0.000000000000000000, 1.000000000000000000 ),
 .UNSPECIFIED. ) ;
#6721 = EDGE_CURVE ( 'NONE', #6037, #2906, #8220, .T. ) ;
#6722 = DIRECTION ( 'NONE',  ( 1.000000000000000000, 0.000000000000000000, 0.000000000000000000 ) ) ;
#6723 = CARTESIAN_POINT ( 'NONE',  ( -1.867386645469348405, 1.897353801849632760E-16, 0.3974207797200592363 ) ) ;
#6724 = CARTESIAN_POINT ( 'NONE',  ( 1.679389374268562163, -1.157941351547631115, -1.317018251800484707 ) ) ;
#6725 = CARTESIAN_POINT ( 'NONE',  ( 1.699999999999999734, -1.269999999999999796, 0.4999999999999997780 ) ) ;
#6726 = DIRECTION ( 'NONE',  ( 0.000000000000000000, 0.000000000000000000, -1.000000000000000000 ) ) ;
#6727 = EDGE_CURVE ( 'NONE', #2563, #159, #7341, .T. ) ;
#6728 = DIRECTION ( 'NONE',  ( -1.000000000000000000, 0.000000000000000000, 0.000000000000000000 ) ) ;
#6729 = AXIS2_PLACEMENT_3D ( 'NONE', #3154, #2292, #8586 ) ;
#6730 = ORIENTED_EDGE ( 'NONE', *, *, #8097, .F. ) ;
#6731 = ADVANCED_FACE ( 'NONE', ( #6523 ), #7389, .T. ) ;
#6732 = CARTESIAN_POINT ( 'NONE',  ( 1.200000000000000178, -0.09999999999999976963, 1.875000000000000222 ) ) ;
#6733 = AXIS2_PLACEMENT_3D ( 'NONE', #3595, #4295, #9076 ) ;
#6734 = CARTESIAN_POINT ( 'NONE',  ( 1.342569531694837837, -0.1499999999999999944, 1.399999999999999467 ) ) ;
#6735 =( BOUNDED_CURVE ( )  B_SPLINE_CURVE ( 3, ( #472, #1222, #3479, #4290 ),
 .UNSPECIFIED., .F., .F. ) 
 B_SPLINE_CURVE_WITH_KNOTS ( ( 4, 4 ),
 ( 3.141592653589793116, 4.712388980384689674 ),
 .UNSPECIFIED. ) 
 CURVE ( )  GEOMETRIC_REPRESENTATION_ITEM ( )  RATIONAL_B_SPLINE_CURVE ( ( 1.000000000000000000, 0.8047378541243649375, 0.8047378541243649375, 1.000000000000000000 ) ) 
 REPRESENTATION_ITEM ( '' )  );
#6736 = CARTESIAN_POINT ( 'NONE',  ( 2.122262099140556302, -0.9384702164696131499, -1.510468355502019744 ) ) ;
#6737 = ORIENTED_EDGE ( 'NONE', *, *, #7595, .F. ) ;
#6738 = ADVANCED_FACE ( 'NONE', ( #470 ), #6417, .T. ) ;
#6739 = FACE_OUTER_BOUND ( 'NONE', #191, .T. ) ;
#6740 = DIRECTION ( 'NONE',  ( 1.224646799147352714E-16, 0.000000000000000000, -1.000000000000000000 ) ) ;
#6741 = ORIENTED_EDGE ( 'NONE', *, *, #1065, .F. ) ;
#6742 = ADVANCED_FACE ( 'NONE', ( #4127 ), #3373, .T. ) ;
#6743 = DIRECTION ( 'NONE',  ( -1.000000000000000000, 0.000000000000000000, 0.000000000000000000 ) ) ;
#6744 = LINE ( 'NONE', #2791, #2529 ) ;
#6745 = LINE ( 'NONE', #497, #9416 ) ;
#6746 = AXIS2_PLACEMENT_3D ( 'NONE', #2153, #8353, #3972 ) ;
#6747 = CARTESIAN_POINT ( 'NONE',  ( 1.917386645469350004, -0.5319001915892680454, -0.4166395980621656614 ) ) ;
#6748 = CARTESIAN_POINT ( 'NONE',  ( -2.217386645469349826, -0.8650180178729043323, 0.7718015200835192102 ) ) ;
#6749 = VERTEX_POINT ( 'NONE', #1909 ) ;
#6750 = VERTEX_POINT ( 'NONE', #317 ) ;
#6751 = CARTESIAN_POINT ( 'NONE',  ( 1.917386645469350226, -0.6799648765719978893, -0.2733295117989498757 ) ) ;
#6752 = EDGE_LOOP ( 'NONE', ( #2344, #3786, #6670, #3921 ) ) ;
#6753 = ORIENTED_EDGE ( 'NONE', *, *, #8369, .T. ) ;
#6754 = VERTEX_POINT ( 'NONE', #8973 ) ;
#6755 = AXIS2_PLACEMENT_3D ( 'NONE', #106, #2054, #3858 ) ;
#6756 = ADVANCED_FACE ( 'NONE', ( #5725 ), #5006, .T. ) ;
#6757 = CARTESIAN_POINT ( 'NONE',  ( 1.916386645469350114, -0.6650180178729041547, 0.3949867687062131871 ) ) ;
#6758 = PLANE ( 'NONE',  #1485 ) ;
#6759 = CARTESIAN_POINT ( 'NONE',  ( -1.875352053460283219, -0.0001543321925414004655, -0.4023595114913238735 ) ) ;
#6760 = CARTESIAN_POINT ( 'NONE',  ( -1.750719978802683707, -0.8983513512062378803, -0.7718015200835196543 ) ) ;
#6761 = ORIENTED_EDGE ( 'NONE', *, *, #192, .T. ) ;
#6762 = VECTOR ( 'NONE', #4774, 1000.000000000000000 ) ;
#6763 = CARTESIAN_POINT ( 'NONE',  ( 1.401148175457528122, -0.1000000000000000472, 1.350000000000000533 ) ) ;
#6764 = CARTESIAN_POINT ( 'NONE',  ( -0.4961224367392622625, -0.1500000000000002998, -1.250000000000000000 ) ) ;
#6765 = ORIENTED_EDGE ( 'NONE', *, *, #3813, .F. ) ;
#6766 = ORIENTED_EDGE ( 'NONE', *, *, #2667, .T. ) ;
#6767 = ADVANCED_FACE ( 'NONE', ( #8808 ), #3430, .T. ) ;
#6768 = CARTESIAN_POINT ( 'NONE',  ( -1.865324646435019273, -0.6160060395488425877, 0.4816873910456409003 ) ) ;
#6769 = LINE ( 'NONE', #9878, #1264 ) ;
#6770 = AXIS2_PLACEMENT_3D ( 'NONE', #5927, #475, #8976 ) ;
#6771 = LINE ( 'NONE', #3682, #2884 ) ;
#6772 = CARTESIAN_POINT ( 'NONE',  ( 1.274999999999999911, -1.100000000000000089, 1.800000000000000044 ) ) ;
#6773 = CARTESIAN_POINT ( 'NONE',  ( -1.699999999999999734, -0.1499999999999999667, -1.350000000000000311 ) ) ;
#6774 = VERTEX_POINT ( 'NONE', #4236 ) ;
#6775 = AXIS2_PLACEMENT_3D ( 'NONE', #4815, #1587, #7003 ) ;
#6776 = EDGE_CURVE ( 'NONE', #5653, #5408, #8996, .T. ) ;
#6777 = CARTESIAN_POINT ( 'NONE',  ( 0.6461224367392621737, -0.1000000000000000056, -1.351033706287569469 ) ) ;
#6778 = CARTESIAN_POINT ( 'NONE',  ( -1.715275339119695763, -0.1001992199119376564, 1.354458957571054833 ) ) ;
#6779 = CLOSED_SHELL ( 'NONE', ( #6841, #5046, #7913, #7538, #9604, #4209, #4139, #8914, #5938, #9331, #173, #6057, #7797, #4865, #9626, #6919, #8254, #8992, #1447, #5101, #8780, #1675, #3124, #8413, #8751, #8979, #6731, #9816, #6738, #4721, #2945, #4193, #3807, #6379, #9119, #8463, #1411, #2154, #9898, #3526, #824, #2936, #3088, #6704, #3385, #1868, #3588, #9523, #6767, #9092, #960, #7245, #1209, #2641, #282, #9436, #3121, #5246, #6433, #6879, #903, #1730, #5370, #2075, #1910, #2383, #4153, #6192, #4702, #5501, #1898, #7550, #5637, #1113, #6545, #1497, #7936 ) ) ;
#6780 = ORIENTED_EDGE ( 'NONE', *, *, #2677, .T. ) ;
#6781 = CARTESIAN_POINT ( 'NONE',  ( 2.031274207347909311, -0.9799576067014226233, -0.5089130437326964129 ) ) ;
#6782 = ADVANCED_FACE ( 'NONE', ( #5924 ), #8434, .T. ) ;
#6783 = CIRCLE ( 'NONE', #8572, 0.1499999999999999667 ) ;
#6784 = DIRECTION ( 'NONE',  ( -0.000000000000000000, -0.000000000000000000, 1.000000000000000000 ) ) ;
#6785 = VERTEX_POINT ( 'NONE', #1500 ) ;
#6786 = VECTOR ( 'NONE', #213, 999.9999999999998863 ) ;
#6787 = EDGE_CURVE ( 'NONE', #4359, #5180, #8387, .T. ) ;
#6788 = AXIS2_PLACEMENT_3D ( 'NONE', #1170, #476, #5068 ) ;
#6789 = DIRECTION ( 'NONE',  ( 0.000000000000000000, 0.9998476951563912696, 0.01745240643728358104 ) ) ;
#6790 = CARTESIAN_POINT ( 'NONE',  ( -1.991096682554358344, -0.06507814843925183168, -0.9886559561255541251 ) ) ;
#6791 = CARTESIAN_POINT ( 'NONE',  ( -2.017386645469349649, -0.6650180178729041547, -0.3949867687062132426 ) ) ;
#6792 = CARTESIAN_POINT ( 'NONE',  ( 1.679389374268562163, -1.225231940280812060, -1.219674819086067563 ) ) ;
#6793 = CARTESIAN_POINT ( 'NONE',  ( -2.031274207353030992, -0.9799576066990874912, -0.7661930767260402009 ) ) ;
#6794 = CARTESIAN_POINT ( 'NONE',  ( 1.499999999999999556, -1.419999999999999929, -0.6999999999999998446 ) ) ;
#6795 = EDGE_LOOP ( 'NONE', ( #8494, #4993, #8160 ) ) ;
#6796 = EDGE_CURVE ( 'NONE', #2374, #4035, #1109, .T. ) ;
#6797 = CIRCLE ( 'NONE', #9082, 0.04999999999999991257 ) ;
#6798 = ORIENTED_EDGE ( 'NONE', *, *, #3190, .F. ) ;
#6799 = AXIS2_PLACEMENT_3D ( 'NONE', #2244, #3774, #8442 ) ;
#6800 = CARTESIAN_POINT ( 'NONE',  ( -0.6461224367392621737, -0.1000000000000000056, -1.201033706287569558 ) ) ;
#6801 = ORIENTED_EDGE ( 'NONE', *, *, #6186, .F. ) ;
#6802 = EDGE_LOOP ( 'NONE', ( #3892, #8291, #9237 ) ) ;
#6803 = VERTEX_POINT ( 'NONE', #7623 ) ;
#6804 = AXIS2_PLACEMENT_3D ( 'NONE', #8155, #4183, #1857 ) ;
#6805 = ADVANCED_FACE ( 'NONE', ( #5 ), #2287, .F. ) ;
#6806 = SPHERICAL_SURFACE ( 'NONE', #3011, 0.05000000000000000278 ) ;
#6807 = CIRCLE ( 'NONE', #5365, 0.04999999999999991257 ) ;
#6808 = CARTESIAN_POINT ( 'NONE',  ( 1.867386645469348405, 1.897353801849632760E-16, -0.4218284553639132239 ) ) ;
#6809 = AXIS2_PLACEMENT_3D ( 'NONE', #109, #2314, #2977 ) ;
#6810 = CARTESIAN_POINT ( 'NONE',  ( 0.4961224367392622625, -0.3467142199536816793, -1.399999999999999245 ) ) ;
#6811 = DIRECTION ( 'NONE',  ( -0.000000000000000000, -1.000000000000000000, -0.000000000000000000 ) ) ;
#6812 = EDGE_LOOP ( 'NONE', ( #7247, #5473, #9243, #9713 ) ) ;
#6813 = EDGE_CURVE ( 'NONE', #7537, #3111, #4154, .T. ) ;
#6814 = CARTESIAN_POINT ( 'NONE',  ( 1.499999999999999556, -1.419999999999999929, -0.6999999999999998446 ) ) ;
#6815 = LINE ( 'NONE', #8395, #7808 ) ;
#6816 = EDGE_LOOP ( 'NONE', ( #5050, #744, #6847, #492, #2552, #2027 ) ) ;
#6817 = AXIS2_PLACEMENT_3D ( 'NONE', #1388, #8422, #4457 ) ;
#6818 = ORIENTED_EDGE ( 'NONE', *, *, #3834, .T. ) ;
#6819 = LINE ( 'NONE', #6122, #3238 ) ;
#6820 = CARTESIAN_POINT ( 'NONE',  ( -2.234762845370799500, -1.185200745128921263, -8.521536202138485473E-16 ) ) ;
#6821 = DIRECTION ( 'NONE',  ( 1.000000000000000000, 0.000000000000000000, 0.000000000000000000 ) ) ;
#6822 = CARTESIAN_POINT ( 'NONE',  ( -1.499999999999999112, -1.269999999999999796, 1.099999999999999867 ) ) ;
#6823 = ADVANCED_FACE ( 'NONE', ( #3048 ), #704, .F. ) ;
#6824 = CARTESIAN_POINT ( 'NONE',  ( 1.250000000000000000, -0.05000000000000002359, 2.075000000000000178 ) ) ;
#6825 = DIRECTION ( 'NONE',  ( -0.4148739022949274879, 0.9098789178756583329, 3.523657060577889411E-15 ) ) ;
#6826 = VECTOR ( 'NONE', #2857, 1000.000000000000114 ) ;
#6827 = EDGE_CURVE ( 'NONE', #8766, #1201, #2539, .T. ) ;
#6828 = ORIENTED_EDGE ( 'NONE', *, *, #4947, .T. ) ;
#6829 = ORIENTED_EDGE ( 'NONE', *, *, #1561, .T. ) ;
#6830 = AXIS2_PLACEMENT_3D ( 'NONE', #1644, #4723, #7817 ) ;
#6831 = CARTESIAN_POINT ( 'NONE',  ( -1.250000000000000000, 0.000000000000000000, 0.000000000000000000 ) ) ;
#6832 = B_SPLINE_CURVE_WITH_KNOTS ( 'NONE', 3,
 ( #978, #3439, #6333, #1816, #7196, #7297, #1864 ),
 .UNSPECIFIED., .F., .F.,
 ( 4, 3, 4 ),
 ( 2.845134907545740276E-16, 4.846453703514144317E-05, 0.0001000000000000001403 ),
 .UNSPECIFIED. ) ;
#6833 = CARTESIAN_POINT ( 'NONE',  ( -2.080062634905711416, -0.8459206426339526130, 0.1447648332056534759 ) ) ;
#6834 = CARTESIAN_POINT ( 'NONE',  ( 1.499999999999999556, -1.269999999999999796, -0.6999999999999998446 ) ) ;
#6835 = PLANE ( 'NONE',  #6094 ) ;
#6836 = DIRECTION ( 'NONE',  ( -1.000000000000000000, 0.000000000000000000, 0.000000000000000000 ) ) ;
#6837 = ORIENTED_EDGE ( 'NONE', *, *, #2877, .T. ) ;
#6838 = CARTESIAN_POINT ( 'NONE',  ( 2.122262099140560299, -0.9384702164696113735, -0.5089130437326964129 ) ) ;
#6839 = DIRECTION ( 'NONE',  ( -3.252606517456513302E-15, 1.000000000000000000, 0.000000000000000000 ) ) ;
#6840 = ORIENTED_EDGE ( 'NONE', *, *, #4367, .T. ) ;
#6841 = ADVANCED_FACE ( 'NONE', ( #7768 ), #7574, .T. ) ;
#6842 = LINE ( 'NONE', #6097, #8878 ) ;
#6843 = LINE ( 'NONE', #843, #5460 ) ;
#6844 = CARTESIAN_POINT ( 'NONE',  ( -2.017386645469349649, -0.6800830089530960354, -0.3925363104151253224 ) ) ;
#6845 = DIRECTION ( 'NONE',  ( -1.626303258728258032E-15, 0.000000000000000000, -1.000000000000000000 ) ) ;
#6846 = CARTESIAN_POINT ( 'NONE',  ( -1.922641732548467264, -0.7209236196172991162, -0.3563348316600532528 ) ) ;
#6847 = ORIENTED_EDGE ( 'NONE', *, *, #3640, .T. ) ;
#6848 = EDGE_LOOP ( 'NONE', ( #2702, #8431, #126 ) ) ;
#6849 = EDGE_CURVE ( 'NONE', #7071, #3293, #6907, .T. ) ;
#6850 = VERTEX_POINT ( 'NONE', #6205 ) ;
#6851 = ORIENTED_EDGE ( 'NONE', *, *, #664, .F. ) ;
#6852 = ADVANCED_FACE ( 'NONE', ( #9196 ), #3237, .T. ) ;
#6853 = DIRECTION ( 'NONE',  ( 0.000000000000000000, 1.000000000000000000, 0.000000000000000000 ) ) ;
#6854 = CARTESIAN_POINT ( 'NONE',  ( 2.217386645469349826, -0.9316846845395709842, -0.7718015200835192102 ) ) ;
#6855 = LINE ( 'NONE', #9109, #9743 ) ;
#6856 = LINE ( 'NONE', #9961, #9427 ) ;
#6857 = CARTESIAN_POINT ( 'NONE',  ( -2.684053312136017055, -0.8983513512062378803, -0.7718015200835193212 ) ) ;
#6858 = ORIENTED_EDGE ( 'NONE', *, *, #6602, .F. ) ;
#6859 = LINE ( 'NONE', #8488, #8809 ) ;
#6860 = ORIENTED_EDGE ( 'NONE', *, *, #1791, .T. ) ;
#6861 = EDGE_CURVE ( 'NONE', #3356, #6646, #2388, .T. ) ;
#6862 = VECTOR ( 'NONE', #6555, 1000.000000000000000 ) ;
#6863 = DIRECTION ( 'NONE',  ( -1.000000000000000000, 0.000000000000000000, -0.000000000000000000 ) ) ;
#6864 = VERTEX_POINT ( 'NONE', #1647 ) ;
#6865 = ORIENTED_EDGE ( 'NONE', *, *, #9116, .T. ) ;
#6866 = EDGE_CURVE ( 'NONE', #2943, #5746, #4727, .T. ) ;
#6867 = AXIS2_PLACEMENT_3D ( 'NONE', #7257, #4970, #3446 ) ;
#6868 = CARTESIAN_POINT ( 'NONE',  ( 1.845392560103486179, -0.1000000000000000056, 1.138612766526183817 ) ) ;
#6869 = CARTESIAN_POINT ( 'NONE',  ( -1.199999999999999956, 0.000000000000000000, 1.875000000000000222 ) ) ;
#6870 = CARTESIAN_POINT ( 'NONE',  ( 2.122262099140556302, -0.9384702164696131499, 0.4816873910456410668 ) ) ;
#6871 = LINE ( 'NONE', #6822, #4688 ) ;
#6872 = PLANE ( 'NONE',  #9964 ) ;
#6873 = CARTESIAN_POINT ( 'NONE',  ( -1.917386645469350004, -0.6650180178729041547, -1.510468355502019744 ) ) ;
#6874 = ORIENTED_EDGE ( 'NONE', *, *, #5767, .T. ) ;
#6875 = VECTOR ( 'NONE', #6317, 1000.000000000000000 ) ;
#6876 = ORIENTED_EDGE ( 'NONE', *, *, #8380, .F. ) ;
#6877 = ORIENTED_EDGE ( 'NONE', *, *, #4391, .T. ) ;
#6878 = EDGE_CURVE ( 'NONE', #3484, #9242, #8058, .T. ) ;
#6879 = ADVANCED_FACE ( 'NONE', ( #7159 ), #7971, .F. ) ;
#6880 = DIRECTION ( 'NONE',  ( 0.000000000000000000, 0.000000000000000000, -1.000000000000000000 ) ) ;
#6881 =( BOUNDED_CURVE ( )  B_SPLINE_CURVE ( 3, ( #2179, #6903, #1444, #5291 ),
 .UNSPECIFIED., .F., .F. ) 
 B_SPLINE_CURVE_WITH_KNOTS ( ( 4, 4 ),
 ( 4.712388980384689674, 4.861718651461105267 ),
 .UNSPECIFIED. ) 
 CURVE ( )  GEOMETRIC_REPRESENTATION_ITEM ( )  RATIONAL_B_SPLINE_CURVE ( ( 1.000000000000000000, 0.9981425839180247950, 0.9981425839180247950, 1.000000000000000000 ) ) 
 REPRESENTATION_ITEM ( '' )  );
#6882 = LINE ( 'NONE', #9988, #5968 ) ;
#6883 = TOROIDAL_SURFACE ( 'NONE', #6240, 0.1000000000000000056, 0.05000000000000000278 ) ;
#6884 = LINE ( 'NONE', #1169, #4502 ) ;
#6885 = CARTESIAN_POINT ( 'NONE',  ( -0.9237652542620762297, -0.1000000000000000056, -1.399999999999999467 ) ) ;
#6886 = CARTESIAN_POINT ( 'NONE',  ( 1.922316043032748389, -0.7251426146075679036, -0.3545260433431361435 ) ) ;
#6887 = PLANE ( 'NONE',  #6070 ) ;
#6888 = ORIENTED_EDGE ( 'NONE', *, *, #8308, .F. ) ;
#6889 = CARTESIAN_POINT ( 'NONE',  ( 2.299999999999999822, -1.269999999999999796, -0.4999999999999997780 ) ) ;
#6890 = SPHERICAL_SURFACE ( 'NONE', #1053, 0.05000000000000000278 ) ;
#6891 = CARTESIAN_POINT ( 'NONE',  ( 2.019833792628787261, -0.6962443526367085855, 0.3298044680343026891 ) ) ;
#6892 = ORIENTED_EDGE ( 'NONE', *, *, #1012, .F. ) ;
#6893 = STYLED_ITEM ( 'NONE', ( #1370 ), #4663 ) ;
#6894 = AXIS2_PLACEMENT_3D ( 'NONE', #7204, #6384, #5227 ) ;
#6895 = ADVANCED_FACE ( 'NONE', ( #8018 ), #4877, .F. ) ;
#6896 = DIRECTION ( 'NONE',  ( 0.000000000000000000, 0.000000000000000000, 1.000000000000000000 ) ) ;
#6897 = FACE_OUTER_BOUND ( 'NONE', #6162, .T. ) ;
#6898 = CARTESIAN_POINT ( 'NONE',  ( -1.920222852127321911, -0.7071624413224067984, -0.3822878226370939325 ) ) ;
#6899 = CARTESIAN_POINT ( 'NONE',  ( -1.845392560103486179, -0.1000000000000000056, 1.399999999999999245 ) ) ;
#6900 = CARTESIAN_POINT ( 'NONE',  ( 1.224999999999999867, 0.000000000000000000, 0.7500000000000002220 ) ) ;
#6901 = EDGE_LOOP ( 'NONE', ( #1004, #5189 ) ) ;
#6902 = EDGE_LOOP ( 'NONE', ( #3447, #1890, #6559, #4076 ) ) ;
#6903 = CARTESIAN_POINT ( 'NONE',  ( -2.017386645469349649, -0.6749825903389659043, 0.2733295117989477663 ) ) ;
#6904 = ORIENTED_EDGE ( 'NONE', *, *, #585, .T. ) ;
#6905 = EDGE_LOOP ( 'NONE', ( #8285, #8472, #9834, #5565 ) ) ;
#6906 = AXIS2_PLACEMENT_3D ( 'NONE', #1665, #2355, #7178 ) ;
#6907 = LINE ( 'NONE', #8480, #3189 ) ;
#6908 = CARTESIAN_POINT ( 'NONE',  ( 2.617386645469350182, -0.8650180178729042213, -0.7718015200835194323 ) ) ;
#6909 = EDGE_CURVE ( 'NONE', #8139, #7043, #1089, .T. ) ;
#6910 = CARTESIAN_POINT ( 'NONE',  ( 2.031274207352990135, -0.9799576066991059209, -1.510468355502019744 ) ) ;
#6911 = LINE ( 'NONE', #7822, #9410 ) ;
#6912 = CARTESIAN_POINT ( 'NONE',  ( -2.031274207352967043, -0.9799576066991165790, 0.5089130437326693235 ) ) ;
#6913 = ORIENTED_EDGE ( 'NONE', *, *, #3726, .F. ) ;
#6914 = DIRECTION ( 'NONE',  ( 3.252606517456510147E-15, 1.000000000000000000, -0.000000000000000000 ) ) ;
#6915 = VERTEX_POINT ( 'NONE', #4155 ) ;
#6916 = VECTOR ( 'NONE', #8916, 1000.000000000000000 ) ;
#6917 = PLANE ( 'NONE',  #2428 ) ;
#6918 = ORIENTED_EDGE ( 'NONE', *, *, #3726, .T. ) ;
#6919 = ADVANCED_FACE ( 'NONE', ( #289 ), #7263, .F. ) ;
#6920 = ORIENTED_EDGE ( 'NONE', *, *, #7996, .T. ) ;
#6921 = ADVANCED_FACE ( 'NONE', ( #4101 ), #238, .F. ) ;
#6922 = LINE ( 'NONE', #2403, #6647 ) ;
#6923 = CIRCLE ( 'NONE', #316, 0.04999999999999991257 ) ;
#6924 = DIRECTION ( 'NONE',  ( 0.000000000000000000, 0.000000000000000000, -1.000000000000000000 ) ) ;
#6925 = CARTESIAN_POINT ( 'NONE',  ( -1.944422970106652437, -0.7894801885613825787, -0.9157532022455918685 ) ) ;
#6926 = CARTESIAN_POINT ( 'NONE',  ( 2.017386645469348316, -0.07973365157532141811, -0.4901886125309882769 ) ) ;
#6927 = CARTESIAN_POINT ( 'NONE',  ( -2.017903781014962039, -0.6793911451979230964, -0.3899943424274273096 ) ) ;
#6928 = CYLINDRICAL_SURFACE ( 'NONE', #3229, 0.1499999999999999667 ) ;
#6929 = ORIENTED_EDGE ( 'NONE', *, *, #6681, .F. ) ;
#6930 = ADVANCED_FACE ( 'NONE', ( #9598 ), #7868, .F. ) ;
#6931 = VERTEX_POINT ( 'NONE', #3297 ) ;
#6932 = ORIENTED_EDGE ( 'NONE', *, *, #7813, .F. ) ;
#6933 = CARTESIAN_POINT ( 'NONE',  ( 1.867386645469348405, -0.09999999999999976963, -0.4218284553639132239 ) ) ;
#6934 = EDGE_CURVE ( 'NONE', #1398, #1097, #7820, .T. ) ;
#6935 = CARTESIAN_POINT ( 'NONE',  ( -2.021326444514789156, -0.7049679160354731522, 0.3545260433431360880 ) ) ;
#6936 = LINE ( 'NONE', #9991, #1848 ) ;
#6937 = ORIENTED_EDGE ( 'NONE', *, *, #2919, .F. ) ;
#6938 = LINE ( 'NONE', #7143, #8032 ) ;
#6939 = CARTESIAN_POINT ( 'NONE',  ( 1.845392560103486179, -0.1000000000000000056, 1.399999999999999245 ) ) ;
#6940 = EDGE_CURVE ( 'NONE', #1660, #5408, #9843, .T. ) ;
#6941 = AXIS2_PLACEMENT_3D ( 'NONE', #1991, #3407, #4985 ) ;
#6942 = SURFACE_STYLE_USAGE ( .BOTH. , #8754 ) ;
#6943 = VERTEX_POINT ( 'NONE', #7213 ) ;
#6944 = CARTESIAN_POINT ( 'NONE',  ( -1.499999999999999556, -1.419999999999999929, 0.6999999999999999556 ) ) ;
#6945 = CYLINDRICAL_SURFACE ( 'NONE', #3741, 0.4000000000000001332 ) ;
#6946 = CARTESIAN_POINT ( 'NONE',  ( -1.235756119325825075, -0.1023868738005595663, 2.109949963244005744 ) ) ;
#6947 = CARTESIAN_POINT ( 'NONE',  ( 0.000000000000000000, -0.1199999999999998290, 1.654961434174603285 ) ) ;
#6948 = ORIENTED_EDGE ( 'NONE', *, *, #9210, .F. ) ;
#6949 = VERTEX_POINT ( 'NONE', #4053 ) ;
#6950 = CARTESIAN_POINT ( 'NONE',  ( -1.949402302898350259, -0.1000000000000000056, 0.4218284553639131129 ) ) ;
#6951 = ORIENTED_EDGE ( 'NONE', *, *, #314, .F. ) ;
#6952 = VERTEX_POINT ( 'NONE', #2637 ) ;
#6953 = VECTOR ( 'NONE', #6679, 999.9999999999998863 ) ;
#6954 = DIRECTION ( 'NONE',  ( 0.000000000000000000, 1.000000000000000000, 0.000000000000000000 ) ) ;
#6955 = CARTESIAN_POINT ( 'NONE',  ( 2.019612439772668910, -0.6947730772922188214, 0.3252409048719890339 ) ) ;
#6956 = LINE ( 'NONE', #6207, #7782 ) ;
#6957 = DIRECTION ( 'NONE',  ( -0.000000000000000000, 1.000000000000000000, -0.000000000000000000 ) ) ;
#6958 = CARTESIAN_POINT ( 'NONE',  ( -2.299999999999999378, -1.419999999999999929, 1.099999999999999867 ) ) ;
#6959 = AXIS2_PLACEMENT_3D ( 'NONE', #1752, #7832, #4635 ) ;
#6960 = CARTESIAN_POINT ( 'NONE',  ( -2.114436617734186452, -0.9420383703685702992, -0.5089130437326950807 ) ) ;
#6961 = AXIS2_PLACEMENT_3D ( 'NONE', #5001, #6519, #9616 ) ;
#6963 = ORIENTED_EDGE ( 'NONE', *, *, #6186, .T. ) ;
#6962 = DIRECTION ( 'NONE',  ( 0.000000000000000000, 0.000000000000000000, -1.000000000000000000 ) ) ;
#6964 = LINE ( 'NONE', #3773, #9137 ) ;
#6965 = DIRECTION ( 'NONE',  ( 0.000000000000000000, -0.9935718556765874565, -0.1132032137679068184 ) ) ;
#6966 = VERTEX_POINT ( 'NONE', #7058 ) ;
#6967 = ORIENTED_EDGE ( 'NONE', *, *, #9762, .F. ) ;
#6968 = VECTOR ( 'NONE', #706, 1000.000000000000000 ) ;
#6969 =( GEOMETRIC_REPRESENTATION_CONTEXT ( 3 ) GLOBAL_UNCERTAINTY_ASSIGNED_CONTEXT ( ( #1849 ) ) GLOBAL_UNIT_ASSIGNED_CONTEXT ( ( #7280, #4277, #2760 ) ) REPRESENTATION_CONTEXT ( 'NONE', 'WORKASPACE' ) );
#6970 = CIRCLE ( 'NONE', #3869, 0.5000000000000000000 ) ;
#6971 = CARTESIAN_POINT ( 'NONE',  ( 1.926660414300833679, -0.7505243155457415050, -0.9204838419810624783 ) ) ;
#6972 = PLANE ( 'NONE',  #7798 ) ;
#6973 = ADVANCED_FACE ( 'NONE', ( #153 ), #3347, .T. ) ;
#6974 =( NAMED_UNIT ( * ) SI_UNIT ( $, .STERADIAN. ) SOLID_ANGLE_UNIT ( ) );
#6975 = LINE ( 'NONE', #3780, #971 ) ;
#6976 = CARTESIAN_POINT ( 'NONE',  ( 1.921978176664527194, -0.009752905416966549043, -1.007248569279529882 ) ) ;
#6977 = EDGE_LOOP ( 'NONE', ( #2265, #4375, #9992, #6963 ) ) ;
#6978 = DIRECTION ( 'NONE',  ( 0.000000000000000000, 1.000000000000000000, -0.000000000000000000 ) ) ;
#6979 = VECTOR ( 'NONE', #9494, 1000.000000000000000 ) ;
#6980 = ORIENTED_EDGE ( 'NONE', *, *, #9874, .F. ) ;
#6981 = EDGE_CURVE ( 'NONE', #4377, #2934, #5592, .T. ) ;
#6982 = VERTEX_POINT ( 'NONE', #9391 ) ;
#6983 = ORIENTED_EDGE ( 'NONE', *, *, #7309, .F. ) ;
#6984 = AXIS2_PLACEMENT_3D ( 'NONE', #2653, #1212, #7177 ) ;
#6985 = FACE_BOUND ( 'NONE', #6901, .T. ) ;
#6986 = EDGE_CURVE ( 'NONE', #919, #4125, #8870, .T. ) ;
#6987 = CARTESIAN_POINT ( 'NONE',  ( 0.9749999999999999778, -1.919999999999999929, 0.7500000000000000000 ) ) ;
#6988 = DIRECTION ( 'NONE',  ( 0.000000000000000000, -1.000000000000000000, 0.000000000000000000 ) ) ;
#6989 = DIRECTION ( 'NONE',  ( 0.000000000000000000, 5.421010862427519212E-16, 1.000000000000000000 ) ) ;
#6990 = DIRECTION ( 'NONE',  ( -1.000000000000000000, 0.000000000000000000, 0.000000000000000000 ) ) ;
#6991 = VERTEX_POINT ( 'NONE', #1690 ) ;
#6992 = CARTESIAN_POINT ( 'NONE',  ( -1.274999999999999911, -0.5499999999999999334, 1.849999999999999867 ) ) ;
#6993 = DIRECTION ( 'NONE',  ( -3.252606517456510147E-15, 1.000000000000000000, 0.000000000000000000 ) ) ;
#6994 = AXIS2_PLACEMENT_3D ( 'NONE', #7570, #2946, #4668 ) ;
#6995 = EDGE_CURVE ( 'NONE', #4125, #4233, #8835, .T. ) ;
#6996 = ORIENTED_EDGE ( 'NONE', *, *, #2769, .T. ) ;
#6997 = CARTESIAN_POINT ( 'NONE',  ( -2.017386645469349649, -0.6650180178729041547, -1.510468355502019744 ) ) ;
#6998 = AXIS2_PLACEMENT_3D ( 'NONE', #9440, #149, #55 ) ;
#6999 = ADVANCED_FACE ( 'NONE', ( #1881 ), #948, .F. ) ;
#7000 = FACE_OUTER_BOUND ( 'NONE', #4657, .T. ) ;
#7001 = DIRECTION ( 'NONE',  ( 0.000000000000000000, 0.9935718556765874565, -0.1132032137679068184 ) ) ;
#7002 = DIRECTION ( 'NONE',  ( -0.4148739022949279320, 0.9098789178756579998, 0.000000000000000000 ) ) ;
#7003 = DIRECTION ( 'NONE',  ( 0.000000000000000000, 0.000000000000000000, -1.000000000000000000 ) ) ;
#7004 = CARTESIAN_POINT ( 'NONE',  ( 2.106631755382326165, -0.9455971226785493400, -0.5089130437326964129 ) ) ;
#7005 = ORIENTED_EDGE ( 'NONE', *, *, #4629, .F. ) ;
#7006 = LINE ( 'NONE', #3907, #4726 ) ;
#7007 = ORIENTED_EDGE ( 'NONE', *, *, #7363, .T. ) ;
#7008 = EDGE_LOOP ( 'NONE', ( #9049, #1993, #6560, #2797, #1794, #9386, #9576, #4976, #2622, #9761 ) ) ;
#7009 = EDGE_CURVE ( 'NONE', #2660, #6027, #4991, .T. ) ;
#7010 = CARTESIAN_POINT ( 'NONE',  ( -1.344983577402405039, -0.1000000000000000056, 1.400000000000000355 ) ) ;
#7011 = CARTESIAN_POINT ( 'NONE',  ( 2.019556792456370431, -0.6866218449316471295, 0.3815783491883482648 ) ) ;
#7012 = EDGE_CURVE ( 'NONE', #2064, #2630, #9043, .T. ) ;
#7013 = CARTESIAN_POINT ( 'NONE',  ( -2.020923770351871429, -0.7024658309007486556, 0.3539183563363564877 ) ) ;
#7014 = DIRECTION ( 'NONE',  ( 1.000000000000000000, 0.000000000000000000, 0.000000000000000000 ) ) ;
#7016 = ORIENTED_EDGE ( 'NONE', *, *, #6561, .T. ) ;
#7015 = CARTESIAN_POINT ( 'NONE',  ( -0.4961224367392622625, -0.1000000000000000056, 1.247023181841393047 ) ) ;
#7017 = EDGE_CURVE ( 'NONE', #9489, #1467, #5999, .T. ) ;
#7018 = DIRECTION ( 'NONE',  ( 1.000000000000000000, -0.000000000000000000, -0.000000000000000000 ) ) ;
#7019 = ORIENTED_EDGE ( 'NONE', *, *, #4558, .T. ) ;
#7020 = DIRECTION ( 'NONE',  ( 0.000000000000000000, 1.000000000000000000, 0.000000000000000000 ) ) ;
#7021 = ORIENTED_EDGE ( 'NONE', *, *, #4589, .F. ) ;
#7022 = ORIENTED_EDGE ( 'NONE', *, *, #9496, .T. ) ;
#7023 = DIRECTION ( 'NONE',  ( 0.000000000000000000, 1.000000000000000000, 0.000000000000000000 ) ) ;
#7024 = DIRECTION ( 'NONE',  ( 0.000000000000000000, -1.000000000000000000, 0.000000000000000000 ) ) ;
#7025 = CARTESIAN_POINT ( 'NONE',  ( -0.4961224367392622625, 0.000000000000000000, -1.201033706287569558 ) ) ;
#7026 = CARTESIAN_POINT ( 'NONE',  ( -1.899999999999999467, -1.420000000000000151, -1.200000000000000178 ) ) ;
#7027 = AXIS2_PLACEMENT_3D ( 'NONE', #2449, #7167, #4935 ) ;
#7028 = DIRECTION ( 'NONE',  ( 0.000000000000000000, 0.000000000000000000, -1.000000000000000000 ) ) ;
#7029 = ORIENTED_EDGE ( 'NONE', *, *, #3667, .F. ) ;
#7030 = ORIENTED_EDGE ( 'NONE', *, *, #3605, .F. ) ;
#7031 = VERTEX_POINT ( 'NONE', #5033 ) ;
#7032 = CIRCLE ( 'NONE', #8490, 0.1499999999999999667 ) ;
#7033 = DIRECTION ( 'NONE',  ( -0.000000000000000000, 1.000000000000000000, 0.000000000000000000 ) ) ;
#7034 = DIRECTION ( 'NONE',  ( 1.000000000000000000, 0.000000000000000000, 0.000000000000000000 ) ) ;
#7035 = EDGE_CURVE ( 'NONE', #5747, #1687, #5137, .T. ) ;
#7036 = DIRECTION ( 'NONE',  ( 0.000000000000000000, -1.000000000000000000, 8.673617379884035472E-15 ) ) ;
#7037 = CARTESIAN_POINT ( 'NONE',  ( 2.019293677284754285, -0.6932097315022561768, -0.3820832415370515323 ) ) ;
#7038 = CARTESIAN_POINT ( 'NONE',  ( 1.250000000000000000, -0.05000000000000002359, 2.125000000000000000 ) ) ;
#7039 = VERTEX_POINT ( 'NONE', #392 ) ;
#7040 = LINE ( 'NONE', #6140, #8669 ) ;
#7041 = CIRCLE ( 'NONE', #9802, 0.1499999999999999667 ) ;
#7042 = DIRECTION ( 'NONE',  ( 0.000000000000000000, 0.9876840514173278462, 0.1564615434407230776 ) ) ;
#7043 = VERTEX_POINT ( 'NONE', #1139 ) ;
#7044 = DIRECTION ( 'NONE',  ( 1.000000000000000000, 0.000000000000000000, 0.000000000000000000 ) ) ;
#7045 = CARTESIAN_POINT ( 'NONE',  ( -1.699999999999999734, -1.419999999999999929, -0.4999999999999997780 ) ) ;
#7046 = EDGE_CURVE ( 'NONE', #375, #2930, #6547, .T. ) ;
#7047 = CARTESIAN_POINT ( 'NONE',  ( -2.019612439772668910, -0.6947730772922190434, -0.3252409048719889784 ) ) ;
#7048 = DIRECTION ( 'NONE',  ( 1.000000000000000000, 0.000000000000000000, 0.000000000000000000 ) ) ;
#7049 = CYLINDRICAL_SURFACE ( 'NONE', #3960, 0.05000000000000002359 ) ;
#7050 = ORIENTED_EDGE ( 'NONE', *, *, #6146, .T. ) ;
#7051 = VECTOR ( 'NONE', #1430, 1000.000000000000227 ) ;
#7052 = VECTOR ( 'NONE', #444, 1000.000000000000000 ) ;
#7053 = DIRECTION ( 'NONE',  ( -1.000000000000000000, 3.252606517456510541E-15, 0.000000000000000000 ) ) ;
#7054 = VERTEX_POINT ( 'NONE', #2689 ) ;
#7055 = ADVANCED_FACE ( 'NONE', ( #1936 ), #8226, .F. ) ;
#7056 = AXIS2_PLACEMENT_3D ( 'NONE', #7648, #6039, #9130 ) ;
#7057 = ORIENTED_EDGE ( 'NONE', *, *, #3260, .T. ) ;
#7058 = CARTESIAN_POINT ( 'NONE',  ( -1.224999999999999645, -0.09999999999999982514, 0.7500000000000002220 ) ) ;
#7059 = CARTESIAN_POINT ( 'NONE',  ( 2.217386645469349826, -0.9650180178729041991, -0.7718015200835192102 ) ) ;
#7060 = AXIS2_PLACEMENT_3D ( 'NONE', #7108, #239, #3298 ) ;
#7061 = CARTESIAN_POINT ( 'NONE',  ( 1.250000000000000000, -0.1066987298107779092, 1.875000000000000222 ) ) ;
#7062 = CARTESIAN_POINT ( 'NONE',  ( 1.799402302898350348, -0.1000000000000000056, 0.2718284553639134793 ) ) ;
#7063 = DIRECTION ( 'NONE',  ( 0.000000000000000000, 3.252606517456518824E-15, -1.000000000000000000 ) ) ;
#7065 = VERTEX_POINT ( 'NONE', #1987 ) ;
#7064 = FACE_OUTER_BOUND ( 'NONE', #921, .T. ) ;
#7066 = CARTESIAN_POINT ( 'NONE',  ( 2.023578541724992963, -0.7220427961457326349, -0.9204800932882375442 ) ) ;
#7067 = VERTEX_POINT ( 'NONE', #8071 ) ;
#7068 = CARTESIAN_POINT ( 'NONE',  ( -1.194983577402405128, -0.1000000000000000056, 1.247023181841393047 ) ) ;
#7069 = ORIENTED_EDGE ( 'NONE', *, *, #6577, .T. ) ;
#7070 = ADVANCED_FACE ( 'NONE', ( #7514 ), #1243, .T. ) ;
#7071 = VERTEX_POINT ( 'NONE', #7412 ) ;
#7072 = VECTOR ( 'NONE', #8974, 1000.000000000000000 ) ;
#7073 = CIRCLE ( 'NONE', #2693, 0.04999999999999991257 ) ;
#7074 = CARTESIAN_POINT ( 'NONE',  ( -1.845392560103486179, 0.000000000000000000, -1.399999999999999245 ) ) ;
#7075 = DIRECTION ( 'NONE',  ( -0.000000000000000000, -1.000000000000000000, 0.000000000000000000 ) ) ;
#7076 = MECHANICAL_DESIGN_GEOMETRIC_PRESENTATION_REPRESENTATION (  '', ( #1422 ), #5302 ) ;
#7077 = LINE ( 'NONE', #723, #4772 ) ;
#7078 = DIRECTION ( 'NONE',  ( 0.000000000000000000, 0.000000000000000000, -1.000000000000000000 ) ) ;
#7079 = VERTEX_POINT ( 'NONE', #3454 ) ;
#7080 = EDGE_CURVE ( 'NONE', #687, #5601, #4313, .T. ) ;
#7081 = EDGE_LOOP ( 'NONE', ( #1443, #4194, #5279 ) ) ;
#7082 = ORIENTED_EDGE ( 'NONE', *, *, #7546, .F. ) ;
#7083 = VECTOR ( 'NONE', #1623, 1000.000000000000000 ) ;
#7084 = CARTESIAN_POINT ( 'NONE',  ( -1.925691325761514916, -0.7508093341209405303, 0.9204838424213352965 ) ) ;
#7085 = DIRECTION ( 'NONE',  ( -0.000000000000000000, -1.000000000000000000, -0.000000000000000000 ) ) ;
#7086 = CARTESIAN_POINT ( 'NONE',  ( -1.224999999999999867, -1.050000000000000044, 2.083410071915997808 ) ) ;
#7087 = CARTESIAN_POINT ( 'NONE',  ( -1.499999999999999556, -1.269999999999999796, 1.099999999999999867 ) ) ;
#7088 = DIRECTION ( 'NONE',  ( 0.000000000000000000, 9.346570452461245599E-18, 1.000000000000000000 ) ) ;
#7089 = ORIENTED_EDGE ( 'NONE', *, *, #9317, .T. ) ;
#7090 = DIRECTION ( 'NONE',  ( -1.000000000000000000, -0.000000000000000000, -2.352799587455083312E-16 ) ) ;
#7091 = CARTESIAN_POINT ( 'NONE',  ( -1.869465645338756365, 2.412896293036640872E-16, 1.057014255153458482 ) ) ;
#7092 = AXIS2_PLACEMENT_3D ( 'NONE', #8994, #1291, #8276 ) ;
#7093 = ORIENTED_EDGE ( 'NONE', *, *, #5193, .F. ) ;
#7094 = EDGE_CURVE ( 'NONE', #6966, #8944, #9361, .T. ) ;
#7095 = DIRECTION ( 'NONE',  ( -0.000000000000000000, -1.000000000000000000, 0.000000000000000000 ) ) ;
#7096 = CARTESIAN_POINT ( 'NONE',  ( -1.205276549936768804, -0.1072190875874354382, 2.125000000000000000 ) ) ;
#7097 = EDGE_CURVE ( 'NONE', #9893, #4217, #8548, .T. ) ;
#7098 = CYLINDRICAL_SURFACE ( 'NONE', #3470, 0.3000000000000000444 ) ;
#7099 =( GEOMETRIC_REPRESENTATION_CONTEXT ( 3 ) GLOBAL_UNCERTAINTY_ASSIGNED_CONTEXT ( ( #1359 ) ) GLOBAL_UNIT_ASSIGNED_CONTEXT ( ( #9519, #4909, #4132 ) ) REPRESENTATION_CONTEXT ( 'NONE', 'WORKASPACE' ) );
#7100 = CARTESIAN_POINT ( 'NONE',  ( 2.017386645469349205, -0.6698940040485895642, -0.3941936450536450143 ) ) ;
#7101 = VERTEX_POINT ( 'NONE', #2840 ) ;
#7102 = CARTESIAN_POINT ( 'NONE',  ( 1.899999999999999911, -1.420000000000000151, -1.199999999999999734 ) ) ;
#7103 = EDGE_LOOP ( 'NONE', ( #3785, #237, #3517, #5907 ) ) ;
#7104 = VERTEX_POINT ( 'NONE', #5947 ) ;
#7105 = ADVANCED_FACE ( 'NONE', ( #3610 ), #4412, .T. ) ;
#7106 = VECTOR ( 'NONE', #2642, 1000.000000000000000 ) ;
#7107 = DIRECTION ( 'NONE',  ( 0.3867505261627196544, 0.8482002562374226784, -0.3619120830141349665 ) ) ;
#7108 = CARTESIAN_POINT ( 'NONE',  ( -2.017386645469349649, -0.4676805559526472367, 0.02182845536391306990 ) ) ;
#7109 = DIRECTION ( 'NONE',  ( -0.000000000000000000, -0.000000000000000000, -1.000000000000000000 ) ) ;
#7110 = CARTESIAN_POINT ( 'NONE',  ( 1.867386645469348405, 1.897353801849632760E-16, 1.060417588806084721 ) ) ;
#7111 = ADVANCED_FACE ( 'NONE', ( #2888 ), #7317, .F. ) ;
#7112 = CARTESIAN_POINT ( 'NONE',  ( -2.091932801928621188, -0.9522993465230557009, 0.7661930767261082575 ) ) ;
#7114 = VERTEX_POINT ( 'NONE', #7364 ) ;
#7113 = LINE ( 'NONE', #7015, #8915 ) ;
#7115 = FACE_OUTER_BOUND ( 'NONE', #6848, .T. ) ;
#7116 = ORIENTED_EDGE ( 'NONE', *, *, #5643, .F. ) ;
#7117 = CARTESIAN_POINT ( 'NONE',  ( 1.917386645469350004, -0.6650180178729040437, 0.9299338753735262308 ) ) ;
#7118 = ORIENTED_EDGE ( 'NONE', *, *, #2568, .F. ) ;
#7119 = EDGE_LOOP ( 'NONE', ( #3518, #2528, #2846, #8069 ) ) ;
#7120 = EDGE_CURVE ( 'NONE', #8661, #5639, #4968, .T. ) ;
#7121 = DIRECTION ( 'NONE',  ( 0.000000000000000000, 1.000000000000000000, 0.000000000000000000 ) ) ;
#7122 = VECTOR ( 'NONE', #4959, 1000.000000000000000 ) ;
#7123 = PLANE ( 'NONE',  #6180 ) ;
#7124 = EDGE_CURVE ( 'NONE', #57, #6399, #6648, .T. ) ;
#7125 = CARTESIAN_POINT ( 'NONE',  ( -2.020417553326235627, -0.6997300064446216883, -0.3340139114488459571 ) ) ;
#7126 = DIRECTION ( 'NONE',  ( -3.252606517456510147E-15, 1.000000000000000000, 0.000000000000000000 ) ) ;
#7127 = VERTEX_POINT ( 'NONE', #9755 ) ;
#7128 = AXIS2_PLACEMENT_3D ( 'NONE', #3383, #2727, #6481 ) ;
#7129 = AXIS2_PLACEMENT_3D ( 'NONE', #1558, #3722, #2192 ) ;
#7130 = ORIENTED_EDGE ( 'NONE', *, *, #5762, .T. ) ;
#7131 = ORIENTED_EDGE ( 'NONE', *, *, #6175, .F. ) ;
#7132 = AXIS2_PLACEMENT_3D ( 'NONE', #7683, #2964, #3013 ) ;
#7133 = CARTESIAN_POINT ( 'NONE',  ( -2.023569268232676688, -0.7220224580258670644, 0.9204837979536901749 ) ) ;
#7134 = CYLINDRICAL_SURFACE ( 'NONE', #3342, 0.2664636981603574206 ) ;
#7135 = ADVANCED_FACE ( 'NONE', ( #6598 ), #9804, .F. ) ;
#7136 = CIRCLE ( 'NONE', #6173, 0.4999999999999999445 ) ;
#7137 = FACE_OUTER_BOUND ( 'NONE', #2231, .T. ) ;
#7138 = VECTOR ( 'NONE', #7801, 1000.000000000000114 ) ;
#7139 = DIRECTION ( 'NONE',  ( -0.000000000000000000, -1.000000000000000000, -0.000000000000000000 ) ) ;
#7140 = DIRECTION ( 'NONE',  ( 1.000000000000000000, 0.000000000000000000, -0.000000000000000000 ) ) ;
#7141 = DIRECTION ( 'NONE',  ( 3.614007241618346306E-16, -0.000000000000000000, 1.000000000000000000 ) ) ;
#7142 = ORIENTED_EDGE ( 'NONE', *, *, #3283, .T. ) ;
#7143 = CARTESIAN_POINT ( 'NONE',  ( 0.9237652542620762297, -0.1000000000000000056, -1.399999999999999467 ) ) ;
#7144 = LINE ( 'NONE', #6939, #7454 ) ;
#7145 = EDGE_CURVE ( 'NONE', #9142, #7753, #6610, .T. ) ;
#7146 = ORIENTED_EDGE ( 'NONE', *, *, #9162, .T. ) ;
#7147 = LINE ( 'NONE', #2479, #9231 ) ;
#7148 = DIRECTION ( 'NONE',  ( -1.000000000000000000, 0.000000000000000000, 0.000000000000000000 ) ) ;
#7149 = VECTOR ( 'NONE', #8592, 999.9999999999998863 ) ;
#7150 = DIRECTION ( 'NONE',  ( 0.000000000000000000, 0.000000000000000000, 1.000000000000000000 ) ) ;
#7151 = PLANE ( 'NONE',  #7857 ) ;
#7152 = ORIENTED_EDGE ( 'NONE', *, *, #8949, .F. ) ;
#7153 = VECTOR ( 'NONE', #5914, 1000.000000000000000 ) ;
#7154 = CARTESIAN_POINT ( 'NONE',  ( -1.917386645469348894, -0.1499999999999995226, 0.4218284553639131129 ) ) ;
#7155 = ORIENTED_EDGE ( 'NONE', *, *, #7490, .F. ) ;
#7156 = ORIENTED_EDGE ( 'NONE', *, *, #1020, .T. ) ;
#7157 = STYLED_ITEM ( 'NONE', ( #42 ), #6609 ) ;
#7158 = EDGE_CURVE ( 'NONE', #8394, #9737, #7706, .T. ) ;
#7159 = FACE_OUTER_BOUND ( 'NONE', #2334, .T. ) ;
#7160 = DIRECTION ( 'NONE',  ( -2.465190328815661892E-32, 1.000000000000000000, -2.465190328815661892E-32 ) ) ;
#7161 = CARTESIAN_POINT ( 'NONE',  ( -2.020260544170982886, -0.6988011525245343414, 0.3689633167561177096 ) ) ;
#7162 = CARTESIAN_POINT ( 'NONE',  ( 0.6006347602098600635, -7.560171795458674460, -1.399999999999999689 ) ) ;
#7163 = EDGE_CURVE ( 'NONE', #1103, #9270, #9185, .T. ) ;
#7164 = CARTESIAN_POINT ( 'NONE',  ( 0.9749999999999999778, -1.919999999999999929, 0.9249999999999998224 ) ) ;
#7166 = ORIENTED_EDGE ( 'NONE', *, *, #8884, .T. ) ;
#7165 = DIRECTION ( 'NONE',  ( 0.000000000000000000, 0.000000000000000000, -1.000000000000000000 ) ) ;
#7167 = DIRECTION ( 'NONE',  ( 0.000000000000000000, -0.000000000000000000, 1.000000000000000000 ) ) ;
#7168 = PRODUCT ( 'KMS2x1GPxxx', 'KMS2x1GPxxx', '', ( #2767 ) ) ;
#7169 = EDGE_LOOP ( 'NONE', ( #3360, #5275, #5391, #6232 ) ) ;
#7170 = LINE ( 'NONE', #5556, #5379 ) ;
#7171 = EDGE_LOOP ( 'NONE', ( #1749, #5862, #7580, #1529 ) ) ;
#7172 = EDGE_LOOP ( 'NONE', ( #7569, #9040, #8016, #2835 ) ) ;
#7173 = EDGE_CURVE ( 'NONE', #111, #7065, #9900, .T. ) ;
#7174 = VECTOR ( 'NONE', #4134, 1000.000000000000000 ) ;
#7175 = DIRECTION ( 'NONE',  ( -1.000000000000000000, 0.000000000000000000, -3.614007241618346306E-16 ) ) ;
#7176 = CARTESIAN_POINT ( 'NONE',  ( -1.949402302898350259, -0.1000000000000000056, 0.2718284553639131462 ) ) ;
#7177 = DIRECTION ( 'NONE',  ( 1.000000000000000000, 0.000000000000000000, 0.000000000000000000 ) ) ;
#7178 = DIRECTION ( 'NONE',  ( 0.000000000000000000, 0.000000000000000000, 1.000000000000000000 ) ) ;
#7179 = ADVANCED_FACE ( 'NONE', ( #1487 ), #2127, .F. ) ;
#7180 = FACE_OUTER_BOUND ( 'NONE', #8831, .T. ) ;
#7181 = DIRECTION ( 'NONE',  ( -1.000000000000000000, -0.000000000000000000, -0.000000000000000000 ) ) ;
#7182 = CARTESIAN_POINT ( 'NONE',  ( -1.867386645469348405, -0.1499999999999996891, 0.4218284553639132239 ) ) ;
#7183 = ORIENTED_EDGE ( 'NONE', *, *, #8224, .T. ) ;
#7184 = ORIENTED_EDGE ( 'NONE', *, *, #6073, .T. ) ;
#7185 = CARTESIAN_POINT ( 'NONE',  ( -2.299999999999999378, -1.419999999999999929, -1.099999999999999867 ) ) ;
#7186 = ORIENTED_EDGE ( 'NONE', *, *, #1632, .F. ) ;
#7187 = EDGE_CURVE ( 'NONE', #9692, #9912, #2219, .T. ) ;
#7188 = LINE ( 'NONE', #3174, #3024 ) ;
#7189 = AXIS2_PLACEMENT_3D ( 'NONE', #112, #2190, #3157 ) ;
#7190 = DIRECTION ( 'NONE',  ( -0.000000000000000000, 1.000000000000000000, -0.000000000000000000 ) ) ;
#7191 = DIRECTION ( 'NONE',  ( -3.252606517456510147E-15, 1.000000000000000000, 0.000000000000000000 ) ) ;
#7192 = CARTESIAN_POINT ( 'NONE',  ( 2.017386645469349649, -0.5319001915892677124, 0.4166395980621656614 ) ) ;
#7193 = CARTESIAN_POINT ( 'NONE',  ( 2.023578541724992963, -0.7220427961457326349, 0.9204800932882366560 ) ) ;
#7194 = LINE ( 'NONE', #3328, #1233 ) ;
#7195 = ORIENTED_EDGE ( 'NONE', *, *, #9554, .T. ) ;
#7196 = CARTESIAN_POINT ( 'NONE',  ( -2.091001411624098250, -0.9527240288874841978, 0.5089130437326928602 ) ) ;
#7197 = CARTESIAN_POINT ( 'NONE',  ( -2.017386645469348316, -0.1499999999999991895, 0.9886127665261839059 ) ) ;
#7198 = AXIS2_PLACEMENT_3D ( 'NONE', #5375, #1626, #4598 ) ;
#7199 = ORIENTED_EDGE ( 'NONE', *, *, #9582, .F. ) ;
#7200 = EDGE_CURVE ( 'NONE', #8361, #4149, #6842, .T. ) ;
#7201 = EDGE_CURVE ( 'NONE', #8078, #2582, #9690, .T. ) ;
#7202 = LINE ( 'NONE', #1681, #1318 ) ;
#7203 = CARTESIAN_POINT ( 'NONE',  ( 2.122262099140556302, -0.9384702164696131499, -1.510468355502019744 ) ) ;
#7204 = CARTESIAN_POINT ( 'NONE',  ( -1.700001432804958412, -0.1499999999999999667, 1.200757046848291099 ) ) ;
#7205 = ORIENTED_EDGE ( 'NONE', *, *, #6986, .F. ) ;
#7206 = CARTESIAN_POINT ( 'NONE',  ( -0.6213454383285147431, -0.09999999999999996392, -1.179289321881345387 ) ) ;
#7207 = ORIENTED_EDGE ( 'NONE', *, *, #2412, .T. ) ;
#7208 = DIRECTION ( 'NONE',  ( -1.000000000000000000, 0.000000000000000000, 0.000000000000000000 ) ) ;
#7209 = ORIENTED_EDGE ( 'NONE', *, *, #8718, .F. ) ;
#7210 = ADVANCED_FACE ( 'NONE', ( #2937 ), #8420, .F. ) ;
#7211 = ORIENTED_EDGE ( 'NONE', *, *, #2376, .T. ) ;
#7212 = VECTOR ( 'NONE', #7181, 1000.000000000000000 ) ;
#7213 = CARTESIAN_POINT ( 'NONE',  ( 2.122262099140556302, -0.9384702164696131499, -0.4816873910456424546 ) ) ;
#7214 = CARTESIAN_POINT ( 'NONE',  ( -1.899999999999999467, -7.560171795458674460, -0.5000000000000000000 ) ) ;
#7215 = DIRECTION ( 'NONE',  ( 0.000000000000000000, 0.000000000000000000, 1.000000000000000000 ) ) ;
#7216 = CARTESIAN_POINT ( 'NONE',  ( -1.249113425855527648, -0.1061988277153456950, 2.084373974649718075 ) ) ;
#7217 = DIRECTION ( 'NONE',  ( -0.000000000000000000, 1.000000000000000000, 0.000000000000000000 ) ) ;
#7218 = CIRCLE ( 'NONE', #1710, 0.05000000000000002359 ) ;
#7219 = DIRECTION ( 'NONE',  ( 0.000000000000000000, 1.000000000000000000, 0.000000000000000000 ) ) ;
#7221 = VERTEX_POINT ( 'NONE', #9284 ) ;
#7220 = DIRECTION ( 'NONE',  ( 0.000000000000000000, 0.000000000000000000, -1.000000000000000000 ) ) ;
#7222 = FACE_OUTER_BOUND ( 'NONE', #5148, .T. ) ;
#7223 = VERTEX_POINT ( 'NONE', #8325 ) ;
#7224 = DIRECTION ( 'NONE',  ( 0.000000000000000000, 1.000000000000000000, 0.000000000000000000 ) ) ;
#7225 = ORIENTED_EDGE ( 'NONE', *, *, #2613, .F. ) ;
#7226 = ORIENTED_EDGE ( 'NONE', *, *, #8840, .F. ) ;
#7227 = EDGE_CURVE ( 'NONE', #9896, #6660, #5282, .T. ) ;
#7228 = AXIS2_PLACEMENT_3D ( 'NONE', #9796, #2786, #5891 ) ;
#7229 = CARTESIAN_POINT ( 'NONE',  ( 1.717386645469347606, -0.1499999999999999667, 1.400000000000000133 ) ) ;
#7230 = DIRECTION ( 'NONE',  ( 0.000000000000000000, 0.000000000000000000, 1.000000000000000000 ) ) ;
#7231 = DIRECTION ( 'NONE',  ( -0.000000000000000000, -1.000000000000000000, -0.000000000000000000 ) ) ;
#7232 = FACE_OUTER_BOUND ( 'NONE', #8637, .T. ) ;
#7233 = ADVANCED_FACE ( 'NONE', ( #1437 ), #2325, .T. ) ;
#7234 = DIRECTION ( 'NONE',  ( 0.000000000000000000, -0.000000000000000000, 1.000000000000000000 ) ) ;
#7235 = LINE ( 'NONE', #6466, #9230 ) ;
#7236 = VECTOR ( 'NONE', #4608, 1000.000000000000000 ) ;
#7237 = ORIENTED_EDGE ( 'NONE', *, *, #7672, .T. ) ;
#7238 = VERTEX_POINT ( 'NONE', #9945 ) ;
#7239 = ADVANCED_FACE ( 'NONE', ( #95 ), #4661, .T. ) ;
#7240 = CARTESIAN_POINT ( 'NONE',  ( -1.845392560103486179, -0.1000000000000000056, 1.138612766526183595 ) ) ;
#7241 = CIRCLE ( 'NONE', #2200, 0.2999999999999999334 ) ;
#7242 = DIRECTION ( 'NONE',  ( 0.9098789178756583329, 0.4148739022949274324, 0.000000000000000000 ) ) ;
#7243 = CARTESIAN_POINT ( 'NONE',  ( 0.4961224367392622625, -0.3517625296630363940, -1.298961782710780888 ) ) ;
#7244 = CARTESIAN_POINT ( 'NONE',  ( -1.301148175457528033, -0.1707106781186546740, 1.358578643762690774 ) ) ;
#7245 = ADVANCED_FACE ( 'NONE', ( #7000 ), #3135, .F. ) ;
#7246 = CARTESIAN_POINT ( 'NONE',  ( -1.867386645469348405, -0.09999999999999976963, 0.4218284553639132239 ) ) ;
#7247 = ORIENTED_EDGE ( 'NONE', *, *, #5885, .T. ) ;
#7248 = CARTESIAN_POINT ( 'NONE',  ( 1.921004205070208748, -0.7115962608877371975, -0.3744159520546347375 ) ) ;
#7249 = CARTESIAN_POINT ( 'NONE',  ( -1.926398753681783926, -0.7499504556823118895, -1.510468355502019744 ) ) ;
#7250 = AXIS2_PLACEMENT_3D ( 'NONE', #6156, #6954, #5345 ) ;
#7251 = EDGE_LOOP ( 'NONE', ( #5903, #6403, #216, #9452 ) ) ;
#7252 = EDGE_CURVE ( 'NONE', #9448, #4550, #3798, .T. ) ;
#7253 = CARTESIAN_POINT ( 'NONE',  ( -1.224999999999999645, -0.1499999999999998002, 0.7000000000000001776 ) ) ;
#7254 = DIRECTION ( 'NONE',  ( 0.000000000000000000, 0.000000000000000000, -1.000000000000000000 ) ) ;
#7255 = VECTOR ( 'NONE', #5173, 1000.000000000000000 ) ;
#7256 = EDGE_CURVE ( 'NONE', #6691, #662, #8467, .T. ) ;
#7257 = CARTESIAN_POINT ( 'NONE',  ( -1.200000000000000178, -0.05000000000000002359, 2.075000000000000178 ) ) ;
#7258 = ORIENTED_EDGE ( 'NONE', *, *, #2169, .F. ) ;
#7259 = ORIENTED_EDGE ( 'NONE', *, *, #8283, .T. ) ;
#7260 = DIRECTION ( 'NONE',  ( 0.000000000000000000, -1.000000000000000000, 0.000000000000000000 ) ) ;
#7261 = VERTEX_POINT ( 'NONE', #7401 ) ;
#7262 = EDGE_LOOP ( 'NONE', ( #3057, #5368, #2598, #8335, #7007, #2297, #847, #5099, #9269, #7715, #506, #4310, #7019, #2864, #2243, #3805, #6054, #6829, #8577, #9356, #4108, #174, #2370, #7826, #5078, #3441, #9144, #1350, #4250, #5083, #7830, #7491, #6213, #5427, #7692, #698, #6261, #5471, #3833, #7774, #4593, #6753 ) ) ;
#7263 = PLANE ( 'NONE',  #163 ) ;
#7264 = DIRECTION ( 'NONE',  ( 0.000000000000000000, 0.000000000000000000, -1.000000000000000000 ) ) ;
#7265 = CARTESIAN_POINT ( 'NONE',  ( 0.6006347602098603966, -0.1499999999999999667, -1.199999999999999956 ) ) ;
#7266 = CARTESIAN_POINT ( 'NONE',  ( -1.246303284219924867, -0.1046846481825930708, 2.094569953945862206 ) ) ;
#7267 = EDGE_CURVE ( 'NONE', #7878, #7900, #3032, .T. ) ;
#7268 = CARTESIAN_POINT ( 'NONE',  ( 2.100000000000000089, -0.6548169886614644275, 0.3499999999999999778 ) ) ;
#7269 = DIRECTION ( 'NONE',  ( 1.000000000000000000, -0.000000000000000000, 0.000000000000000000 ) ) ;
#7270 = PLANE ( 'NONE',  #9726 ) ;
#7271 = DIRECTION ( 'NONE',  ( 0.000000000000000000, -1.583310275509380931E-14, -1.000000000000000000 ) ) ;
#7272 = EDGE_LOOP ( 'NONE', ( #7274, #8955, #9442, #328, #930 ) ) ;
#7273 = CARTESIAN_POINT ( 'NONE',  ( -1.845392560103486179, -0.1000000000000000056, -1.399999999999999245 ) ) ;
#7274 = ORIENTED_EDGE ( 'NONE', *, *, #6620, .F. ) ;
#7275 = AXIS2_PLACEMENT_3D ( 'NONE', #1094, #5090, #6504 ) ;
#7276 = ORIENTED_EDGE ( 'NONE', *, *, #7953, .T. ) ;
#7277 = CARTESIAN_POINT ( 'NONE',  ( -1.224999999999999867, -0.1499999999999998002, 2.099119630351393706 ) ) ;
#7278 = DIRECTION ( 'NONE',  ( 0.000000000000000000, 0.000000000000000000, -1.000000000000000000 ) ) ;
#7279 = CARTESIAN_POINT ( 'NONE',  ( 2.100000000000000089, -0.6548169886614644275, 0.3499999999999999778 ) ) ;
#7280 =( LENGTH_UNIT ( ) NAMED_UNIT ( * ) SI_UNIT ( .MILLI., .METRE. ) );
#7281 = AXIS2_PLACEMENT_3D ( 'NONE', #6534, #9633, #5787 ) ;
#7282 = FACE_OUTER_BOUND ( 'NONE', #6671, .T. ) ;
#7283 = CARTESIAN_POINT ( 'NONE',  ( -1.845392560103486179, -0.1000000000000000056, 1.138612766526183595 ) ) ;
#7284 = ORIENTED_EDGE ( 'NONE', *, *, #499, .T. ) ;
#7285 = AXIS2_PLACEMENT_3D ( 'NONE', #1667, #7078, #78 ) ;
#7286 = VECTOR ( 'NONE', #6210, 1000.000000000000000 ) ;
#7287 = EDGE_CURVE ( 'NONE', #5905, #6249, #9584, .T. ) ;
#7288 = CARTESIAN_POINT ( 'NONE',  ( 2.299999999999999822, -1.419999999999999929, 0.4999999999999997780 ) ) ;
#7289 = CARTESIAN_POINT ( 'NONE',  ( -1.899999999999999689, -1.420000000000000151, 1.199999999999998845 ) ) ;
#7290 = CARTESIAN_POINT ( 'NONE',  ( -2.017386645469349649, -0.6935606511791653217, -0.9252032796654282576 ) ) ;
#7291 = CARTESIAN_POINT ( 'NONE',  ( 1.679389374268562163, -0.3314104039620769937, -1.399999999999999467 ) ) ;
#7292 = DIRECTION ( 'NONE',  ( 0.000000000000000000, 1.000000000000000000, 0.000000000000000000 ) ) ;
#7293 = DIRECTION ( 'NONE',  ( 8.659560562354921765E-17, 0.7071067811865484609, -0.7071067811865465735 ) ) ;
#7294 = VECTOR ( 'NONE', #1027, 1000.000000000000000 ) ;
#7295 = ORIENTED_EDGE ( 'NONE', *, *, #50, .T. ) ;
#7296 = EDGE_CURVE ( 'NONE', #9306, #651, #484, .T. ) ;
#7297 = CARTESIAN_POINT ( 'NONE',  ( -2.106631755382327498, -0.9455971226785486738, 0.5089130437326937484 ) ) ;
#7298 = CIRCLE ( 'NONE', #3236, 0.1499999999999999667 ) ;
#7299 = DIRECTION ( 'NONE',  ( -0.000000000000000000, 1.000000000000000000, -0.000000000000000000 ) ) ;
#7300 = EDGE_LOOP ( 'NONE', ( #1410, #4722 ) ) ;
#7301 = CIRCLE ( 'NONE', #2431, 0.04999999999999991257 ) ;
#7302 = EDGE_CURVE ( 'NONE', #6774, #4923, #7453, .T. ) ;
#7303 = CIRCLE ( 'NONE', #2921, 0.1499999999999999667 ) ;
#7304 = FACE_OUTER_BOUND ( 'NONE', #3210, .T. ) ;
#7305 = VECTOR ( 'NONE', #1260, 1000.000000000000000 ) ;
#7306 = CARTESIAN_POINT ( 'NONE',  ( -1.995392560103486090, -0.07180482227990070410, -0.9886127665261839059 ) ) ;
#7307 = DIRECTION ( 'NONE',  ( 0.000000000000000000, 0.000000000000000000, -1.000000000000000000 ) ) ;
#7308 = ORIENTED_EDGE ( 'NONE', *, *, #5395, .T. ) ;
#7309 = EDGE_CURVE ( 'NONE', #6391, #425, #3545, .T. ) ;
#7310 = CARTESIAN_POINT ( 'NONE',  ( -2.299999999999999378, -1.269999999999999796, -1.099999999999999867 ) ) ;
#7311 = AXIS2_PLACEMENT_3D ( 'NONE', #9045, #9757, #5334 ) ;
#7312 = VERTEX_POINT ( 'NONE', #5738 ) ;
#7313 = CARTESIAN_POINT ( 'NONE',  ( 2.018290210799027928, -0.6854608410435014676, 0.3841283555312732245 ) ) ;
#7314 = ORIENTED_EDGE ( 'NONE', *, *, #5309, .F. ) ;
#7315 = ORIENTED_EDGE ( 'NONE', *, *, #8902, .T. ) ;
#7316 = EDGE_CURVE ( 'NONE', #1720, #1452, #625, .T. ) ;
#7317 = CYLINDRICAL_SURFACE ( 'NONE', #1885, 0.04999999999999991257 ) ;
#7318 = DIRECTION ( 'NONE',  ( 1.000000000000000000, 0.000000000000000000, 9.035018104045875625E-17 ) ) ;
#7319 = DIRECTION ( 'NONE',  ( 0.000000000000000000, -3.794707603699256053E-15, 1.000000000000000000 ) ) ;
#7320 = DIRECTION ( 'NONE',  ( -0.9098789178756583329, -0.4148739022949274324, -0.000000000000000000 ) ) ;
#7321 = CARTESIAN_POINT ( 'NONE',  ( -2.017386645469349649, -0.4676805559526472367, 0.02182845536391306990 ) ) ;
#7323 = VERTEX_POINT ( 'NONE', #8875 ) ;
#7322 = CARTESIAN_POINT ( 'NONE',  ( 0.2464402437188723538, -0.1000000000000000056, 1.346488774451193748 ) ) ;
#7324 = CARTESIAN_POINT ( 'NONE',  ( -2.172022516360312405, -1.288639156403750041, -1.280619391957610986 ) ) ;
#7325 = VERTEX_POINT ( 'NONE', #1923 ) ;
#7326 = DIRECTION ( 'NONE',  ( 0.7071067811865471286, -0.000000000000000000, 0.7071067811865480168 ) ) ;
#7327 = EDGE_LOOP ( 'NONE', ( #2396, #6888, #4902, #1555 ) ) ;
#7328 = AXIS2_PLACEMENT_3D ( 'NONE', #8830, #3450, #1136 ) ;
#7329 = ORIENTED_EDGE ( 'NONE', *, *, #485, .F. ) ;
#7330 = EDGE_CURVE ( 'NONE', #6952, #3762, #4334, .T. ) ;
#7331 = EDGE_CURVE ( 'NONE', #493, #9893, #6040, .T. ) ;
#7332 = CARTESIAN_POINT ( 'NONE',  ( 1.717059920472703283, -0.1231553721425316938, 1.392551290672471298 ) ) ;
#7333 = DIRECTION ( 'NONE',  ( 0.000000000000000000, 0.000000000000000000, -1.000000000000000000 ) ) ;
#7334 = CARTESIAN_POINT ( 'NONE',  ( -1.228081228912971889, -0.1000950300231941842, 1.833630390589984449 ) ) ;
#7335 = DIRECTION ( 'NONE',  ( -1.000000000000000000, 0.000000000000000000, 0.000000000000000000 ) ) ;
#7336 = CARTESIAN_POINT ( 'NONE',  ( -2.020662457652056432, -0.7011211333116030842, -0.3634619222726420129 ) ) ;
#7337 = DIRECTION ( 'NONE',  ( 0.000000000000000000, 0.000000000000000000, 1.000000000000000000 ) ) ;
#7338 = CARTESIAN_POINT ( 'NONE',  ( 0.6213454383285151872, -0.09999999999999996392, -1.179289321881345165 ) ) ;
#7339 = EDGE_LOOP ( 'NONE', ( #833, #3866, #6079, #5355 ) ) ;
#7340 = ITEM_DEFINED_TRANSFORMATION ( 'NONE', 'NONE', #6651,  #7646 ) ;
#7341 = LINE ( 'NONE', #7240, #9354 ) ;
#7342 = CARTESIAN_POINT ( 'NONE',  ( 1.917386645469350004, -0.6650180178729041547, -0.9299338753735266749 ) ) ;
#7343 = CARTESIAN_POINT ( 'NONE',  ( 1.944422970106652659, -0.7894801885613826897, 0.9157532022455919796 ) ) ;
#7344 = LINE ( 'NONE', #371, #9861 ) ;
#7345 = DIRECTION ( 'NONE',  ( 0.000000000000000000, 0.000000000000000000, 1.000000000000000000 ) ) ;
#7346 = PLANE ( 'NONE',  #3794 ) ;
#7347 = ORIENTED_EDGE ( 'NONE', *, *, #6175, .T. ) ;
#7348 = DIRECTION ( 'NONE',  ( -0.000000000000000000, -1.000000000000000000, 0.000000000000000000 ) ) ;
#7349 = LINE ( 'NONE', #1866, #4207 ) ;
#7350 = EDGE_LOOP ( 'NONE', ( #66, #103, #9580, #1002 ) ) ;
#7351 = EDGE_CURVE ( 'NONE', #9776, #793, #5372, .T. ) ;
#7352 = CARTESIAN_POINT ( 'NONE',  ( -1.717386645469347606, -1.420000000000000151, 1.399999999999999911 ) ) ;
#7353 = LINE ( 'NONE', #3388, #3366 ) ;
#7354 = PLANE ( 'NONE',  #5281 ) ;
#7355 = SPHERICAL_SURFACE ( 'NONE', #6867, 0.05000000000000000278 ) ;
#7356 = EDGE_LOOP ( 'NONE', ( #4732, #8543, #8323, #3528 ) ) ;
#7357 = CARTESIAN_POINT ( 'NONE',  ( 1.929805399873949057, -0.01360388899027135425, 1.003711601175305557 ) ) ;
#7358 = VECTOR ( 'NONE', #5106, 1000.000000000000000 ) ;
#7359 = ORIENTED_EDGE ( 'NONE', *, *, #8604, .T. ) ;
#7360 = CARTESIAN_POINT ( 'NONE',  ( 2.017386645469349649, -0.6750981762420600329, 0.3897976708984035032 ) ) ;
#7361 = EDGE_LOOP ( 'NONE', ( #9499, #3475, #7819 ) ) ;
#7362 = VERTEX_POINT ( 'NONE', #676 ) ;
#7363 = EDGE_CURVE ( 'NONE', #6982, #7101, #2313, .T. ) ;
#7364 = CARTESIAN_POINT ( 'NONE',  ( -1.899999999999999689, -0.1499999999999999667, 1.199999999999998845 ) ) ;
#7365 = DIRECTION ( 'NONE',  ( 0.000000000000000000, 0.000000000000000000, 1.000000000000000000 ) ) ;
#7366 = CARTESIAN_POINT ( 'NONE',  ( -1.499999999999999556, -1.269999999999999796, -1.099999999999999867 ) ) ;
#7367 = CARTESIAN_POINT ( 'NONE',  ( 1.845392560103486179, -0.1000000000000000056, 1.399999999999999245 ) ) ;
#7368 = DIRECTION ( 'NONE',  ( -0.4148739022949270994, 0.9098789178756585549, 0.000000000000000000 ) ) ;
#7369 = CARTESIAN_POINT ( 'NONE',  ( -1.917386645469350004, -0.6650180178729041547, 0.2471919620098809445 ) ) ;
#7370 = DIRECTION ( 'NONE',  ( 0.000000000000000000, 0.000000000000000000, 1.000000000000000000 ) ) ;
#7371 = ADVANCED_FACE ( 'NONE', ( #3788 ), #4495, .T. ) ;
#7372 = LINE ( 'NONE', #4370, #1220 ) ;
#7373 = VERTEX_POINT ( 'NONE', #4596 ) ;
#7374 = LINE ( 'NONE', #455, #702 ) ;
#7375 = ORIENTED_EDGE ( 'NONE', *, *, #4303, .F. ) ;
#7376 = VERTEX_POINT ( 'NONE', #7694 ) ;
#7377 = ORIENTED_EDGE ( 'NONE', *, *, #3307, .T. ) ;
#7378 = CARTESIAN_POINT ( 'NONE',  ( 1.715384737261162806, -0.1003968415546547532, 1.356666135327910805 ) ) ;
#7379 = VECTOR ( 'NONE', #1134, 1000.000000000000000 ) ;
#7380 = CARTESIAN_POINT ( 'NONE',  ( -1.899999999999999689, -0.1499999999999999667, -0.3499999999999999778 ) ) ;
#7381 = DIRECTION ( 'NONE',  ( 0.000000000000000000, 0.000000000000000000, -1.000000000000000000 ) ) ;
#7382 = DIRECTION ( 'NONE',  ( -0.000000000000000000, -9.346570452461245599E-18, -1.000000000000000000 ) ) ;
#7383 = ADVANCED_FACE ( 'NONE', ( #779 ), #6434, .F. ) ;
#7384 = LINE ( 'NONE', #616, #9002 ) ;
#7385 = FACE_OUTER_BOUND ( 'NONE', #3739, .T. ) ;
#7386 = LINE ( 'NONE', #2811, #4697 ) ;
#7387 = ORIENTED_EDGE ( 'NONE', *, *, #9496, .F. ) ;
#7388 = AXIS2_PLACEMENT_3D ( 'NONE', #9046, #4458, #7565 ) ;
#7389 = CYLINDRICAL_SURFACE ( 'NONE', #7893, 0.05000000000000002359 ) ;
#7390 = DIRECTION ( 'NONE',  ( -0.000000000000000000, -0.000000000000000000, 1.000000000000000000 ) ) ;
#7391 = DIRECTION ( 'NONE',  ( -0.000000000000000000, -1.000000000000000000, -0.000000000000000000 ) ) ;
#7392 = CARTESIAN_POINT ( 'NONE',  ( -1.224999999999999867, -0.4499999999999999001, 0.7500000000000002220 ) ) ;
#7393 = LINE ( 'NONE', #1323, #983 ) ;
#7394 = EDGE_CURVE ( 'NONE', #1511, #6803, #5716, .T. ) ;
#7395 = DIRECTION ( 'NONE',  ( 0.000000000000000000, 0.000000000000000000, -1.000000000000000000 ) ) ;
#7396 = ORIENTED_EDGE ( 'NONE', *, *, #4411, .T. ) ;
#7397 = CARTESIAN_POINT ( 'NONE',  ( -2.017386645469349649, -0.6650180178729041547, -1.510468355502019744 ) ) ;
#7398 = VERTEX_POINT ( 'NONE', #6833 ) ;
#7399 = AXIS2_PLACEMENT_3D ( 'NONE', #6124, #5261, #6924 ) ;
#7400 = CARTESIAN_POINT ( 'NONE',  ( -1.274999999999999911, -0.09912737967813563256, 2.100007615242180492 ) ) ;
#7401 = CARTESIAN_POINT ( 'NONE',  ( 0.4961224367392622625, -0.3517625296630363940, -1.298961782710780888 ) ) ;
#7402 = CARTESIAN_POINT ( 'NONE',  ( -1.921519207694747156, -0.7146959487271364875, 0.3708640314413621519 ) ) ;
#7403 = ORIENTED_EDGE ( 'NONE', *, *, #814, .F. ) ;
#7404 = CARTESIAN_POINT ( 'NONE',  ( 2.299999999999999378, -1.269999999999999796, 1.100000000000000089 ) ) ;
#7405 = AXIS2_PLACEMENT_3D ( 'NONE', #6675, #1547, #752 ) ;
#7406 = EDGE_LOOP ( 'NONE', ( #6104, #5508, #7513, #162 ) ) ;
#7407 = CARTESIAN_POINT ( 'NONE',  ( 2.020240156878192916, -0.6986819753968902535, 0.3390859147855463385 ) ) ;
#7408 = ORIENTED_EDGE ( 'NONE', *, *, #4459, .F. ) ;
#7409 = ORIENTED_EDGE ( 'NONE', *, *, #5662, .F. ) ;
#7410 = VECTOR ( 'NONE', #5773, 1000.000000000000114 ) ;
#7411 = EDGE_CURVE ( 'NONE', #4051, #5493, #1908, .T. ) ;
#7412 = CARTESIAN_POINT ( 'NONE',  ( 2.017386645469349649, -0.6650180178729041547, -0.2471919620098809445 ) ) ;
#7413 = LINE ( 'NONE', #5034, #3170 ) ;
#7414 = LINE ( 'NONE', #5751, #8752 ) ;
#7415 = DIRECTION ( 'NONE',  ( 1.000000000000000000, 3.252606517456510147E-15, -0.000000000000000000 ) ) ;
#7416 = LINE ( 'NONE', #500, #4778 ) ;
#7417 = EDGE_LOOP ( 'NONE', ( #5268, #3648, #2257, #8686, #1029, #2487 ) ) ;
#7418 = CARTESIAN_POINT ( 'NONE',  ( -0.4961224367392622625, -1.419999999999999929, 1.099999999999999867 ) ) ;
#7419 = B_SPLINE_SURFACE_WITH_KNOTS ( 'NONE', 1, 3, ( 
 ( #6086, #8985, #5230, #5128 ),
 ( #1332, #1378, #2165, #7600 ) ),
 .UNSPECIFIED., .F., .F., .F.,
 ( 2, 2 ),
 ( 4, 4 ),
 ( 0.000000000000000000, 1.000000000000000000 ),
 ( 0.000000000000000000, 1.000000000000000000 ),
 .UNSPECIFIED. ) ;
#7420 = ORIENTED_EDGE ( 'NONE', *, *, #1661, .F. ) ;
#7421 = ADVANCED_FACE ( 'NONE', ( #1471 ), #2879, .T. ) ;
#7422 = LINE ( 'NONE', #2039, #7960 ) ;
#7423 = ORIENTED_EDGE ( 'NONE', *, *, #327, .F. ) ;
#7424 = ORIENTED_EDGE ( 'NONE', *, *, #4395, .F. ) ;
#7425 = ORIENTED_EDGE ( 'NONE', *, *, #575, .T. ) ;
#7426 = AXIS2_PLACEMENT_3D ( 'NONE', #7746, #6988, #881 ) ;
#7427 = B_SPLINE_CURVE_WITH_KNOTS ( 'NONE', 3,
 ( #3326, #5626, #5674, #9574, #6528, #9426, #2620, #8764, #7952, #1813 ),
 .UNSPECIFIED., .F., .F.,
 ( 4, 3, 3, 4 ),
 ( 0.000000000000000000, 3.848730360414642055E-05, 7.706982756200944282E-05, 9.093846203375279881E-05 ),
 .UNSPECIFIED. ) ;
#7428 = EDGE_CURVE ( 'NONE', #3664, #1560, #6923, .T. ) ;
#7429 = DIRECTION ( 'NONE',  ( -3.252606517456510147E-15, -1.000000000000000000, 0.000000000000000000 ) ) ;
#7430 = DIRECTION ( 'NONE',  ( 0.000000000000000000, 0.000000000000000000, 1.000000000000000000 ) ) ;
#7431 = DIRECTION ( 'NONE',  ( -0.6804760118468757835, -0.7327703578209006086, -0.000000000000000000 ) ) ;
#7432 = DIRECTION ( 'NONE',  ( 1.000000000000000000, 0.000000000000000000, 0.000000000000000000 ) ) ;
#7433 = AXIS2_PLACEMENT_3D ( 'NONE', #2034, #1198, #7368 ) ;
#7434 = CARTESIAN_POINT ( 'NONE',  ( -1.978423083457764964, -0.04814305775163993384, 0.9891855738082598881 ) ) ;
#7435 = EDGE_CURVE ( 'NONE', #9441, #8443, #6882, .T. ) ;
#7436 = CARTESIAN_POINT ( 'NONE',  ( -1.401148175457528122, -0.1499999999999999944, 1.399999999999999911 ) ) ;
#7437 = EDGE_LOOP ( 'NONE', ( #2448, #7645, #3171, #4059 ) ) ;
#7438 = ORIENTED_EDGE ( 'NONE', *, *, #2000, .T. ) ;
#7439 = EDGE_CURVE ( 'NONE', #9127, #7635, #4851, .T. ) ;
#7440 = DIRECTION ( 'NONE',  ( -5.421010862427532031E-16, 0.000000000000000000, 1.000000000000000000 ) ) ;
#7441 = CARTESIAN_POINT ( 'NONE',  ( -0.4961224367392622625, -0.2234557569309442437, -1.300000000000001155 ) ) ;
#7442 = CARTESIAN_POINT ( 'NONE',  ( -1.917386645469350004, -0.6650180178729041547, -0.9299338753735266749 ) ) ;
#7443 = CARTESIAN_POINT ( 'NONE',  ( 0.4961224367392622625, -0.1499999999999999667, -1.300000000000000044 ) ) ;
#7444 = CARTESIAN_POINT ( 'NONE',  ( 3.263239150410483087E-17, -0.1199999999999998290, 0.9420340378538883952 ) ) ;
#7445 = CARTESIAN_POINT ( 'NONE',  ( 1.920884751287916359, -0.7107424244132554136, 0.3727206849145581757 ) ) ;
#7446 = LINE ( 'NONE', #528, #2663 ) ;
#7447 = DIRECTION ( 'NONE',  ( -0.9098789178756583329, -0.4148739022949274324, -0.000000000000000000 ) ) ;
#7448 = SURFACE_SIDE_STYLE ('',( #2016 ) ) ;
#7449 = AXIS2_PLACEMENT_3D ( 'NONE', #3734, #8500, #9881 ) ;
#7450 = VERTEX_POINT ( 'NONE', #973 ) ;
#7451 = EDGE_CURVE ( 'NONE', #9450, #9365, #4147, .T. ) ;
#7452 = FACE_BOUND ( 'NONE', #4463, .T. ) ;
#7453 = LINE ( 'NONE', #9688, #7903 ) ;
#7454 = VECTOR ( 'NONE', #6285, 1000.000000000000000 ) ;
#7455 = AXIS2_PLACEMENT_3D ( 'NONE', #5685, #187, #5539 ) ;
#7456 = ADVANCED_FACE ( 'NONE', ( #7800 ), #6371, .F. ) ;
#7457 = CARTESIAN_POINT ( 'NONE',  ( 1.845392560103486179, -0.1000000000000000056, -1.399999999999999245 ) ) ;
#7458 = VERTEX_POINT ( 'NONE', #1715 ) ;
#7459 = DIRECTION ( 'NONE',  ( 0.000000000000000000, -0.000000000000000000, 1.000000000000000000 ) ) ;
#7460 = ORIENTED_EDGE ( 'NONE', *, *, #6336, .F. ) ;
#7461 = CARTESIAN_POINT ( 'NONE',  ( 1.900000000000000133, -0.6548169886614639834, 0.3499999999999999778 ) ) ;
#7462 = ORIENTED_EDGE ( 'NONE', *, *, #7843, .T. ) ;
#7463 = AXIS2_PLACEMENT_3D ( 'NONE', #6111, #9863, #9198 ) ;
#7464 = PRESENTATION_LAYER_ASSIGNMENT (  '', '', ( #4863 ) ) ;
#7465 = VECTOR ( 'NONE', #2117, 1000.000000000000000 ) ;
#7466 = CARTESIAN_POINT ( 'NONE',  ( -2.017386645469349649, -0.3274871287541996079, -0.4498892483251178409 ) ) ;
#7467 = CYLINDRICAL_SURFACE ( 'NONE', #9661, 0.05000000000000012768 ) ;
#7468 = DIRECTION ( 'NONE',  ( 1.000000000000000000, 0.000000000000000000, 0.000000000000000000 ) ) ;
#7469 = CIRCLE ( 'NONE', #1649, 0.2664636981603574206 ) ;
#7470 = CARTESIAN_POINT ( 'NONE',  ( 1.224999999999999867, -1.050000000000000044, 2.083410071915997808 ) ) ;
#7471 = CARTESIAN_POINT ( 'NONE',  ( -2.750719978802683929, -0.9316846845395710952, 0.7718015200835195433 ) ) ;
#7472 = CARTESIAN_POINT ( 'NONE',  ( -1.917386645469349782, -0.1499999999999991895, -0.9886127665261839059 ) ) ;
#7473 = EDGE_LOOP ( 'NONE', ( #3291, #9308, #1712 ) ) ;
#7474 = CARTESIAN_POINT ( 'NONE',  ( 0.4961224367392622625, -0.3365381571031996200, -1.300519108644608623 ) ) ;
#7475 = ORIENTED_EDGE ( 'NONE', *, *, #147, .F. ) ;
#7476 = EDGE_CURVE ( 'NONE', #6966, #9815, #4082, .T. ) ;
#7477 = ORIENTED_EDGE ( 'NONE', *, *, #9740, .F. ) ;
#7478 = ORIENTED_EDGE ( 'NONE', *, *, #8141, .T. ) ;
#7479 = VECTOR ( 'NONE', #4070, 1000.000000000000000 ) ;
#7480 = CARTESIAN_POINT ( 'NONE',  ( 1.920560591324458777, -0.7085566164225810537, 0.3744338400018483171 ) ) ;
#7481 = EDGE_CURVE ( 'NONE', #1602, #3710, #7073, .T. ) ;
#7482 = DIRECTION ( 'NONE',  ( -7.216449660063507652E-16, -1.232595164407829304E-32, -1.000000000000000000 ) ) ;
#7483 = LINE ( 'NONE', #8390, #8133 ) ;
#7484 = CARTESIAN_POINT ( 'NONE',  ( 0.4961224367392622625, -0.1000000000000000056, 1.247023181841393047 ) ) ;
#7485 = VECTOR ( 'NONE', #9101, 1000.000000000000000 ) ;
#7486 = LINE ( 'NONE', #2860, #6540 ) ;
#7487 = CARTESIAN_POINT ( 'NONE',  ( -1.921978176664527194, -0.009752905416966549043, 1.007248569279529882 ) ) ;
#7488 = CARTESIAN_POINT ( 'NONE',  ( -1.348948686836070276, -0.1107781323841482563, 1.344610933807926179 ) ) ;
#7489 = ORIENTED_EDGE ( 'NONE', *, *, #7256, .F. ) ;
#7490 = EDGE_CURVE ( 'NONE', #7679, #3, #5476, .T. ) ;
#7491 = ORIENTED_EDGE ( 'NONE', *, *, #6637, .T. ) ;
#7492 = CIRCLE ( 'NONE', #3752, 0.07999999999999998779 ) ;
#7493 = ADVANCED_FACE ( 'NONE', ( #4029 ), #7134, .T. ) ;
#7494 = DIRECTION ( 'NONE',  ( 0.000000000000000000, -1.000000000000000000, -0.000000000000000000 ) ) ;
#7495 = CARTESIAN_POINT ( 'NONE',  ( -1.700001432804958412, -7.560171795458674460, 1.200757046848291099 ) ) ;
#7496 = CARTESIAN_POINT ( 'NONE',  ( -0.4961224367392622625, -1.157941351547631115, -1.317018251800484707 ) ) ;
#7497 = DIRECTION ( 'NONE',  ( 0.4148739022949274879, 0.9098789178756583329, 0.000000000000000000 ) ) ;
#7498 = CARTESIAN_POINT ( 'NONE',  ( 1.867386645469348405, -0.09999999999999976963, -0.4218284553639131129 ) ) ;
#7499 = DIRECTION ( 'NONE',  ( -1.000000000000000000, 0.000000000000000000, 0.000000000000000000 ) ) ;
#7500 = CARTESIAN_POINT ( 'NONE',  ( 2.017386645469349649, -0.6650180178729041547, -1.510468355502019744 ) ) ;
#7501 = EDGE_CURVE ( 'NONE', #440, #9896, #3981, .T. ) ;
#7502 = VERTEX_POINT ( 'NONE', #220 ) ;
#7503 = VECTOR ( 'NONE', #1577, 1000.000000000000000 ) ;
#7504 = LINE ( 'NONE', #2878, #8360 ) ;
#7505 = FACE_OUTER_BOUND ( 'NONE', #8067, .T. ) ;
#7506 = DIRECTION ( 'NONE',  ( 0.000000000000000000, 1.000000000000000000, -0.000000000000000000 ) ) ;
#7507 = EDGE_LOOP ( 'NONE', ( #2281, #5221, #8991, #8425 ) ) ;
#7508 = CARTESIAN_POINT ( 'NONE',  ( 1.899999999999999689, -0.1499999999999999667, -0.3500000000000000333 ) ) ;
#7509 = EDGE_CURVE ( 'NONE', #9102, #5439, #3225, .T. ) ;
#7510 = VERTEX_POINT ( 'NONE', #268 ) ;
#7511 = EDGE_CURVE ( 'NONE', #5455, #8139, #4750, .T. ) ;
#7512 = DIRECTION ( 'NONE',  ( -1.387778780781444443E-16, 1.232595164407829851E-32, -1.000000000000000000 ) ) ;
#7513 = ORIENTED_EDGE ( 'NONE', *, *, #6934, .F. ) ;
#7514 = FACE_OUTER_BOUND ( 'NONE', #5014, .T. ) ;
#7515 = CARTESIAN_POINT ( 'NONE',  ( 2.017386645469349649, -0.4676805559526491241, 0.02182845536391307684 ) ) ;
#7516 = CIRCLE ( 'NONE', #5742, 0.1749999999999998224 ) ;
#7517 = DIRECTION ( 'NONE',  ( -1.000000000000000000, -3.252606517456510541E-15, 0.000000000000000000 ) ) ;
#7518 = CARTESIAN_POINT ( 'NONE',  ( -0.4971085301156361602, -0.02259960464239052155, -1.330224352551091949 ) ) ;
#7519 = CARTESIAN_POINT ( 'NONE',  ( -1.922326481090380401, -0.7192578538392432330, -0.3389253844496104007 ) ) ;
#7520 = ORIENTED_EDGE ( 'NONE', *, *, #5847, .F. ) ;
#7521 = EDGE_CURVE ( 'NONE', #4432, #8443, #5294, .T. ) ;
#7522 = ORIENTED_EDGE ( 'NONE', *, *, #3616, .T. ) ;
#7523 = CARTESIAN_POINT ( 'NONE',  ( -1.900001432804958590, -1.419999999999999929, -0.5000000000000000000 ) ) ;
#7524 = ORIENTED_EDGE ( 'NONE', *, *, #9874, .T. ) ;
#7525 = ORIENTED_EDGE ( 'NONE', *, *, #5419, .F. ) ;
#7526 = VECTOR ( 'NONE', #4549, 1000.000000000000000 ) ;
#7527 = EDGE_LOOP ( 'NONE', ( #5834, #69, #1372, #1421 ) ) ;
#7528 = CARTESIAN_POINT ( 'NONE',  ( 2.020267033835494441, -0.6988483562943077487, 0.3659697877904978802 ) ) ;
#7529 = CARTESIAN_POINT ( 'NONE',  ( 1.249956538025394304, -0.1066735511241133083, 1.872594282557371592 ) ) ;
#7530 = CARTESIAN_POINT ( 'NONE',  ( -1.899999999999999689, -0.1499999999999999667, 0.3499999999999999778 ) ) ;
#7531 = DIRECTION ( 'NONE',  ( 1.000000000000000000, -0.000000000000000000, -0.000000000000000000 ) ) ;
#7532 = ORIENTED_EDGE ( 'NONE', *, *, #7296, .T. ) ;
#7533 = CARTESIAN_POINT ( 'NONE',  ( -2.017386645469349649, -0.6650180178729041547, 0.9299338753735260088 ) ) ;
#7534 = UNCERTAINTY_MEASURE_WITH_UNIT (LENGTH_MEASURE( 1.000000000000000082E-05 ), #8620, 'distance_accuracy_value', 'NONE');
#7535 = CARTESIAN_POINT ( 'NONE',  ( 0.9749999999999999778, -1.719999999999999085, 1.125000000000000222 ) ) ;
#7536 = ORIENTED_EDGE ( 'NONE', *, *, #2337, .F. ) ;
#7537 = VERTEX_POINT ( 'NONE', #1019 ) ;
#7538 = ADVANCED_FACE ( 'NONE', ( #9370 ), #924, .T. ) ;
#7539 = CARTESIAN_POINT ( 'NONE',  ( 1.899999999999999689, -7.560171795458674460, -0.5000000000000000000 ) ) ;
#7540 = DIRECTION ( 'NONE',  ( -0.000000000000000000, 0.9998476951563913806, 0.01745240643728535740 ) ) ;
#7541 = DIRECTION ( 'NONE',  ( -1.000000000000000000, -7.703719777548937938E-33, -1.110223024625155801E-16 ) ) ;
#7542 = PLANE ( 'NONE',  #1385 ) ;
#7543 = ORIENTED_EDGE ( 'NONE', *, *, #7120, .F. ) ;
#7544 = DIRECTION ( 'NONE',  ( 0.000000000000000000, 0.000000000000000000, 1.000000000000000000 ) ) ;
#7545 = CIRCLE ( 'NONE', #2519, 0.3750000000000001665 ) ;
#7546 = EDGE_CURVE ( 'NONE', #2991, #3977, #941, .T. ) ;
#7547 = ORIENTED_EDGE ( 'NONE', *, *, #331, .T. ) ;
#7548 = FACE_OUTER_BOUND ( 'NONE', #9592, .T. ) ;
#7549 = VECTOR ( 'NONE', #1882, 1000.000000000000000 ) ;
#7550 = ADVANCED_FACE ( 'NONE', ( #4906 ), #880, .T. ) ;
#7551 = CARTESIAN_POINT ( 'NONE',  ( -1.922316043032748389, -0.7251426146075679036, 0.3545260433431360880 ) ) ;
#7552 = DIRECTION ( 'NONE',  ( 0.000000000000000000, 0.000000000000000000, 1.000000000000000000 ) ) ;
#7553 = LINE ( 'NONE', #2024, #7526 ) ;
#7554 = EDGE_LOOP ( 'NONE', ( #5316, #6818, #3143, #7780, #9319, #3868 ) ) ;
#7555 = PLANE ( 'NONE',  #5440 ) ;
#7556 = ADVANCED_FACE ( 'NONE', ( #2414 ), #4079, .T. ) ;
#7557 = AXIS2_PLACEMENT_3D ( 'NONE', #8917, #7242, #4237 ) ;
#7558 = VECTOR ( 'NONE', #3700, 1000.000000000000000 ) ;
#7559 = DIRECTION ( 'NONE',  ( 1.000000000000000000, -0.000000000000000000, -2.166632114861838388E-15 ) ) ;
#7560 = ORIENTED_EDGE ( 'NONE', *, *, #2253, .F. ) ;
#7561 = EDGE_CURVE ( 'NONE', #6754, #9270, #6735, .T. ) ;
#7562 = CARTESIAN_POINT ( 'NONE',  ( -1.962081214048436273, -0.03366884045269506048, -0.9923583504424268176 ) ) ;
#7563 = CARTESIAN_POINT ( 'NONE',  ( -2.018396645469350048, -0.6650180178729041547, -0.3949867687062132426 ) ) ;
#7564 = AXIS2_PLACEMENT_3D ( 'NONE', #1760, #129, #7895 ) ;
#7565 = DIRECTION ( 'NONE',  ( -0.9098789178756582219, 0.4148739022949275435, 0.000000000000000000 ) ) ;
#7566 = DIRECTION ( 'NONE',  ( -0.9098789178756583329, 0.4148739022949274324, 0.000000000000000000 ) ) ;
#7567 = CARTESIAN_POINT ( 'NONE',  ( -1.921094758098777389, -0.7121557434612646453, -0.3738126732442426103 ) ) ;
#7568 = ORIENTED_EDGE ( 'NONE', *, *, #9063, .T. ) ;
#7569 = ORIENTED_EDGE ( 'NONE', *, *, #2543, .T. ) ;
#7570 = CARTESIAN_POINT ( 'NONE',  ( -1.699999999999999734, -7.560171795458674460, -1.200000000000000178 ) ) ;
#7571 = VERTEX_POINT ( 'NONE', #4130 ) ;
#7572 = ORIENTED_EDGE ( 'NONE', *, *, #5949, .T. ) ;
#7573 = EDGE_LOOP ( 'NONE', ( #4821, #516, #9403, #5618, #898 ) ) ;
#7574 = CONICAL_SURFACE ( 'NONE', #7250, 0.1749999999999998224, 0.7853981633974473908 ) ;
#7575 = ADVANCED_FACE ( 'NONE', ( #6575 ), #3432, .F. ) ;
#7576 = CARTESIAN_POINT ( 'NONE',  ( 2.019502609372755941, -0.6940437502393550506, 0.3744338400018483171 ) ) ;
#7577 = PLANE ( 'NONE',  #7463 ) ;
#7578 = CARTESIAN_POINT ( 'NONE',  ( 1.679389374268562163, -1.178293477248595122, -1.215980034511265906 ) ) ;
#7580 = ORIENTED_EDGE ( 'NONE', *, *, #5344, .T. ) ;
#7579 = DIRECTION ( 'NONE',  ( -2.465190328815661892E-32, 1.000000000000000000, -2.465190328815661892E-32 ) ) ;
#7581 = AXIS2_PLACEMENT_3D ( 'NONE', #5434, #4560, #691 ) ;
#7582 = CARTESIAN_POINT ( 'NONE',  ( 0.4961224367392622625, 0.000000000000000000, 1.247023181841393047 ) ) ;
#7583 = PLANE ( 'NONE',  #4037 ) ;
#7584 = ORIENTED_EDGE ( 'NONE', *, *, #2783, .F. ) ;
#7585 = ORIENTED_EDGE ( 'NONE', *, *, #2253, .T. ) ;
#7586 = CARTESIAN_POINT ( 'NONE',  ( -0.4961224367392619294, -1.419999999999999929, 0.5000000000000005551 ) ) ;
#7587 = CARTESIAN_POINT ( 'NONE',  ( 1.879482455756483761, -0.0004884908326529758182, 0.4045357082766989354 ) ) ;
#7588 = AXIS2_PLACEMENT_3D ( 'NONE', #8215, #7552, #3691 ) ;
#7589 = PLANE ( 'NONE',  #8716 ) ;
#7590 = DIRECTION ( 'NONE',  ( -0.4148739022949270994, 0.9098789178756585549, 8.881784197001254296E-16 ) ) ;
#7591 = CARTESIAN_POINT ( 'NONE',  ( 0.000000000000000000, -1.419999999999999929, 4.336808689942017736E-16 ) ) ;
#7592 = DIRECTION ( 'NONE',  ( 0.7071067811865477948, 0.000000000000000000, -0.7071067811865473507 ) ) ;
#7593 = VERTEX_POINT ( 'NONE', #2720 ) ;
#7594 = EDGE_LOOP ( 'NONE', ( #7022, #8750, #450, #7377 ) ) ;
#7595 = EDGE_CURVE ( 'NONE', #2439, #4746, #7241, .T. ) ;
#7596 = AXIS2_PLACEMENT_3D ( 'NONE', #7686, #3733, #5466 ) ;
#7597 = DIRECTION ( 'NONE',  ( -0.000000000000000000, -0.000000000000000000, -1.000000000000000000 ) ) ;
#7598 = CARTESIAN_POINT ( 'NONE',  ( -1.920247193192469615, -0.7073055883169304670, 0.3820832415370515323 ) ) ;
#7599 = EDGE_CURVE ( 'NONE', #4359, #3762, #7880, .T. ) ;
#7600 = CARTESIAN_POINT ( 'NONE',  ( 2.017386645469349649, -0.6650180178729037106, 0.2471919620098809445 ) ) ;
#7601 = ORIENTED_EDGE ( 'NONE', *, *, #5681, .F. ) ;
#7602 = CYLINDRICAL_SURFACE ( 'NONE', #5447, 0.04999999999999991257 ) ;
#7603 = DIRECTION ( 'NONE',  ( 0.000000000000000000, -1.000000000000000000, 0.000000000000000000 ) ) ;
#7604 = EDGE_LOOP ( 'NONE', ( #7050, #3852, #4110, #5535 ) ) ;
#7605 = EDGE_CURVE ( 'NONE', #9776, #3664, #9783, .T. ) ;
#7606 = VECTOR ( 'NONE', #7739, 1000.000000000000000 ) ;
#7607 = CIRCLE ( 'NONE', #9884, 0.3750000000000001110 ) ;
#7608 = CARTESIAN_POINT ( 'NONE',  ( 0.000000000000000000, -1.269999999999999796, 0.000000000000000000 ) ) ;
#7609 = CARTESIAN_POINT ( 'NONE',  ( -2.017386645469349649, -0.4368187788597396870, -0.9559338944844643082 ) ) ;
#7610 = EDGE_CURVE ( 'NONE', #5546, #9450, #9730, .T. ) ;
#7611 = CARTESIAN_POINT ( 'NONE',  ( -2.022329707344597605, -0.7048438406429416991, -0.3543621333355672642 ) ) ;
#7612 = LINE ( 'NONE', #6792, #451 ) ;
#7613 = FACE_OUTER_BOUND ( 'NONE', #6530, .T. ) ;
#7614 = FACE_OUTER_BOUND ( 'NONE', #7437, .T. ) ;
#7615 = ORIENTED_EDGE ( 'NONE', *, *, #4531, .T. ) ;
#7616 = VERTEX_POINT ( 'NONE', #5775 ) ;
#7617 = AXIS2_PLACEMENT_3D ( 'NONE', #6732, #3742, #6880 ) ;
#7618 = DIRECTION ( 'NONE',  ( -5.449175095217500610E-16, 0.000000000000000000, -1.000000000000000000 ) ) ;
#7619 = VERTEX_POINT ( 'NONE', #5008 ) ;
#7620 = EDGE_CURVE ( 'NONE', #782, #2922, #8098, .T. ) ;
#7621 = ORIENTED_EDGE ( 'NONE', *, *, #5620, .F. ) ;
#7622 = CIRCLE ( 'NONE', #6804, 0.04999999999999991257 ) ;
#7623 = CARTESIAN_POINT ( 'NONE',  ( 1.401148175457528344, -0.1499999999999999667, 1.400000000000000133 ) ) ;
#7624 = DIRECTION ( 'NONE',  ( 0.000000000000000000, 0.000000000000000000, 1.000000000000000000 ) ) ;
#7625 = AXIS2_PLACEMENT_3D ( 'NONE', #3103, #7109, #2444 ) ;
#7626 = DIRECTION ( 'NONE',  ( -0.000000000000000000, -1.000000000000000000, -0.000000000000000000 ) ) ;
#7627 = VECTOR ( 'NONE', #2291, 1000.000000000000000 ) ;
#7628 = CARTESIAN_POINT ( 'NONE',  ( -1.871305601635526283, -2.791653369035989745E-14, -0.3999799788407709666 ) ) ;
#7629 = PLANE ( 'NONE',  #2114 ) ;
#7630 = VERTEX_POINT ( 'NONE', #1271 ) ;
#7631 = CARTESIAN_POINT ( 'NONE',  ( 0.000000000000000000, -0.09999999999999982514, 1.208497736014245927 ) ) ;
#7632 = ORIENTED_EDGE ( 'NONE', *, *, #9128, .F. ) ;
#7633 = FACE_OUTER_BOUND ( 'NONE', #9118, .T. ) ;
#7634 = EDGE_CURVE ( 'NONE', #7261, #5920, #1069, .T. ) ;
#7635 = VERTEX_POINT ( 'NONE', #6472 ) ;
#7636 = ADVANCED_FACE ( 'NONE', ( #8918 ), #5878, .T. ) ;
#7637 = LINE ( 'NONE', #8352, #205 ) ;
#7638 = VECTOR ( 'NONE', #9053, 1000.000000000000000 ) ;
#7639 = DIRECTION ( 'NONE',  ( 1.000000000000000000, 0.000000000000000000, 1.805093951117126478E-16 ) ) ;
#7640 = FACE_OUTER_BOUND ( 'NONE', #1765, .T. ) ;
#7641 = DIRECTION ( 'NONE',  ( 1.000000000000000000, -3.851859888774471706E-33, 5.551115123125782702E-17 ) ) ;
#7642 = DIRECTION ( 'NONE',  ( 0.000000000000000000, 0.000000000000000000, 1.000000000000000000 ) ) ;
#7643 = VECTOR ( 'NONE', #6957, 1000.000000000000000 ) ;
#7644 = ORIENTED_EDGE ( 'NONE', *, *, #6981, .T. ) ;
#7645 = ORIENTED_EDGE ( 'NONE', *, *, #1275, .F. ) ;
#7646 = AXIS2_PLACEMENT_3D ( 'NONE', #8515, #5669, #7702 ) ;
#7647 = B_SPLINE_CURVE_WITH_KNOTS ( 'NONE', 3,
 ( #9572, #6328, #3324, #9424 ),
 .UNSPECIFIED., .F., .F.,
 ( 4, 4 ),
 ( 0.000000000000000000, 1.000000000000000000 ),
 .UNSPECIFIED. ) ;
#7648 = CARTESIAN_POINT ( 'NONE',  ( 0.2595474544006036721, -1.129758684204758445, -1.305797609947138227 ) ) ;
#7649 = DIRECTION ( 'NONE',  ( 0.000000000000000000, 0.000000000000000000, -1.000000000000000000 ) ) ;
#7650 = CARTESIAN_POINT ( 'NONE',  ( -1.716113456222765121, -0.1046564156212675539, 1.371800536751437205 ) ) ;
#7651 = ORIENTED_EDGE ( 'NONE', *, *, #3060, .F. ) ;
#7652 = CARTESIAN_POINT ( 'NONE',  ( 1.944422970106652215, -0.7894801885613822456, -0.9157532022455918685 ) ) ;
#7653 = CARTESIAN_POINT ( 'NONE',  ( 1.200000000000000178, -0.1072190875874354382, 2.125000000000000000 ) ) ;
#7654 = DIRECTION ( 'NONE',  ( 0.000000000000000000, 0.000000000000000000, 1.000000000000000000 ) ) ;
#7655 = VERTEX_POINT ( 'NONE', #320 ) ;
#7656 = ADVANCED_FACE ( 'NONE', ( #8156 ), #2011, .F. ) ;
#7657 = DIRECTION ( 'NONE',  ( 0.000000000000000000, -0.000000000000000000, 1.000000000000000000 ) ) ;
#7658 = DIRECTION ( 'NONE',  ( 0.000000000000000000, 1.000000000000000000, -9.346570452461245599E-18 ) ) ;
#7659 = DIRECTION ( 'NONE',  ( -0.3867505261627197100, 0.8482002562374226784, 0.3619120830141349665 ) ) ;
#7660 = ORIENTED_EDGE ( 'NONE', *, *, #2628, .T. ) ;
#7661 = ORIENTED_EDGE ( 'NONE', *, *, #4933, .F. ) ;
#7662 = DIRECTION ( 'NONE',  ( -1.000000000000000000, 0.000000000000000000, 0.000000000000000000 ) ) ;
#7663 = ORIENTED_EDGE ( 'NONE', *, *, #5313, .F. ) ;
#7664 = EDGE_LOOP ( 'NONE', ( #3630, #5590, #9854, #7536 ) ) ;
#7665 = ADVANCED_FACE ( 'NONE', ( #5727 ), #2373, .F. ) ;
#7666 = VECTOR ( 'NONE', #2037, 1000.000000000000000 ) ;
#7667 = DIRECTION ( 'NONE',  ( -1.000000000000000000, 0.000000000000000000, 0.000000000000000000 ) ) ;
#7668 = CARTESIAN_POINT ( 'NONE',  ( 2.021513889743262737, -0.7001021472847882565, 0.3577395339658829276 ) ) ;
#7669 = DIRECTION ( 'NONE',  ( 0.000000000000000000, -1.000000000000000000, 0.000000000000000000 ) ) ;
#7670 = CARTESIAN_POINT ( 'NONE',  ( -1.717386645469347606, -7.560171795458674460, 1.399999999999999911 ) ) ;
#7671 = DIRECTION ( 'NONE',  ( 0.000000000000000000, 1.000000000000000000, 0.000000000000000000 ) ) ;
#7672 = EDGE_CURVE ( 'NONE', #2245, #3631, #4342, .T. ) ;
#7673 = SPHERICAL_SURFACE ( 'NONE', #8982, 0.05000000000000000278 ) ;
#7674 = VERTEX_POINT ( 'NONE', #2057 ) ;
#7675 = LINE ( 'NONE', #6163, #8479 ) ;
#7676 = ORIENTED_EDGE ( 'NONE', *, *, #319, .F. ) ;
#7677 = CIRCLE ( 'NONE', #5909, 0.05000000000000005829 ) ;
#7678 = FACE_OUTER_BOUND ( 'NONE', #8871, .T. ) ;
#7679 = VERTEX_POINT ( 'NONE', #8000 ) ;
#7680 = EDGE_LOOP ( 'NONE', ( #3618, #4204, #9609, #5576 ) ) ;
#7681 = B_SPLINE_CURVE_WITH_KNOTS ( 'NONE', 3,
 ( #5812, #5659, #7986, #1210 ),
 .UNSPECIFIED., .F., .F.,
 ( 4, 4 ),
 ( 0.000000000000000000, 1.000000000000000000 ),
 .UNSPECIFIED. ) ;
#7682 = AXIS2_PLACEMENT_3D ( 'NONE', #5119, #8209, #7395 ) ;
#7683 = CARTESIAN_POINT ( 'NONE',  ( 1.200000000000000178, -0.05000000000000002359, 2.075000000000000178 ) ) ;
#7684 = CARTESIAN_POINT ( 'NONE',  ( 1.938660725303336330, -0.01739309451821583960, 0.4218284553639134460 ) ) ;
#7685 = EDGE_CURVE ( 'NONE', #3279, #9448, #8811, .T. ) ;
#7686 = CARTESIAN_POINT ( 'NONE',  ( -1.867386645469348405, -0.1499999999999996891, 0.9886127665261836839 ) ) ;
#7687 = LINE ( 'NONE', #5363, #7928 ) ;
#7688 = LINE ( 'NONE', #9267, #4286 ) ;
#7689 = B_SPLINE_CURVE_WITH_KNOTS ( 'NONE', 3,
 ( #4274, #3419, #1152, #4116, #7378, #3262, #6406, #9555, #8742, #304, #4892, #8798, #4225, #7332, #1799, #356, #407, #6357, #7229 ),
 .UNSPECIFIED., .F., .F.,
 ( 4, 3, 3, 3, 3, 3, 4 ),
 ( -4.468954584258860373E-06, 0.000000000000000000, 6.656117731567116242E-06, 2.365770047054919657E-05, 4.064371720682899804E-05, 5.762318118583556817E-05, 7.460305556361686242E-05 ),
 .UNSPECIFIED. ) ;
#7690 = AXIS2_PLACEMENT_3D ( 'NONE', #3426, #6518, #4230 ) ;
#7691 = EDGE_LOOP ( 'NONE', ( #2923, #4305, #1583, #1081 ) ) ;
#7692 = ORIENTED_EDGE ( 'NONE', *, *, #874, .T. ) ;
#7693 = LINE ( 'NONE', #7894, #1738 ) ;
#7694 = CARTESIAN_POINT ( 'NONE',  ( -2.019612439772662249, -0.6947730772922339204, 0.3252409048719800411 ) ) ;
#7695 = EDGE_CURVE ( 'NONE', #687, #285, #1117, .T. ) ;
#7696 = VECTOR ( 'NONE', #7815, 1000.000000000000000 ) ;
#7697 = FACE_OUTER_BOUND ( 'NONE', #4901, .T. ) ;
#7698 = LINE ( 'NONE', #3983, #1229 ) ;
#7699 = ORIENTED_EDGE ( 'NONE', *, *, #5684, .T. ) ;
#7700 = CARTESIAN_POINT ( 'NONE',  ( 1.917386645469348450, -0.07973365157532175118, -0.4901886125309882769 ) ) ;
#7701 = LINE ( 'NONE', #3986, #1472 ) ;
#7702 = DIRECTION ( 'NONE',  ( 1.000000000000000000, 0.000000000000000000, 0.000000000000000000 ) ) ;
#7703 = ORIENTED_EDGE ( 'NONE', *, *, #8956, .F. ) ;
#7704 = VECTOR ( 'NONE', #1678, 1000.000000000000000 ) ;
#7705 = VECTOR ( 'NONE', #9792, 1000.000000000000114 ) ;
#7706 = LINE ( 'NONE', #789, #5156 ) ;
#7707 = PLANE ( 'NONE',  #291 ) ;
#7708 = AXIS2_PLACEMENT_3D ( 'NONE', #3025, #4403, #2163 ) ;
#7709 = DIRECTION ( 'NONE',  ( -0.000000000000000000, 1.000000000000000000, -0.000000000000000000 ) ) ;
#7710 = VECTOR ( 'NONE', #9285, 1000.000000000000000 ) ;
#7711 = CARTESIAN_POINT ( 'NONE',  ( 2.018614557745124216, -0.6874063891339825538, -0.3846646814368178124 ) ) ;
#7712 = VERTEX_POINT ( 'NONE', #4535 ) ;
#7713 = ORIENTED_EDGE ( 'NONE', *, *, #19, .T. ) ;
#7714 = LINE ( 'NONE', #3854, #4401 ) ;
#7715 = ORIENTED_EDGE ( 'NONE', *, *, #4091, .T. ) ;
#7716 = EDGE_LOOP ( 'NONE', ( #5097, #2133, #6211, #8151, #9813, #7805, #3181, #391, #7713, #9089, #4339 ) ) ;
#7717 = EDGE_CURVE ( 'NONE', #7655, #6707, #4547, .T. ) ;
#7718 = VECTOR ( 'NONE', #3375, 1000.000000000000000 ) ;
#7719 = DIRECTION ( 'NONE',  ( 0.000000000000000000, 0.000000000000000000, 1.000000000000000000 ) ) ;
#7720 = CARTESIAN_POINT ( 'NONE',  ( 2.684053312136017055, -0.8983513512062378803, -0.7718015200835196543 ) ) ;
#7721 = CARTESIAN_POINT ( 'NONE',  ( -2.018614557745123328, -0.6874063891339822208, 0.3846646814368180900 ) ) ;
#7722 = LINE ( 'NONE', #8630, #5854 ) ;
#7723 = EDGE_CURVE ( 'NONE', #2374, #7450, #9071, .T. ) ;
#7725 = EDGE_LOOP ( 'NONE', ( #4096, #1572, #116, #813 ) ) ;
#7724 = DIRECTION ( 'NONE',  ( -0.000000000000000000, -0.000000000000000000, -1.000000000000000000 ) ) ;
#7726 = CARTESIAN_POINT ( 'NONE',  ( -1.224999999999999867, -0.4499999999999999001, 0.7500000000000002220 ) ) ;
#7727 = ORIENTED_EDGE ( 'NONE', *, *, #4283, .T. ) ;
#7728 = DIRECTION ( 'NONE',  ( -0.9888710284833839292, -0.1487752970967104460, 0.000000000000000000 ) ) ;
#7729 = VERTEX_POINT ( 'NONE', #8307 ) ;
#7730 = ORIENTED_EDGE ( 'NONE', *, *, #9528, .F. ) ;
#7731 = EDGE_CURVE ( 'NONE', #2042, #8527, #9164, .T. ) ;
#7732 = LINE ( 'NONE', #7785, #8267 ) ;
#7733 = CARTESIAN_POINT ( 'NONE',  ( 2.100000000000000089, -0.3653699307730465806, -0.3499999999999999778 ) ) ;
#7734 = DIRECTION ( 'NONE',  ( 0.000000000000000000, 0.000000000000000000, -1.000000000000000000 ) ) ;
#7735 = EDGE_CURVE ( 'NONE', #6991, #2134, #5895, .T. ) ;
#7736 = DIRECTION ( 'NONE',  ( 0.000000000000000000, 0.000000000000000000, 1.000000000000000000 ) ) ;
#7737 = PLANE ( 'NONE',  #5021 ) ;
#7738 = PLANE ( 'NONE',  #4111 ) ;
#7739 = DIRECTION ( 'NONE',  ( 1.000000000000000000, -2.157041537713704703E-32, -2.775557561562891967E-17 ) ) ;
#7740 = VERTEX_POINT ( 'NONE', #1516 ) ;
#7741 = ORIENTED_EDGE ( 'NONE', *, *, #4977, .F. ) ;
#7742 = EDGE_LOOP ( 'NONE', ( #3029, #8969, #7425, #8832 ) ) ;
#7743 = EDGE_CURVE ( 'NONE', #8700, #2944, #8399, .T. ) ;
#7744 = CARTESIAN_POINT ( 'NONE',  ( 1.995392560103486090, -0.1000000000000000056, -1.138612766526183595 ) ) ;
#7745 = CARTESIAN_POINT ( 'NONE',  ( -2.020294046774086638, -0.6930673633484280005, 0.3820832415370515323 ) ) ;
#7746 = CARTESIAN_POINT ( 'NONE',  ( -0.4961224367392622625, -1.419999999999999929, 1.382258232211409421 ) ) ;
#7747 = FACE_OUTER_BOUND ( 'NONE', #3245, .T. ) ;
#7748 = DIRECTION ( 'NONE',  ( 0.000000000000000000, 9.346570452461244058E-18, 1.000000000000000000 ) ) ;
#7749 = ORIENTED_EDGE ( 'NONE', *, *, #7012, .F. ) ;
#7750 = LINE ( 'NONE', #7851, #4455 ) ;
#7751 = DIRECTION ( 'NONE',  ( 0.000000000000000000, 1.000000000000000000, 0.000000000000000000 ) ) ;
#7752 = CIRCLE ( 'NONE', #6298, 0.1499999999999999667 ) ;
#7753 = VERTEX_POINT ( 'NONE', #6869 ) ;
#7754 = EDGE_CURVE ( 'NONE', #6482, #7398, #9669, .T. ) ;
#7755 = DIRECTION ( 'NONE',  ( -1.626303258728258032E-15, 0.000000000000000000, -1.000000000000000000 ) ) ;
#7756 = EDGE_CURVE ( 'NONE', #7071, #851, #7775, .T. ) ;
#7757 = DIRECTION ( 'NONE',  ( 1.000000000000000000, 0.000000000000000000, -0.000000000000000000 ) ) ;
#7758 = DIRECTION ( 'NONE',  ( 0.000000000000000000, 0.1132032137679068184, 0.9935718556765874565 ) ) ;
#7759 = CARTESIAN_POINT ( 'NONE',  ( -1.222027293227115674, -0.1045386933505413618, 2.120017563244768422 ) ) ;
#7760 = CARTESIAN_POINT ( 'NONE',  ( -1.499999999999999556, -1.269999999999999796, -0.6999999999999999556 ) ) ;
#7761 = CARTESIAN_POINT ( 'NONE',  ( -1.224999999999999645, -0.1038257139402040952, 2.118301270189221874 ) ) ;
#7762 = CARTESIAN_POINT ( 'NONE',  ( 2.017877563216933900, -0.6790225206773832234, -0.3901627166969493521 ) ) ;
#7763 = ORIENTED_EDGE ( 'NONE', *, *, #3371, .T. ) ;
#7764 = CARTESIAN_POINT ( 'NONE',  ( -2.017386645469348316, -0.1499999999999991895, -0.4218284553639137235 ) ) ;
#7765 = ORIENTED_EDGE ( 'NONE', *, *, #8196, .F. ) ;
#7766 = AXIS2_PLACEMENT_3D ( 'NONE', #2359, #7837, #9979 ) ;
#7767 = ORIENTED_EDGE ( 'NONE', *, *, #1105, .T. ) ;
#7768 = FACE_OUTER_BOUND ( 'NONE', #7527, .T. ) ;
#7769 = CARTESIAN_POINT ( 'NONE',  ( -2.017386645469349205, -0.6698940040485894531, 0.3941936450536450143 ) ) ;
#7770 = DIRECTION ( 'NONE',  ( 0.000000000000000000, 0.000000000000000000, 1.000000000000000000 ) ) ;
#7771 = AXIS2_PLACEMENT_3D ( 'NONE', #4915, #3440, #9578 ) ;
#7772 = DIRECTION ( 'NONE',  ( -0.4148739022949270994, -0.9098789178756585549, 0.000000000000000000 ) ) ;
#7773 = AXIS2_PLACEMENT_3D ( 'NONE', #1889, #2644, #5753 ) ;
#7774 = ORIENTED_EDGE ( 'NONE', *, *, #1371, .T. ) ;
#7775 =( BOUNDED_CURVE ( )  B_SPLINE_CURVE ( 3, ( #3681, #2965, #6072, #1461 ),
 .UNSPECIFIED., .F., .F. ) 
 B_SPLINE_CURVE_WITH_KNOTS ( ( 4, 4 ),
 ( 1.570796326794896558, 1.720125997871313261 ),
 .UNSPECIFIED. ) 
 CURVE ( )  GEOMETRIC_REPRESENTATION_ITEM ( )  RATIONAL_B_SPLINE_CURVE ( ( 1.000000000000000000, 0.9981425839180246840, 0.9981425839180246840, 1.000000000000000000 ) ) 
 REPRESENTATION_ITEM ( '' )  );
#7776 = EDGE_CURVE ( 'NONE', #4580, #1646, #9211, .T. ) ;
#7777 = CARTESIAN_POINT ( 'NONE',  ( 1.917386645469349560, -0.4676805559526494571, 0.02182845536391307684 ) ) ;
#7778 = ORIENTED_EDGE ( 'NONE', *, *, #3043, .T. ) ;
#7779 = CARTESIAN_POINT ( 'NONE',  ( 1.914825147993096444, -0.4835307575317822071, -0.5089130437326963019 ) ) ;
#7780 = ORIENTED_EDGE ( 'NONE', *, *, #4578, .T. ) ;
#7781 = ORIENTED_EDGE ( 'NONE', *, *, #2793, .T. ) ;
#7782 = VECTOR ( 'NONE', #9297, 1000.000000000000000 ) ;
#7783 = EDGE_CURVE ( 'NONE', #6287, #5329, #3508, .T. ) ;
#7784 = AXIS2_PLACEMENT_3D ( 'NONE', #856, #3913, #7014 ) ;
#7785 = CARTESIAN_POINT ( 'NONE',  ( 1.274999999999999911, -0.09999999999999976963, 1.825000000000000178 ) ) ;
#7786 = DIRECTION ( 'NONE',  ( -1.000000000000000000, -0.000000000000000000, -3.614007241618346306E-16 ) ) ;
#7787 = SURFACE_STYLE_USAGE ( .BOTH. , #4690 ) ;
#7788 = LINE ( 'NONE', #6870, #333 ) ;
#7789 = CARTESIAN_POINT ( 'NONE',  ( 1.869465645338756365, 2.412896293036640872E-16, -1.057014255153458482 ) ) ;
#7790 = EDGE_CURVE ( 'NONE', #57, #5472, #3061, .T. ) ;
#7791 = CARTESIAN_POINT ( 'NONE',  ( 1.499999999999999556, -1.269999999999999796, -1.099999999999999867 ) ) ;
#7792 = AXIS2_PLACEMENT_3D ( 'NONE', #7366, #8948, #1989 ) ;
#7793 = DIRECTION ( 'NONE',  ( -1.000000000000000000, 3.252606517456514091E-15, 0.000000000000000000 ) ) ;
#7794 = ORIENTED_EDGE ( 'NONE', *, *, #1843, .T. ) ;
#7795 = ORIENTED_EDGE ( 'NONE', *, *, #1713, .F. ) ;
#7796 = EDGE_LOOP ( 'NONE', ( #88, #5954, #7924, #2088 ) ) ;
#7797 = ADVANCED_FACE ( 'NONE', ( #577 ), #5978, .T. ) ;
#7798 = AXIS2_PLACEMENT_3D ( 'NONE', #3924, #7024, #9360 ) ;
#7799 = CARTESIAN_POINT ( 'NONE',  ( 1.499999999999999556, -1.419999999999999929, -0.6999999999999998446 ) ) ;
#7800 = FACE_OUTER_BOUND ( 'NONE', #7251, .T. ) ;
#7801 = DIRECTION ( 'NONE',  ( 0.1501478781677598739, 0.3292961744590264805, -0.9322122312909061348 ) ) ;
#7802 = CARTESIAN_POINT ( 'NONE',  ( 2.017386645469349649, -0.6650180178729041547, -0.3949867687062132982 ) ) ;
#7803 = EDGE_CURVE ( 'NONE', #6262, #2136, #6769, .T. ) ;
#7804 = LINE ( 'NONE', #884, #3946 ) ;
#7805 = ORIENTED_EDGE ( 'NONE', *, *, #3273, .T. ) ;
#7806 = LINE ( 'NONE', #5532, #1568 ) ;
#7807 = DIRECTION ( 'NONE',  ( 0.000000000000000000, 1.000000000000000000, -9.346570452461245599E-18 ) ) ;
#7808 = VECTOR ( 'NONE', #7728, 1000.000000000000114 ) ;
#7809 = ORIENTED_EDGE ( 'NONE', *, *, #3217, .F. ) ;
#7810 = DIRECTION ( 'NONE',  ( 0.000000000000000000, -0.000000000000000000, -1.000000000000000000 ) ) ;
#7811 = CARTESIAN_POINT ( 'NONE',  ( 1.917386645469350226, -0.6650180178729044878, -0.9299338753735266749 ) ) ;
#7812 = CARTESIAN_POINT ( 'NONE',  ( -1.215569654833685620, -0.1058106270048788655, 2.122514059480956838 ) ) ;
#7813 = EDGE_CURVE ( 'NONE', #4140, #7104, #4316, .T. ) ;
#7814 = CARTESIAN_POINT ( 'NONE',  ( -1.301148175457528033, -0.1999999999999999833, 0.7000000000000001776 ) ) ;
#7815 = DIRECTION ( 'NONE',  ( -1.000000000000000000, 0.000000000000000000, 0.000000000000000000 ) ) ;
#7816 = EDGE_LOOP ( 'NONE', ( #124, #5996, #3677, #3698 ) ) ;
#7817 = DIRECTION ( 'NONE',  ( 0.000000000000000000, 0.000000000000000000, -1.000000000000000000 ) ) ;
#7818 = EDGE_LOOP ( 'NONE', ( #3098, #6225, #9886, #3023 ) ) ;
#7819 = ORIENTED_EDGE ( 'NONE', *, *, #7094, .F. ) ;
#7820 = LINE ( 'NONE', #9541, #2867 ) ;
#7821 = CARTESIAN_POINT ( 'NONE',  ( 2.020286823979978053, -0.6923906220193787320, 0.3761878563608317960 ) ) ;
#7822 = CARTESIAN_POINT ( 'NONE',  ( -0.2464402437188723538, -0.1000000000000000056, 1.346488774451193748 ) ) ;
#7823 = EDGE_CURVE ( 'NONE', #6586, #9016, #9459, .T. ) ;
#7824 = CARTESIAN_POINT ( 'NONE',  ( -2.035410861894217938, -0.7479927983318892526, 0.9157532022455910914 ) ) ;
#7826 = ORIENTED_EDGE ( 'NONE', *, *, #1242, .T. ) ;
#7825 = DIRECTION ( 'NONE',  ( 0.000000000000000000, 0.000000000000000000, 1.000000000000000000 ) ) ;
#7827 = FACE_OUTER_BOUND ( 'NONE', #2488, .T. ) ;
#7828 = ORIENTED_EDGE ( 'NONE', *, *, #5620, .T. ) ;
#7829 = CARTESIAN_POINT ( 'NONE',  ( 2.035410861894218382, -0.7479927983318893636, 0.9157532022455918685 ) ) ;
#7830 = ORIENTED_EDGE ( 'NONE', *, *, #8678, .T. ) ;
#7831 = ORIENTED_EDGE ( 'NONE', *, *, #7735, .T. ) ;
#7832 = DIRECTION ( 'NONE',  ( -0.000000000000000000, -0.000000000000000000, -1.000000000000000000 ) ) ;
#7833 = DIRECTION ( 'NONE',  ( 0.000000000000000000, 0.000000000000000000, 1.000000000000000000 ) ) ;
#7834 = PRESENTATION_STYLE_ASSIGNMENT (( #3166 ) ) ;
#7835 = AXIS2_PLACEMENT_3D ( 'NONE', #8590, #9352, #9302 ) ;
#7836 = CARTESIAN_POINT ( 'NONE',  ( -1.799402302898350348, -0.1000000000000000056, -0.4218284553639131129 ) ) ;
#7837 = DIRECTION ( 'NONE',  ( -1.000000000000000000, 0.000000000000000000, 0.000000000000000000 ) ) ;
#7838 = EDGE_CURVE ( 'NONE', #6262, #8944, #4639, .T. ) ;
#7839 = ORIENTED_EDGE ( 'NONE', *, *, #3826, .T. ) ;
#7840 = ORIENTED_EDGE ( 'NONE', *, *, #8728, .T. ) ;
#7841 = ORIENTED_EDGE ( 'NONE', *, *, #4695, .T. ) ;
#7842 = AXIS2_PLACEMENT_3D ( 'NONE', #2432, #5541, #8621 ) ;
#7843 = EDGE_CURVE ( 'NONE', #8689, #922, #6315, .T. ) ;
#7844 = CARTESIAN_POINT ( 'NONE',  ( 1.499999999999999556, -1.419999999999999929, -1.099999999999999867 ) ) ;
#7845 = DIRECTION ( 'NONE',  ( 1.000000000000000000, 0.000000000000000000, 0.000000000000000000 ) ) ;
#7846 = CARTESIAN_POINT ( 'NONE',  ( -0.4961224367392622625, -0.3314104039620753284, -1.299999999999999600 ) ) ;
#7847 = CARTESIAN_POINT ( 'NONE',  ( 1.499999999999999556, -1.419999999999999929, 0.6999999999999999556 ) ) ;
#7848 = DIRECTION ( 'NONE',  ( 0.000000000000000000, 0.000000000000000000, -1.000000000000000000 ) ) ;
#7849 = EDGE_LOOP ( 'NONE', ( #9778, #748, #3343, #4163 ) ) ;
#7850 = EDGE_CURVE ( 'NONE', #2538, #3438, #4471, .T. ) ;
#7851 = CARTESIAN_POINT ( 'NONE',  ( 1.700000000000000178, -0.1000000000000000472, -1.149999999999999689 ) ) ;
#7852 = CIRCLE ( 'NONE', #9154, 0.1500000000000001887 ) ;
#7853 = DIRECTION ( 'NONE',  ( 0.000000000000000000, 0.000000000000000000, 1.000000000000000000 ) ) ;
#7854 = EDGE_LOOP ( 'NONE', ( #1203, #6703, #378, #6684 ) ) ;
#7855 = ADVANCED_FACE ( 'NONE', ( #120 ), #8213, .F. ) ;
#7856 = CARTESIAN_POINT ( 'NONE',  ( 0.6461224367392621737, -0.1000000000000000056, -1.351033706287569469 ) ) ;
#7857 = AXIS2_PLACEMENT_3D ( 'NONE', #8828, #1034, #4921 ) ;
#7858 = FACE_OUTER_BOUND ( 'NONE', #1035, .T. ) ;
#7859 = EDGE_CURVE ( 'NONE', #6478, #4426, #170, .T. ) ;
#7860 = CARTESIAN_POINT ( 'NONE',  ( -0.4961224367392622625, -0.1000000000000000056, -0.4218284553639134460 ) ) ;
#7861 = EDGE_LOOP ( 'NONE', ( #469, #4783, #9882, #7146, #2213, #8668, #8723, #6078, #5458, #4809, #6045 ) ) ;
#7862 = AXIS2_PLACEMENT_3D ( 'NONE', #1951, #4838, #3361 ) ;
#7863 = AXIS2_PLACEMENT_3D ( 'NONE', #7162, #240, #1197 ) ;
#7864 = CARTESIAN_POINT ( 'NONE',  ( 1.850000000000000089, -0.1000000000000000472, -1.199999999999999734 ) ) ;
#7865 = ORIENTED_EDGE ( 'NONE', *, *, #6080, .T. ) ;
#7866 = ORIENTED_EDGE ( 'NONE', *, *, #394, .F. ) ;
#7867 = EDGE_CURVE ( 'NONE', #6659, #4078, #3216, .T. ) ;
#7868 = PLANE ( 'NONE',  #1586 ) ;
#7869 = CARTESIAN_POINT ( 'NONE',  ( 1.849999522405189500, -0.1000000000000000472, 1.200000002410433364 ) ) ;
#7870 = AXIS2_PLACEMENT_3D ( 'NONE', #8570, #1536, #6098 ) ;
#7871 = CARTESIAN_POINT ( 'NONE',  ( 1.679389374268562163, -1.178293477248595122, -1.515980034511265950 ) ) ;
#7872 = CARTESIAN_POINT ( 'NONE',  ( -2.091446487696555945, -0.9525210893057762807, -0.5089130437326951917 ) ) ;
#7874 = ORIENTED_EDGE ( 'NONE', *, *, #9656, .F. ) ;
#7873 = CARTESIAN_POINT ( 'NONE',  ( 0.4961224367392622625, -0.3314104039620753839, -1.299999999999999600 ) ) ;
#7875 = DIRECTION ( 'NONE',  ( 0.000000000000000000, 0.000000000000000000, -1.000000000000000000 ) ) ;
#7876 = ORIENTED_EDGE ( 'NONE', *, *, #25, .T. ) ;
#7877 = CARTESIAN_POINT ( 'NONE',  ( -0.4961224367392622625, -0.1000000000000000056, 0.4218284553639131129 ) ) ;
#7878 = VERTEX_POINT ( 'NONE', #4741 ) ;
#7879 = ORIENTED_EDGE ( 'NONE', *, *, #25, .F. ) ;
#7880 = CIRCLE ( 'NONE', #1897, 0.04999999999999991257 ) ;
#7881 = EDGE_CURVE ( 'NONE', #6594, #9659, #3875, .T. ) ;
#7882 = CARTESIAN_POINT ( 'NONE',  ( -2.017386645469348316, -0.1499999999999991895, 0.9886127665261839059 ) ) ;
#7883 = EDGE_CURVE ( 'NONE', #1699, #9428, #1707, .T. ) ;
#7884 = DIRECTION ( 'NONE',  ( 0.000000000000000000, 1.000000000000000000, -9.346570452461245599E-18 ) ) ;
#7885 = B_SPLINE_CURVE_WITH_KNOTS ( 'NONE', 3,
 ( #5502, #6960, #4828, #4779, #7872, #4006, #6348, #7923, #6160, #3052 ),
 .UNSPECIFIED., .F., .F.,
 ( 4, 3, 3, 4 ),
 ( 0.000000000000000000, 2.580172345779893978E-05, 5.000000000000030733E-05, 0.0001000000000000001268 ),
 .UNSPECIFIED. ) ;
#7886 = PRESENTATION_LAYER_ASSIGNMENT (  '', '', ( #2207 ) ) ;
#7887 = DIRECTION ( 'NONE',  ( 0.000000000000000000, -1.000000000000000000, 0.000000000000000000 ) ) ;
#7888 = MANIFOLD_SOLID_BREP ( 'Boss-Extrude5[4]', #827 ) ;
#7889 = DIRECTION ( 'NONE',  ( 0.000000000000000000, 0.000000000000000000, 1.000000000000000000 ) ) ;
#7890 = ORIENTED_EDGE ( 'NONE', *, *, #4367, .F. ) ;
#7891 = ORIENTED_EDGE ( 'NONE', *, *, #4591, .T. ) ;
#7892 = ORIENTED_EDGE ( 'NONE', *, *, #2998, .F. ) ;
#7893 = AXIS2_PLACEMENT_3D ( 'NONE', #4182, #7440, #9727 ) ;
#7894 = CARTESIAN_POINT ( 'NONE',  ( 1.224999999999999867, -1.100000000000000089, 1.800000000000000044 ) ) ;
#7895 = DIRECTION ( 'NONE',  ( 0.000000000000000000, -0.9935718556765874565, -0.1132032137679068184 ) ) ;
#7896 = CARTESIAN_POINT ( 'NONE',  ( 1.301148175457528033, -0.1999999999999999833, 1.300000000000000266 ) ) ;
#7897 = LINE ( 'NONE', #3934, #8762 ) ;
#7898 = DIRECTION ( 'NONE',  ( 9.035018104045875625E-17, 0.000000000000000000, -1.000000000000000000 ) ) ;
#7899 = DIRECTION ( 'NONE',  ( 6.661338147750936284E-16, 2.465190328815660797E-32, 1.000000000000000000 ) ) ;
#7900 = VERTEX_POINT ( 'NONE', #1011 ) ;
#7901 = CARTESIAN_POINT ( 'NONE',  ( 1.920504353811869791, -0.7081562248384378755, -0.3774592280180910642 ) ) ;
#7902 = CARTESIAN_POINT ( 'NONE',  ( 1.995392560103486090, -0.1000000000000000056, 1.138612766526183817 ) ) ;
#7903 = VECTOR ( 'NONE', #2627, 1000.000000000000114 ) ;
#7904 = EDGE_CURVE ( 'NONE', #7065, #2863, #4072, .T. ) ;
#7905 = ORIENTED_EDGE ( 'NONE', *, *, #3890, .F. ) ;
#7906 = MANIFOLD_SOLID_BREP ( 'Boss-Extrude5[2]', #2411 ) ;
#7907 = CIRCLE ( 'NONE', #3536, 0.04999999999999991257 ) ;
#7908 = ADVANCED_FACE ( 'NONE', ( #7232 ), #1611, .T. ) ;
#7909 = CARTESIAN_POINT ( 'NONE',  ( -1.274999999999999911, -0.1499999999999998002, 0.7500000000000002220 ) ) ;
#7910 = FACE_OUTER_BOUND ( 'NONE', #7818, .T. ) ;
#7911 = AXIS2_PLACEMENT_3D ( 'NONE', #3925, #121, #9313 ) ;
#7912 = DIRECTION ( 'NONE',  ( 1.000000000000000000, -0.000000000000000000, -0.000000000000000000 ) ) ;
#7913 = ADVANCED_FACE ( 'NONE', ( #8191 ), #9507, .T. ) ;
#7914 = DIRECTION ( 'NONE',  ( 0.9098789178756583329, 0.4148739022949274879, -1.669681180172905078E-16 ) ) ;
#7915 = ORIENTED_EDGE ( 'NONE', *, *, #2919, .T. ) ;
#7916 = ORIENTED_EDGE ( 'NONE', *, *, #2401, .T. ) ;
#7917 = EDGE_CURVE ( 'NONE', #8248, #7740, #2708, .T. ) ;
#7918 = DIRECTION ( 'NONE',  ( 0.000000000000000000, 0.000000000000000000, 1.000000000000000000 ) ) ;
#7919 = DIRECTION ( 'NONE',  ( -2.465190328815661892E-32, 1.000000000000000000, 1.848892746611746419E-32 ) ) ;
#7920 = CARTESIAN_POINT ( 'NONE',  ( -2.020984041727465375, -0.7027820332842539264, 0.3490320119792776343 ) ) ;
#7921 = DIRECTION ( 'NONE',  ( 1.000000000000000000, 0.000000000000000000, -2.166632114861838388E-15 ) ) ;
#7922 = CARTESIAN_POINT ( 'NONE',  ( 2.017386645469349649, -0.4676805559526491241, 0.02182845536391307684 ) ) ;
#7923 = CARTESIAN_POINT ( 'NONE',  ( -2.061603504615511895, -0.9661284766226083676, -0.5089130437326950807 ) ) ;
#7924 = ORIENTED_EDGE ( 'NONE', *, *, #9591, .F. ) ;
#7925 = EDGE_CURVE ( 'NONE', #9068, #1201, #8746, .T. ) ;
#7926 = FACE_OUTER_BOUND ( 'NONE', #3863, .T. ) ;
#7927 = ORIENTED_EDGE ( 'NONE', *, *, #8650, .T. ) ;
#7928 = VECTOR ( 'NONE', #3829, 1000.000000000000000 ) ;
#7929 = DIRECTION ( 'NONE',  ( -0.000000000000000000, -0.000000000000000000, 1.000000000000000000 ) ) ;
#7930 = ORIENTED_EDGE ( 'NONE', *, *, #4995, .F. ) ;
#7931 = EDGE_LOOP ( 'NONE', ( #9202, #8396, #5045, #2801 ) ) ;
#7932 = DIRECTION ( 'NONE',  ( 1.000000000000000000, 0.000000000000000000, 0.000000000000000000 ) ) ;
#7933 = LINE ( 'NONE', #7882, #5029 ) ;
#7934 = AXIS2_PLACEMENT_3D ( 'NONE', #8569, #2530, #9333 ) ;
#7935 = LINE ( 'NONE', #9664, #4876 ) ;
#7936 = ADVANCED_FACE ( 'NONE', ( #9665 ), #8596, .T. ) ;
#7937 = CARTESIAN_POINT ( 'NONE',  ( -2.020037633867685312, -0.6975992327780412561, -0.3293448500281570546 ) ) ;
#7938 = DIRECTION ( 'NONE',  ( 1.000000000000000000, 0.000000000000000000, 0.000000000000000000 ) ) ;
#7939 = ADVANCED_FACE ( 'NONE', ( #9612 ), #2608, .T. ) ;
#7940 = ORIENTED_EDGE ( 'NONE', *, *, #1563, .T. ) ;
#7941 = AXIS2_PLACEMENT_3D ( 'NONE', #2476, #7751, #8615 ) ;
#7942 = VERTEX_POINT ( 'NONE', #4998 ) ;
#7943 =( LENGTH_UNIT ( ) NAMED_UNIT ( * ) SI_UNIT ( .MILLI., .METRE. ) );
#7944 = VECTOR ( 'NONE', #709, 1000.000000000000000 ) ;
#7945 = VERTEX_POINT ( 'NONE', #8088 ) ;
#7946 = VECTOR ( 'NONE', #5065, 1000.000000000000000 ) ;
#7947 = CARTESIAN_POINT ( 'NONE',  ( 1.845392560103486179, 0.000000000000000000, 1.399999999999999245 ) ) ;
#7948 = DIRECTION ( 'NONE',  ( 0.000000000000000000, 1.000000000000000000, -9.346570452461245599E-18 ) ) ;
#7949 = CIRCLE ( 'NONE', #9090, 0.1499999999999999667 ) ;
#7950 = DIRECTION ( 'NONE',  ( 0.000000000000000000, -1.000000000000000000, 0.000000000000000000 ) ) ;
#7951 = STYLED_ITEM ( 'NONE', ( #9372 ), #8286 ) ;
#7952 = CARTESIAN_POINT ( 'NONE',  ( 1.945483346733081431, -0.02184847652368794926, -0.4218284553639131684 ) ) ;
#7953 = EDGE_CURVE ( 'NONE', #2660, #3762, #410, .T. ) ;
#7954 = LINE ( 'NONE', #4241, #4601 ) ;
#7955 = ORIENTED_EDGE ( 'NONE', *, *, #9728, .T. ) ;
#7956 = DIRECTION ( 'NONE',  ( -1.000000000000000000, 0.000000000000000000, 0.000000000000000000 ) ) ;
#7957 = FACE_OUTER_BOUND ( 'NONE', #8769, .T. ) ;
#7958 = EDGE_LOOP ( 'NONE', ( #3961, #609, #7794, #9173, #4744 ) ) ;
#7959 = CYLINDRICAL_SURFACE ( 'NONE', #4858, 0.1352350503700165685 ) ;
#7960 = VECTOR ( 'NONE', #353, 1000.000000000000000 ) ;
#7961 = FACE_OUTER_BOUND ( 'NONE', #7262, .T. ) ;
#7962 = ORIENTED_EDGE ( 'NONE', *, *, #9927, .T. ) ;
#7963 = DIRECTION ( 'NONE',  ( 1.000000000000000000, 0.000000000000000000, 1.805093951117126478E-16 ) ) ;
#7964 = ORIENTED_EDGE ( 'NONE', *, *, #8834, .T. ) ;
#7965 = EDGE_CURVE ( 'NONE', #6943, #9741, #1058, .T. ) ;
#7966 = CARTESIAN_POINT ( 'NONE',  ( -0.9237652542620762297, -0.1000000000000000056, -1.399999999999999467 ) ) ;
#7967 = EDGE_LOOP ( 'NONE', ( #1642, #5017, #3415, #9764 ) ) ;
#7968 = VERTEX_POINT ( 'NONE', #308 ) ;
#7969 = VECTOR ( 'NONE', #6692, 1000.000000000000000 ) ;
#7970 = ADVANCED_FACE ( 'NONE', ( #3364 ), #9560, .F. ) ;
#7971 = PLANE ( 'NONE',  #3346 ) ;
#7972 = CARTESIAN_POINT ( 'NONE',  ( 1.917386645469348450, -0.1499999999999995226, 0.9886127665261839059 ) ) ;
#7973 = MANIFOLD_SOLID_BREP ( 'Fillet4', #4026 ) ;
#7974 = CARTESIAN_POINT ( 'NONE',  ( 0.9749999999999999778, -1.919999999999999929, 0.3749999999999998335 ) ) ;
#7975 = CARTESIAN_POINT ( 'NONE',  ( -1.224999999999999645, -1.050872620321864348, 2.133402456673817227 ) ) ;
#7976 = LINE ( 'NONE', #6603, #8188 ) ;
#7978 = VERTEX_POINT ( 'NONE', #4523 ) ;
#7977 = CARTESIAN_POINT ( 'NONE',  ( 1.274999999999999911, -1.050872620321864348, 2.133402456673817227 ) ) ;
#7979 = DIRECTION ( 'NONE',  ( 0.000000000000000000, 0.000000000000000000, -1.000000000000000000 ) ) ;
#7980 = VERTEX_POINT ( 'NONE', #8391 ) ;
#7981 = EDGE_CURVE ( 'NONE', #8661, #3464, #3469, .T. ) ;
#7982 = DIRECTION ( 'NONE',  ( -1.000000000000000000, 0.000000000000000000, 0.000000000000000000 ) ) ;
#7983 = VERTEX_POINT ( 'NONE', #5915 ) ;
#7984 = ORIENTED_EDGE ( 'NONE', *, *, #117, .F. ) ;
#7985 = ADVANCED_FACE ( 'NONE', ( #9013 ), #9773, .F. ) ;
#7986 = CARTESIAN_POINT ( 'NONE',  ( 1.917386645469350004, -0.6799509849805469575, 0.2732082762972503076 ) ) ;
#7987 = DIRECTION ( 'NONE',  ( -0.000000000000000000, -0.000000000000000000, 1.000000000000000000 ) ) ;
#7988 = CARTESIAN_POINT ( 'NONE',  ( -1.240361067941482931, -0.1024180959639365146, 1.845487558646852433 ) ) ;
#7989 = CARTESIAN_POINT ( 'NONE',  ( 0.9749999999999999778, -1.919999999999999929, 0.7500000000000000000 ) ) ;
#7990 = CARTESIAN_POINT ( 'NONE',  ( -1.917386645469349782, -0.5319001915892691557, -0.4166395980621656614 ) ) ;
#7991 = FACE_OUTER_BOUND ( 'NONE', #7119, .T. ) ;
#7992 = DIRECTION ( 'NONE',  ( 0.000000000000000000, 0.000000000000000000, -1.000000000000000000 ) ) ;
#7993 = EDGE_CURVE ( 'NONE', #2899, #6991, #8275, .T. ) ;
#7994 = ORIENTED_EDGE ( 'NONE', *, *, #5821, .F. ) ;
#7995 = ORIENTED_EDGE ( 'NONE', *, *, #9579, .T. ) ;
#7996 = EDGE_CURVE ( 'NONE', #7679, #3212, #1404, .T. ) ;
#7997 = PLANE ( 'NONE',  #5150 ) ;
#7998 = VECTOR ( 'NONE', #4526, 1000.000000000000000 ) ;
#7999 = DIRECTION ( 'NONE',  ( 1.000000000000000000, 0.000000000000000000, 3.614007241618346306E-16 ) ) ;
#8000 = CARTESIAN_POINT ( 'NONE',  ( 0.4961224367392622625, -0.1000000000000000056, 1.247023181841393047 ) ) ;
#8001 = DIRECTION ( 'NONE',  ( 5.222030135508703414E-16, -0.1605490890915466096, 0.9870278567456314267 ) ) ;
#8002 = DIRECTION ( 'NONE',  ( -1.000000000000000000, 0.000000000000000000, 0.000000000000000000 ) ) ;
#8003 = ORIENTED_EDGE ( 'NONE', *, *, #3334, .F. ) ;
#8004 = CARTESIAN_POINT ( 'NONE',  ( 1.922659574986222975, -0.7210176064713035293, -0.3462282779537338984 ) ) ;
#8005 = LINE ( 'NONE', #5832, #8103 ) ;
#8006 = CIRCLE ( 'NONE', #6546, 0.2000000000000000944 ) ;
#8007 = ORIENTED_EDGE ( 'NONE', *, *, #664, .T. ) ;
#8008 = EDGE_CURVE ( 'NONE', #3344, #2074, #5348, .T. ) ;
#8009 = CARTESIAN_POINT ( 'NONE',  ( -1.970168888348498459, -0.7022118421470479044, -0.3252409048719892559 ) ) ;
#8010 = CIRCLE ( 'NONE', #5916, 0.2500000000000000000 ) ;
#8011 = CARTESIAN_POINT ( 'NONE',  ( 1.250000000000000000, -0.1314971447477521482, 2.125000000000000000 ) ) ;
#8012 = ORIENTED_EDGE ( 'NONE', *, *, #8501, .T. ) ;
#8013 = CARTESIAN_POINT ( 'NONE',  ( 2.111012748687673302, -0.9137987518143187993, -0.3369225578399884791 ) ) ;
#8014 = ORIENTED_EDGE ( 'NONE', *, *, #4259, .F. ) ;
#8015 = EDGE_LOOP ( 'NONE', ( #2007, #9225, #5267, #5197 ) ) ;
#8016 = ORIENTED_EDGE ( 'NONE', *, *, #628, .T. ) ;
#8017 = VECTOR ( 'NONE', #6244, 1000.000000000000000 ) ;
#8018 = FACE_OUTER_BOUND ( 'NONE', #764, .T. ) ;
#8019 = FACE_OUTER_BOUND ( 'NONE', #3230, .T. ) ;
#8020 = PLANE ( 'NONE',  #7792 ) ;
#8021 = DIRECTION ( 'NONE',  ( 2.166632114861838388E-15, -0.000000000000000000, 1.000000000000000000 ) ) ;
#8022 = PLANE ( 'NONE',  #6941 ) ;
#8023 = VECTOR ( 'NONE', #1295, 1000.000000000000000 ) ;
#8024 = CARTESIAN_POINT ( 'NONE',  ( -2.122262099140556302, -0.9384702164696131499, -0.5089130437326951917 ) ) ;
#8025 = CYLINDRICAL_SURFACE ( 'NONE', #9399, 0.04999999999999991257 ) ;
#8026 = PLANE ( 'NONE',  #7027 ) ;
#8027 = VERTEX_POINT ( 'NONE', #5155 ) ;
#8028 = DIRECTION ( 'NONE',  ( 0.000000000000000000, 0.000000000000000000, 1.000000000000000000 ) ) ;
#8029 = ORIENTED_EDGE ( 'NONE', *, *, #6776, .F. ) ;
#8030 = EDGE_CURVE ( 'NONE', #3762, #8556, #2143, .T. ) ;
#8031 = VERTEX_POINT ( 'NONE', #8341 ) ;
#8032 = VECTOR ( 'NONE', #7090, 1000.000000000000000 ) ;
#8033 = CARTESIAN_POINT ( 'NONE',  ( 1.274999999999999911, 0.000000000000000000, 0.7500000000000002220 ) ) ;
#8034 = EDGE_CURVE ( 'NONE', #6554, #6915, #2237, .T. ) ;
#8035 = CARTESIAN_POINT ( 'NONE',  ( 1.344983577402405039, -0.1000000000000000056, 1.400000000000000355 ) ) ;
#8036 = LINE ( 'NONE', #6516, #5698 ) ;
#8037 = PRESENTATION_STYLE_ASSIGNMENT (( #4946 ) ) ;
#8038 = PLANE ( 'NONE',  #2985 ) ;
#8039 = UNCERTAINTY_MEASURE_WITH_UNIT (LENGTH_MEASURE( 1.000000000000000082E-05 ), #926, 'distance_accuracy_value', 'NONE');
#8040 = CYLINDRICAL_SURFACE ( 'NONE', #9883, 0.2664636981603574206 ) ;
#8041 = AXIS2_PLACEMENT_3D ( 'NONE', #1488, #10001, #8421 ) ;
#8042 = ORIENTED_EDGE ( 'NONE', *, *, #2577, .T. ) ;
#8043 = EDGE_CURVE ( 'NONE', #7502, #9486, #4474, .T. ) ;
#8044 = ORIENTED_EDGE ( 'NONE', *, *, #7124, .T. ) ;
#8045 = DIRECTION ( 'NONE',  ( 1.000000000000000000, 0.000000000000000000, 0.000000000000000000 ) ) ;
#8046 = CARTESIAN_POINT ( 'NONE',  ( 1.241637044319298777, -0.1027914633321016374, 2.103043169898387355 ) ) ;
#8047 = EDGE_CURVE ( 'NONE', #7630, #4217, #755, .T. ) ;
#8048 = VECTOR ( 'NONE', #2518, 1000.000000000000000 ) ;
#8049 = DIRECTION ( 'NONE',  ( 0.000000000000000000, -1.000000000000000000, 1.583310275509380931E-14 ) ) ;
#8050 = DIRECTION ( 'NONE',  ( -0.000000000000000000, -1.000000000000000000, -0.000000000000000000 ) ) ;
#8051 = CARTESIAN_POINT ( 'NONE',  ( 1.700001432804957968, -0.1499999999999999667, 1.200757046848291543 ) ) ;
#8052 = LINE ( 'NONE', #270, #453 ) ;
#8053 = LINE ( 'NONE', #1121, #5266 ) ;
#8054 = EDGE_LOOP ( 'NONE', ( #8627, #4047, #1083, #6310 ) ) ;
#8055 = CARTESIAN_POINT ( 'NONE',  ( -1.867386645469348405, 1.897353801849632760E-16, 0.4218284553639132239 ) ) ;
#8056 = CARTESIAN_POINT ( 'NONE',  ( 1.845392560103486179, -0.1000000000000000056, -1.399999999999999245 ) ) ;
#8057 = EDGE_CURVE ( 'NONE', #482, #3095, #9200, .T. ) ;
#8058 = CIRCLE ( 'NONE', #481, 0.2278784632047899938 ) ;
#8059 = ORIENTED_EDGE ( 'NONE', *, *, #2540, .F. ) ;
#8060 = CARTESIAN_POINT ( 'NONE',  ( -0.9749999999999999778, -1.919999999999999929, 0.3750000000000000000 ) ) ;
#8061 = DIRECTION ( 'NONE',  ( 3.333062883800339130E-16, -1.000000000000000000, 0.000000000000000000 ) ) ;
#8062 = VECTOR ( 'NONE', #9233, 1000.000000000000114 ) ;
#8063 = PLANE ( 'NONE',  #9468 ) ;
#8064 = ORIENTED_EDGE ( 'NONE', *, *, #5697, .T. ) ;
#8065 = LINE ( 'NONE', #5790, #9161 ) ;
#8066 = ADVANCED_FACE ( 'NONE', ( #9917 ), #7629, .F. ) ;
#8067 = EDGE_LOOP ( 'NONE', ( #4556, #2283, #8170, #7964 ) ) ;
#8068 = ADVANCED_FACE ( 'NONE', ( #6061 ), #8821, .T. ) ;
#8069 = ORIENTED_EDGE ( 'NONE', *, *, #534, .T. ) ;
#8070 = ORIENTED_EDGE ( 'NONE', *, *, #9749, .F. ) ;
#8071 = CARTESIAN_POINT ( 'NONE',  ( 1.899999999999999245, -1.420000000000000151, 1.199999999999999289 ) ) ;
#8072 = CARTESIAN_POINT ( 'NONE',  ( -2.263010408147878572, -1.247151766174257270, -1.280619391957610986 ) ) ;
#8073 = VECTOR ( 'NONE', #9122, 1000.000000000000000 ) ;
#8074 = CARTESIAN_POINT ( 'NONE',  ( 1.499999999999999556, -1.269999999999999796, -0.6999999999999999556 ) ) ;
#8075 = DIRECTION ( 'NONE',  ( 0.7071067811865471286, 0.000000000000000000, -0.7071067811865480168 ) ) ;
#8076 = DIRECTION ( 'NONE',  ( 0.000000000000000000, 0.7071067811865482389, 0.7071067811865469066 ) ) ;
#8078 = VERTEX_POINT ( 'NONE', #157 ) ;
#8077 = DIRECTION ( 'NONE',  ( 0.4148739022949274324, -0.9098789178756584439, 0.000000000000000000 ) ) ;
#8079 = DIRECTION ( 'NONE',  ( 0.000000000000000000, 0.000000000000000000, 1.000000000000000000 ) ) ;
#8080 = ORIENTED_EDGE ( 'NONE', *, *, #9246, .F. ) ;
#8081 = CARTESIAN_POINT ( 'NONE',  ( 0.4961224367392622625, -0.02996652931271188286, -1.340978262798510290 ) ) ;
#8082 = VERTEX_POINT ( 'NONE', #4777 ) ;
#8083 = CIRCLE ( 'NONE', #6775, 0.1499999999999999667 ) ;
#8084 = ORIENTED_EDGE ( 'NONE', *, *, #879, .F. ) ;
#8085 = CARTESIAN_POINT ( 'NONE',  ( 0.6006347602098600635, -0.1499999999999999667, -1.349999999999999867 ) ) ;
#8086 = CARTESIAN_POINT ( 'NONE',  ( 1.699999999999999734, -1.419999999999999929, 0.4999999999999997780 ) ) ;
#8087 = CARTESIAN_POINT ( 'NONE',  ( -1.699999999999999734, -1.420000000000000151, -1.200000000000000178 ) ) ;
#8088 = CARTESIAN_POINT ( 'NONE',  ( 1.200000000000000178, -0.05000000000000002359, 1.825000000000000178 ) ) ;
#8089 = CARTESIAN_POINT ( 'NONE',  ( 1.749182945851139648, -0.3612903674784972430, -1.344633953694285511 ) ) ;
#8090 = FACE_OUTER_BOUND ( 'NONE', #9919, .T. ) ;
#8091 = VERTEX_POINT ( 'NONE', #7110 ) ;
#8092 = EDGE_CURVE ( 'NONE', #4099, #2687, #6911, .T. ) ;
#8093 = VECTOR ( 'NONE', #2147, 1000.000000000000000 ) ;
#8094 = VECTOR ( 'NONE', #3637, 1000.000000000000000 ) ;
#8095 = DIRECTION ( 'NONE',  ( -5.449175095217500610E-16, 0.000000000000000000, 1.000000000000000000 ) ) ;
#8096 = CARTESIAN_POINT ( 'NONE',  ( -1.401148175457528122, -0.1499999999999999667, 1.350000000000000311 ) ) ;
#8097 = EDGE_CURVE ( 'NONE', #7593, #336, #4381, .T. ) ;
#8098 = LINE ( 'NONE', #2772, #9995 ) ;
#8099 = PRESENTATION_STYLE_ASSIGNMENT (( #1761 ) ) ;
#8100 = LINE ( 'NONE', #7291, #2422 ) ;
#8101 = FACE_OUTER_BOUND ( 'NONE', #2897, .T. ) ;
#8102 = CARTESIAN_POINT ( 'NONE',  ( -0.9237652542620762297, -0.1000000000000000056, -1.351033706287569469 ) ) ;
#8103 = VECTOR ( 'NONE', #9630, 1000.000000000000000 ) ;
#8104 = EDGE_LOOP ( 'NONE', ( #3368, #1867, #701, #229 ) ) ;
#8105 = CARTESIAN_POINT ( 'NONE',  ( 1.921923197932009719, -0.7169925421069152094, -0.3668755883081524227 ) ) ;
#8106 = CIRCLE ( 'NONE', #1635, 0.4000000000000000222 ) ;
#8107 = CYLINDRICAL_SURFACE ( 'NONE', #9736, 0.1499999999999999667 ) ;
#8108 = EDGE_CURVE ( 'NONE', #2739, #2630, #4827, .T. ) ;
#8109 = ORIENTED_EDGE ( 'NONE', *, *, #3650, .T. ) ;
#8110 = AXIS2_PLACEMENT_3D ( 'NONE', #8096, #9676, #1116 ) ;
#8111 = AXIS2_PLACEMENT_3D ( 'NONE', #6564, #8904, #7278 ) ;
#8112 = DIRECTION ( 'NONE',  ( 1.000000000000000000, 0.000000000000000000, 0.000000000000000000 ) ) ;
#8113 = AXIS2_PLACEMENT_3D ( 'NONE', #3716, #9153, #5298 ) ;
#8114 = EDGE_CURVE ( 'NONE', #9723, #4284, #9348, .T. ) ;
#8115 = CARTESIAN_POINT ( 'NONE',  ( 1.224999999999999867, -1.100000000000000089, 2.132544935071782444 ) ) ;
#8116 = EDGE_LOOP ( 'NONE', ( #5892, #5147, #2765, #4890 ) ) ;
#8117 = FACE_OUTER_BOUND ( 'NONE', #5290, .T. ) ;
#8118 = STYLED_ITEM ( 'NONE', ( #3947 ), #1335 ) ;
#8119 = ORIENTED_EDGE ( 'NONE', *, *, #3724, .F. ) ;
#8120 = CARTESIAN_POINT ( 'NONE',  ( 2.019921177921284894, -0.6967794544523554512, 0.3706337763257349649 ) ) ;
#8121 = ORIENTED_EDGE ( 'NONE', *, *, #628, .F. ) ;
#8122 = ORIENTED_EDGE ( 'NONE', *, *, #3283, .F. ) ;
#8123 = AXIS2_PLACEMENT_3D ( 'NONE', #7779, #3920, #3209 ) ;
#8124 = EDGE_CURVE ( 'NONE', #8455, #6594, #9567, .T. ) ;
#8125 = DIRECTION ( 'NONE',  ( 0.000000000000000000, 0.000000000000000000, -1.000000000000000000 ) ) ;
#8126 = CYLINDRICAL_SURFACE ( 'NONE', #4794, 0.04999999999999991257 ) ;
#8127 = DIRECTION ( 'NONE',  ( 1.000000000000000000, 0.000000000000000000, 0.000000000000000000 ) ) ;
#8128 = CARTESIAN_POINT ( 'NONE',  ( -1.499999999999999334, -1.419999999999999929, -0.6999999999999998446 ) ) ;
#8129 = CARTESIAN_POINT ( 'NONE',  ( 1.499999999999999556, -1.419999999999999929, -0.6999999999999998446 ) ) ;
#8130 = CARTESIAN_POINT ( 'NONE',  ( 1.995392560103486090, 0.000000000000000000, -0.9886127665261836839 ) ) ;
#8132 = VERTEX_POINT ( 'NONE', #6302 ) ;
#8131 = PLANE ( 'NONE',  #7773 ) ;
#8133 = VECTOR ( 'NONE', #6018, 1000.000000000000000 ) ;
#8134 = CARTESIAN_POINT ( 'NONE',  ( 1.333302514869668220, -0.1196668660553643349, 1.380333133944634749 ) ) ;
#8135 = VERTEX_POINT ( 'NONE', #2391 ) ;
#8136 = DIRECTION ( 'NONE',  ( 0.000000000000000000, 0.000000000000000000, -1.000000000000000000 ) ) ;
#8137 = ORIENTED_EDGE ( 'NONE', *, *, #8356, .T. ) ;
#8138 = VECTOR ( 'NONE', #3796, 1000.000000000000000 ) ;
#8139 = VERTEX_POINT ( 'NONE', #7062 ) ;
#8140 = ORIENTED_EDGE ( 'NONE', *, *, #3247, .T. ) ;
#8141 = EDGE_CURVE ( 'NONE', #3020, #687, #9394, .T. ) ;
#8142 = DIRECTION ( 'NONE',  ( 0.000000000000000000, 1.000000000000000000, 0.000000000000000000 ) ) ;
#8143 = LINE ( 'NONE', #6461, #1641 ) ;
#8144 = CARTESIAN_POINT ( 'NONE',  ( -1.250000000000000000, -0.1066987298107780202, 1.869694787719834217 ) ) ;
#8145 = SURFACE_SIDE_STYLE ('',( #1847 ) ) ;
#8146 = FACE_OUTER_BOUND ( 'NONE', #4481, .T. ) ;
#8147 = DIRECTION ( 'NONE',  ( 0.000000000000000000, -0.9998476951563911586, -0.01745240643728365737 ) ) ;
#8148 = CARTESIAN_POINT ( 'NONE',  ( 1.401148175457528344, -7.560171795458674460, 1.400000000000000133 ) ) ;
#8149 = CARTESIAN_POINT ( 'NONE',  ( -1.306353606437958170, -0.1590460791332520274, 1.340953920866746030 ) ) ;
#8150 = VERTEX_POINT ( 'NONE', #8584 ) ;
#8151 = ORIENTED_EDGE ( 'NONE', *, *, #1907, .T. ) ;
#8152 = SHAPE_DEFINITION_REPRESENTATION ( #3530, #8258 ) ;
#8153 = B_SPLINE_SURFACE_WITH_KNOTS ( 'NONE', 1, 3, ( 
 ( #6359, #253, #3215, #9457 ),
 ( #1610, #167, #6971, #9506 ),
 ( #815, #5560, #4738, #2555 ) ),
 .UNSPECIFIED., .F., .F., .F.,
 ( 2, 1, 2 ),
 ( 4, 4 ),
 ( -0.01000000000000000021, 0.000000000000000000, 1.000000000000000000 ),
 ( 0.000000000000000000, 1.000000000000000000 ),
 .UNSPECIFIED. ) ;
#8154 = CARTESIAN_POINT ( 'NONE',  ( 1.301148175457528033, -0.6083740602123934860, 0.7000000000000001776 ) ) ;
#8155 = CARTESIAN_POINT ( 'NONE',  ( 1.200000000000000178, -0.05000000000000002359, 1.875000000000000222 ) ) ;
#8156 = FACE_OUTER_BOUND ( 'NONE', #7272, .T. ) ;
#8157 = DIRECTION ( 'NONE',  ( 0.000000000000000000, 0.01745240643728520474, -0.9998476951563912696 ) ) ;
#8158 = CARTESIAN_POINT ( 'NONE',  ( 4.242956589728364716E-17, -0.1199999999999998290, 0.8620340378538884352 ) ) ;
#8159 = DIRECTION ( 'NONE',  ( 1.000000000000000000, 0.000000000000000000, 0.000000000000000000 ) ) ;
#8160 = ORIENTED_EDGE ( 'NONE', *, *, #6827, .F. ) ;
#8161 = CARTESIAN_POINT ( 'NONE',  ( 1.224999999999999867, -0.09999999999999982514, 0.7000000000000001776 ) ) ;
#8162 = ORIENTED_EDGE ( 'NONE', *, *, #3009, .T. ) ;
#8163 = EDGE_CURVE ( 'NONE', #1345, #4140, #9253, .T. ) ;
#8164 = CARTESIAN_POINT ( 'NONE',  ( 1.250000000000000000, -0.05000000000000002359, 1.825000000000000178 ) ) ;
#8165 = EDGE_CURVE ( 'NONE', #5905, #4550, #5551, .T. ) ;
#8166 = CARTESIAN_POINT ( 'NONE',  ( -1.922026623008472379, -0.7175771001699771112, 0.3357440380583111006 ) ) ;
#8167 = EDGE_LOOP ( 'NONE', ( #4221, #3495, #8634, #5543 ) ) ;
#8168 = CARTESIAN_POINT ( 'NONE',  ( -0.6461224367392621737, 0.000000000000000000, -1.351033706287569469 ) ) ;
#8169 = ORIENTED_EDGE ( 'NONE', *, *, #1193, .F. ) ;
#8170 = ORIENTED_EDGE ( 'NONE', *, *, #8092, .T. ) ;
#8171 = ADVANCED_FACE ( 'NONE', ( #5401 ), #8483, .F. ) ;
#8172 = ORIENTED_EDGE ( 'NONE', *, *, #5697, .F. ) ;
#8173 = VECTOR ( 'NONE', #9575, 1000.000000000000000 ) ;
#8174 = DIRECTION ( 'NONE',  ( -2.710505431213762564E-16, 0.000000000000000000, 1.000000000000000000 ) ) ;
#8175 = CARTESIAN_POINT ( 'NONE',  ( 1.917386645469350004, -0.7077984389976353929, 0.9252069843308814434 ) ) ;
#8176 = EDGE_CURVE ( 'NONE', #9535, #8489, #7722, .T. ) ;
#8177 = LINE ( 'NONE', #4315, #6026 ) ;
#8178 = LINE ( 'NONE', #2595, #1612 ) ;
#8179 = CARTESIAN_POINT ( 'NONE',  ( 1.311926307841676520, -0.1739002556892709772, 1.352199488621457890 ) ) ;
#8180 = ORIENTED_EDGE ( 'NONE', *, *, #6204, .F. ) ;
#8181 = AXIS2_PLACEMENT_3D ( 'NONE', #8698, #4899, #1110 ) ;
#8182 = CARTESIAN_POINT ( 'NONE',  ( 0.9749999999999999778, -1.919999999999999929, 0.7500000000000000000 ) ) ;
#8183 = ORIENTED_EDGE ( 'NONE', *, *, #7917, .T. ) ;
#8184 = ADVANCED_FACE ( 'NONE', ( #3251 ), #4677, .F. ) ;
#8185 = ORIENTED_EDGE ( 'NONE', *, *, #567, .T. ) ;
#8186 = ORIENTED_EDGE ( 'NONE', *, *, #6566, .F. ) ;
#8187 = CARTESIAN_POINT ( 'NONE',  ( 2.020012025910958187, -0.6973858893033232365, 0.3696794698583892869 ) ) ;
#8188 = VECTOR ( 'NONE', #295, 1000.000000000000000 ) ;
#8189 = CARTESIAN_POINT ( 'NONE',  ( -1.867386645469348405, -0.1499999999999996891, 0.9886127665261832398 ) ) ;
#8190 = LINE ( 'NONE', #3715, #5383 ) ;
#8191 = FACE_OUTER_BOUND ( 'NONE', #3488, .T. ) ;
#8192 = DIRECTION ( 'NONE',  ( -1.000000000000000000, 0.000000000000000000, 0.000000000000000000 ) ) ;
#8193 = DIRECTION ( 'NONE',  ( 0.000000000000000000, 0.000000000000000000, -1.000000000000000000 ) ) ;
#8194 = CARTESIAN_POINT ( 'NONE',  ( -1.374895322026362221, -0.1500000262476043345, 1.399999999999999911 ) ) ;
#8195 = ORIENTED_EDGE ( 'NONE', *, *, #327, .T. ) ;
#8196 = EDGE_CURVE ( 'NONE', #4950, #6949, #5358, .T. ) ;
#8197 = EDGE_LOOP ( 'NONE', ( #9608, #8080, #4406, #4873, #5972, #1409, #3516, #5198, #2193, #9753, #7699, #9909, #7478, #1338, #5074, #9638, #2102, #5255, #1896, #5026, #8180, #5506, #3772, #9491, #9189, #9465, #5956, #7184, #490, #3746, #2688, #9069 ) ) ;
#8198 = VECTOR ( 'NONE', #734, 1000.000000000000000 ) ;
#8199 = APPLICATION_PROTOCOL_DEFINITION ( 'draft international standard', 'automotive_design', 1998, #3149 ) ;
#8200 = AXIS2_PLACEMENT_3D ( 'NONE', #430, #8112, #1180 ) ;
#8201 = EDGE_CURVE ( 'NONE', #3597, #6864, #9091, .T. ) ;
#8202 = DIRECTION ( 'NONE',  ( 0.000000000000000000, 0.000000000000000000, -1.000000000000000000 ) ) ;
#8203 = CARTESIAN_POINT ( 'NONE',  ( 1.699999999999999734, -1.269999999999999796, -0.5000000000000001110 ) ) ;
#8204 = DIRECTION ( 'NONE',  ( 0.000000000000000000, 0.000000000000000000, -1.000000000000000000 ) ) ;
#8205 = AXIS2_PLACEMENT_3D ( 'NONE', #1090, #7264, #5645 ) ;
#8206 = CARTESIAN_POINT ( 'NONE',  ( 0.000000000000000000, -0.1199999999999998290, 1.574961434174603436 ) ) ;
#8207 = DIRECTION ( 'NONE',  ( -1.000000000000000000, 0.000000000000000000, 0.000000000000000000 ) ) ;
#8208 = CARTESIAN_POINT ( 'NONE',  ( 1.922014996508046636, -0.7175191991220033483, 0.3602641149361562323 ) ) ;
#8209 = DIRECTION ( 'NONE',  ( 0.000000000000000000, -1.000000000000000000, 0.000000000000000000 ) ) ;
#8210 = ORIENTED_EDGE ( 'NONE', *, *, #4062, .T. ) ;
#8211 = CARTESIAN_POINT ( 'NONE',  ( 1.246536122321425522, -0.1048626938899779315, 2.093549184184835266 ) ) ;
#8212 = ORIENTED_EDGE ( 'NONE', *, *, #585, .F. ) ;
#8213 = TOROIDAL_SURFACE ( 'NONE', #5951, 0.3464636981603574917, 0.08000000000000000167 ) ;
#8214 = LINE ( 'NONE', #8009, #5509 ) ;
#8215 = CARTESIAN_POINT ( 'NONE',  ( -0.2464402437188723538, -0.1000000000000000056, 1.346488774451193748 ) ) ;
#8216 = EDGE_CURVE ( 'NONE', #1397, #3196, #1476, .T. ) ;
#8217 = DIRECTION ( 'NONE',  ( 0.9098789178756583329, -0.4148739022949275435, -4.705801414646050938E-16 ) ) ;
#8218 = VERTEX_POINT ( 'NONE', #6885 ) ;
#8219 = DIRECTION ( 'NONE',  ( -1.000000000000000000, 0.000000000000000000, 0.000000000000000000 ) ) ;
#8220 = CIRCLE ( 'NONE', #2379, 0.3750000000000001110 ) ;
#8221 = EDGE_LOOP ( 'NONE', ( #6904, #7621, #1606, #3819 ) ) ;
#8222 = LINE ( 'NONE', #5027, #1664 ) ;
#8223 = ORIENTED_EDGE ( 'NONE', *, *, #7501, .T. ) ;
#8224 = EDGE_CURVE ( 'NONE', #1557, #5653, #8935, .T. ) ;
#8225 = AXIS2_PLACEMENT_3D ( 'NONE', #4607, #1386, #6896 ) ;
#8226 = PLANE ( 'NONE',  #1435 ) ;
#8227 = CYLINDRICAL_SURFACE ( 'NONE', #1876, 0.4000000000000000222 ) ;
#8228 = CARTESIAN_POINT ( 'NONE',  ( -0.6006347602098600635, -7.560171795458674460, -1.399999999999999689 ) ) ;
#8229 = EDGE_CURVE ( 'NONE', #2787, #8455, #4910, .T. ) ;
#8230 = CARTESIAN_POINT ( 'NONE',  ( -1.949402302898350259, -0.02440767564660382277, 0.4218284553639131129 ) ) ;
#8231 = CARTESIAN_POINT ( 'NONE',  ( -1.919952746021114098, -0.7044318956902981821, -0.3809461571073530228 ) ) ;
#8232 = LINE ( 'NONE', #5044, #2650 ) ;
#8233 = VERTEX_POINT ( 'NONE', #2416 ) ;
#8234 = PLANE ( 'NONE',  #1809 ) ;
#8235 = VERTEX_POINT ( 'NONE', #8709 ) ;
#8236 = ORIENTED_EDGE ( 'NONE', *, *, #6727, .T. ) ;
#8237 = EDGE_CURVE ( 'NONE', #4359, #8880, #4803, .T. ) ;
#8238 = VERTEX_POINT ( 'NONE', #8561 ) ;
#8239 = STYLED_ITEM ( 'NONE', ( #8099 ), #1550 ) ;
#8240 = CARTESIAN_POINT ( 'NONE',  ( 1.920062850089376827, -0.7050244649522284801, 0.3770734274570270994 ) ) ;
#8241 = CARTESIAN_POINT ( 'NONE',  ( 1.499999999999999556, -1.269999999999999796, -0.6999999999999999556 ) ) ;
#8242 = CARTESIAN_POINT ( 'NONE',  ( -1.903050222301859495, -0.003762531093273713788, -0.4150096109707759884 ) ) ;
#8243 = DIRECTION ( 'NONE',  ( 0.000000000000000000, -1.000000000000000000, 0.000000000000000000 ) ) ;
#8244 = ADVANCED_FACE ( 'NONE', ( #1762 ), #9425, .F. ) ;
#8245 = CARTESIAN_POINT ( 'NONE',  ( 1.342569531694838059, -0.09999999999999997780, 1.349999999999999867 ) ) ;
#8246 = AXIS2_PLACEMENT_3D ( 'NONE', #8282, #5141, #742 ) ;
#8247 = EDGE_LOOP ( 'NONE', ( #3045, #2725, #5396, #4583 ) ) ;
#8248 = VERTEX_POINT ( 'NONE', #4751 ) ;
#8249 = APPLICATION_PROTOCOL_DEFINITION ( 'draft international standard', 'automotive_design', 1998, #2956 ) ;
#8250 = CARTESIAN_POINT ( 'NONE',  ( 1.232488440183785894, -0.1024187131204898349, 2.113274062086934801 ) ) ;
#8251 = CARTESIAN_POINT ( 'NONE',  ( -1.301148175457528033, -0.6083740602123943741, 0.7000000000000001776 ) ) ;
#8252 = CARTESIAN_POINT ( 'NONE',  ( -1.499999999999999112, -1.419999999999999929, 1.099999999999999867 ) ) ;
#8253 = EDGE_CURVE ( 'NONE', #796, #7398, #221, .T. ) ;
#8254 = ADVANCED_FACE ( 'NONE', ( #2471 ), #882, .F. ) ;
#8255 = FACE_OUTER_BOUND ( 'NONE', #7008, .T. ) ;
#8256 = DIRECTION ( 'NONE',  ( 1.000000000000000000, 3.252606517456518824E-15, 0.000000000000000000 ) ) ;
#8257 = CARTESIAN_POINT ( 'NONE',  ( 1.917386645469350004, -0.6742534051632866898, 0.3918172862313190619 ) ) ;
#8258 = SHAPE_REPRESENTATION ( 'KMS2x1GPxxx', ( #7646 ), #3580 ) ;
#8259 = PLANE ( 'NONE',  #1704 ) ;
#8260 = FACE_OUTER_BOUND ( 'NONE', #558, .T. ) ;
#8261 = DIRECTION ( 'NONE',  ( 0.000000000000000000, 0.000000000000000000, -1.000000000000000000 ) ) ;
#8262 = AXIS2_PLACEMENT_3D ( 'NONE', #5614, #4122, #8909 ) ;
#8263 = ORIENTED_EDGE ( 'NONE', *, *, #9927, .F. ) ;
#8264 = DIRECTION ( 'NONE',  ( -1.000000000000000000, 0.000000000000000000, -0.000000000000000000 ) ) ;
#8265 = DIRECTION ( 'NONE',  ( 0.1501478781677598739, 0.3292961744590264805, -0.9322122312909061348 ) ) ;
#8266 = EDGE_CURVE ( 'NONE', #1906, #8343, #7897, .T. ) ;
#8267 = VECTOR ( 'NONE', #3970, 1000.000000000000000 ) ;
#8268 = AXIS2_PLACEMENT_3D ( 'NONE', #3581, #2862, #6863 ) ;
#8269 = FACE_OUTER_BOUND ( 'NONE', #8846, .T. ) ;
#8270 = VERTEX_POINT ( 'NONE', #7846 ) ;
#8271 = CARTESIAN_POINT ( 'NONE',  ( 2.035410861894218382, -0.7479927983318895857, -0.9157532022455934229 ) ) ;
#8272 = ORIENTED_EDGE ( 'NONE', *, *, #3846, .F. ) ;
#8273 = CARTESIAN_POINT ( 'NONE',  ( 2.017386645469349649, -0.5000000000000000000, -0.4218284553639131129 ) ) ;
#8274 = ORIENTED_EDGE ( 'NONE', *, *, #4776, .F. ) ;
#8275 = CIRCLE ( 'NONE', #8113, 0.1499999999999999944 ) ;
#8276 = DIRECTION ( 'NONE',  ( 1.000000000000000000, 0.000000000000000000, 0.000000000000000000 ) ) ;
#8277 = CARTESIAN_POINT ( 'NONE',  ( -1.917761582556021249, -0.008092294343646956253, -1.009567145670800636 ) ) ;
#8278 = DIRECTION ( 'NONE',  ( -0.000000000000000000, -1.000000000000000000, -0.000000000000000000 ) ) ;
#8279 =( GEOMETRIC_REPRESENTATION_CONTEXT ( 3 ) GLOBAL_UNCERTAINTY_ASSIGNED_CONTEXT ( ( #9942 ) ) GLOBAL_UNIT_ASSIGNED_CONTEXT ( ( #7943, #8701, #2662 ) ) REPRESENTATION_CONTEXT ( 'NONE', 'WORKASPACE' ) );
#8280 = LINE ( 'NONE', #9851, #8670 ) ;
#8281 = VECTOR ( 'NONE', #9138, 1000.000000000000000 ) ;
#8282 = CARTESIAN_POINT ( 'NONE',  ( -1.224999999999999645, -0.4499999999999999001, 1.800000000000000044 ) ) ;
#8283 = EDGE_CURVE ( 'NONE', #7079, #3356, #2521, .T. ) ;
#8284 = DIRECTION ( 'NONE',  ( 1.387778780781444936E-16, -1.232595164407830399E-32, -1.000000000000000000 ) ) ;
#8285 = ORIENTED_EDGE ( 'NONE', *, *, #2887, .T. ) ;
#8286 = MANIFOLD_SOLID_BREP ( 'Chamfer1', #6779 ) ;
#8287 = CARTESIAN_POINT ( 'NONE',  ( 1.301148175457528255, -0.2000000000000000666, 1.299999999999999822 ) ) ;
#8288 = ORIENTED_EDGE ( 'NONE', *, *, #9483, .T. ) ;
#8289 = CARTESIAN_POINT ( 'NONE',  ( 1.717386645469347606, -0.1499999999999999667, 1.400000000000000133 ) ) ;
#8290 = VERTEX_POINT ( 'NONE', #269 ) ;
#8291 = ORIENTED_EDGE ( 'NONE', *, *, #1419, .T. ) ;
#8292 = ORIENTED_EDGE ( 'NONE', *, *, #5762, .F. ) ;
#8293 = CIRCLE ( 'NONE', #68, 0.2000000000000000944 ) ;
#8294 = CARTESIAN_POINT ( 'NONE',  ( 1.921324716131762367, -0.7135698250185332769, 0.3696794698583892869 ) ) ;
#8295 = CARTESIAN_POINT ( 'NONE',  ( 2.019612439772663137, -0.6947730772922339204, -0.3252409048719800411 ) ) ;
#8296 = DIRECTION ( 'NONE',  ( 1.000000000000000000, 0.000000000000000000, 0.000000000000000000 ) ) ;
#8297 = CARTESIAN_POINT ( 'NONE',  ( -2.217386645469349826, -0.8983513512062376583, -0.7718015200835192102 ) ) ;
#8298 = EDGE_CURVE ( 'NONE', #4867, #8082, #5673, .T. ) ;
#8299 = DIRECTION ( 'NONE',  ( -1.000000000000000000, 0.000000000000000000, 0.000000000000000000 ) ) ;
#8300 = CIRCLE ( 'NONE', #9263, 0.1749999999999998224 ) ;
#8301 = FACE_OUTER_BOUND ( 'NONE', #2043, .T. ) ;
#8302 = DIRECTION ( 'NONE',  ( -0.9098789178756583329, 0.4148739022949275435, -0.000000000000000000 ) ) ;
#8303 = ORIENTED_EDGE ( 'NONE', *, *, #1179, .F. ) ;
#8304 = ORIENTED_EDGE ( 'NONE', *, *, #7599, .F. ) ;
#8305 = EDGE_CURVE ( 'NONE', #3255, #3452, #3500, .T. ) ;
#8306 = CARTESIAN_POINT ( 'NONE',  ( 0.6006347602098600635, -0.1499999999999999667, -1.399999999999999689 ) ) ;
#8307 = CARTESIAN_POINT ( 'NONE',  ( -2.017386645469348316, -0.1499999999999991895, 0.9886127665261832398 ) ) ;
#8308 = EDGE_CURVE ( 'NONE', #3384, #1699, #7393, .T. ) ;
#8309 = CARTESIAN_POINT ( 'NONE',  ( -1.717386645469347606, -0.1499999999999999667, 1.350000000000000311 ) ) ;
#8310 = DIRECTION ( 'NONE',  ( 0.000000000000000000, -0.9935718556765874565, -0.1132032137679068184 ) ) ;
#8311 = FACE_OUTER_BOUND ( 'NONE', #8247, .T. ) ;
#8312 = CARTESIAN_POINT ( 'NONE',  ( 2.100000000000000089, -0.3653699307730465806, 0.3499999999999999778 ) ) ;
#8313 = FILL_AREA_STYLE_COLOUR ( '', #9332 ) ;
#8314 = ORIENTED_EDGE ( 'NONE', *, *, #3371, .F. ) ;
#8315 = EDGE_CURVE ( 'NONE', #4233, #5418, #2905, .T. ) ;
#8316 = CARTESIAN_POINT ( 'NONE',  ( 2.017386645469349649, -0.6650180178729041547, -1.510468355502019744 ) ) ;
#8317 = CARTESIAN_POINT ( 'NONE',  ( -2.020900731662613747, -0.7033360212154934343, 0.3376754126025750535 ) ) ;
#8318 = CARTESIAN_POINT ( 'NONE',  ( -0.4961224367392622625, -0.3517625296630363940, -1.298961782710780888 ) ) ;
#8319 = DIRECTION ( 'NONE',  ( -0.7071067811865479058, 0.000000000000000000, 0.7071067811865470176 ) ) ;
#8320 = EDGE_LOOP ( 'NONE', ( #8195, #3569, #5783, #3465 ) ) ;
#8321 = CARTESIAN_POINT ( 'NONE',  ( 1.993313560234078352, -0.06840148862727477019, 0.9886127665261839059 ) ) ;
#8322 = LINE ( 'NONE', #5278, #559 ) ;
#8323 = ORIENTED_EDGE ( 'NONE', *, *, #3442, .F. ) ;
#8324 = EDGE_CURVE ( 'NONE', #8603, #1724, #3538, .T. ) ;
#8325 = CARTESIAN_POINT ( 'NONE',  ( 0.7737652542620762075, -0.1000000000000000056, -1.201033706287569558 ) ) ;
#8326 = LINE ( 'NONE', #4258, #1574 ) ;
#8327 = VECTOR ( 'NONE', #2003, 1000.000000000000114 ) ;
#8328 = PLANE ( 'NONE',  #6817 ) ;
#8329 = LINE ( 'NONE', #5187, #4836 ) ;
#8330 = CARTESIAN_POINT ( 'NONE',  ( -1.920725336924328674, -0.7096506070018765433, -0.3252409048719890339 ) ) ;
#8331 = ORIENTED_EDGE ( 'NONE', *, *, #3519, .F. ) ;
#8332 = ORIENTED_EDGE ( 'NONE', *, *, #6909, .T. ) ;
#8333 = FACE_OUTER_BOUND ( 'NONE', #8575, .T. ) ;
#8334 = ORIENTED_EDGE ( 'NONE', *, *, #3186, .T. ) ;
#8335 = ORIENTED_EDGE ( 'NONE', *, *, #6420, .T. ) ;
#8336 = VECTOR ( 'NONE', #5426, 1000.000000000000000 ) ;
#8337 = ORIENTED_EDGE ( 'NONE', *, *, #8092, .F. ) ;
#8338 = CARTESIAN_POINT ( 'NONE',  ( 1.922126347310341377, -0.7181346581662079176, 0.3506352386924795339 ) ) ;
#8339 = CARTESIAN_POINT ( 'NONE',  ( 1.224999999999999867, -1.050000000000000044, 1.849999999999999867 ) ) ;
#8340 = CARTESIAN_POINT ( 'NONE',  ( -1.224999999999999645, -0.09912737967813557705, 2.100007615242180492 ) ) ;
#8341 = CARTESIAN_POINT ( 'NONE',  ( 0.4961224367392622625, -0.1499999999999992450, -1.400000000000000133 ) ) ;
#8342 = AXIS2_PLACEMENT_3D ( 'NONE', #4692, #9215, #3116 ) ;
#8343 = VERTEX_POINT ( 'NONE', #6580 ) ;
#8344 = EDGE_CURVE ( 'NONE', #2563, #9595, #1914, .T. ) ;
#8345 = CARTESIAN_POINT ( 'NONE',  ( -1.699999999999999734, -1.269999999999999796, 0.5000000000000001110 ) ) ;
#8346 = LINE ( 'NONE', #4477, #44 ) ;
#8347 = CARTESIAN_POINT ( 'NONE',  ( 1.949402302898350259, -0.02440767564660382277, -0.4218284553639131129 ) ) ;
#8348 = ORIENTED_EDGE ( 'NONE', *, *, #684, .F. ) ;
#8349 = ORIENTED_EDGE ( 'NONE', *, *, #6787, .F. ) ;
#8350 = EDGE_CURVE ( 'NONE', #7616, #9642, #5880, .T. ) ;
#8351 = AXIS2_PLACEMENT_3D ( 'NONE', #6794, #4512, #8284 ) ;
#8352 = CARTESIAN_POINT ( 'NONE',  ( 0.7737652542620763185, -0.1000000000000000056, -1.201033706287569558 ) ) ;
#8353 = DIRECTION ( 'NONE',  ( 0.000000000000000000, 1.000000000000000000, -0.000000000000000000 ) ) ;
#8354 = FACE_OUTER_BOUND ( 'NONE', #3272, .T. ) ;
#8355 = CARTESIAN_POINT ( 'NONE',  ( 2.234762845370799500, -1.185200745128921485, -8.840585497901326054E-16 ) ) ;
#8356 = EDGE_CURVE ( 'NONE', #8150, #2704, #2820, .T. ) ;
#8357 = DIRECTION ( 'NONE',  ( 0.000000000000000000, 0.000000000000000000, 1.000000000000000000 ) ) ;
#8358 = CARTESIAN_POINT ( 'NONE',  ( 1.499999999999999556, -1.419999999999999929, 0.6999999999999998446 ) ) ;
#8359 = VECTOR ( 'NONE', #7956, 1000.000000000000000 ) ;
#8360 = VECTOR ( 'NONE', #5987, 1000.000000000000000 ) ;
#8361 = VERTEX_POINT ( 'NONE', #9624 ) ;
#8362 = ORIENTED_EDGE ( 'NONE', *, *, #9762, .T. ) ;
#8363 = ADVANCED_FACE ( 'NONE', ( #6632 ), #8977, .T. ) ;
#8364 = CARTESIAN_POINT ( 'NONE',  ( -0.7737652542620763185, 0.000000000000000000, -1.351033706287569469 ) ) ;
#8365 = VECTOR ( 'NONE', #3348, 1000.000000000000000 ) ;
#8366 = DIRECTION ( 'NONE',  ( 1.000000000000000000, -0.000000000000000000, -0.000000000000000000 ) ) ;
#8367 = DIRECTION ( 'NONE',  ( -0.000000000000000000, -0.1564615434407225780, 0.9876840514173279573 ) ) ;
#8368 = DIRECTION ( 'NONE',  ( 0.000000000000000000, 0.000000000000000000, 1.000000000000000000 ) ) ;
#8369 = EDGE_CURVE ( 'NONE', #385, #9464, #3873, .T. ) ;
#8370 = DIRECTION ( 'NONE',  ( -0.9999928359752070506, 0.000000000000000000, -0.003785234241461365827 ) ) ;
#8371 = EDGE_LOOP ( 'NONE', ( #1524, #8412, #5760, #4039 ) ) ;
#8372 = LINE ( 'NONE', #6641, #7051 ) ;
#8373 = VECTOR ( 'NONE', #2566, 1000.000000000000000 ) ;
#8374 = VECTOR ( 'NONE', #7845, 1000.000000000000000 ) ;
#8375 = FACE_OUTER_BOUND ( 'NONE', #8493, .T. ) ;
#8376 = DIRECTION ( 'NONE',  ( 6.661338147750936284E-16, 2.465190328815660797E-32, 1.000000000000000000 ) ) ;
#8377 = DIRECTION ( 'NONE',  ( -0.000000000000000000, 0.000000000000000000, 1.000000000000000000 ) ) ;
#8378 = EDGE_CURVE ( 'NONE', #6151, #375, #372, .T. ) ;
#8379 = DIRECTION ( 'NONE',  ( -1.000000000000000000, 0.000000000000000000, 0.000000000000000000 ) ) ;
#8380 = EDGE_CURVE ( 'NONE', #8439, #1452, #512, .T. ) ;
#8381 = CARTESIAN_POINT ( 'NONE',  ( -1.921966712959559453, -0.7172393111919208586, -0.3664436514752795193 ) ) ;
#8382 = EDGE_LOOP ( 'NONE', ( #3845, #5367, #6259, #115 ) ) ;
#8383 = ORIENTED_EDGE ( 'NONE', *, *, #7330, .T. ) ;
#8384 = DIRECTION ( 'NONE',  ( 0.000000000000000000, 1.000000000000000000, 0.000000000000000000 ) ) ;
#8385 = ORIENTED_EDGE ( 'NONE', *, *, #8557, .F. ) ;
#8386 = ORIENTED_EDGE ( 'NONE', *, *, #7200, .F. ) ;
#8387 = CIRCLE ( 'NONE', #4646, 0.1000000000000000472 ) ;
#8388 = CARTESIAN_POINT ( 'NONE',  ( 1.921161665547455044, -0.7184201695888686734, 0.3534724863334479661 ) ) ;
#8389 = FACE_OUTER_BOUND ( 'NONE', #7604, .T. ) ;
#8390 = CARTESIAN_POINT ( 'NONE',  ( 1.499999999999999556, -1.269999999999999796, 0.6999999999999999556 ) ) ;
#8391 = CARTESIAN_POINT ( 'NONE',  ( -1.899999999999999467, -0.6548169886614650936, -0.3500000000000000333 ) ) ;
#8392 = ORIENTED_EDGE ( 'NONE', *, *, #2206, .F. ) ;
#8393 = DIRECTION ( 'NONE',  ( 0.000000000000000000, 0.000000000000000000, 1.000000000000000000 ) ) ;
#8394 = VERTEX_POINT ( 'NONE', #5828 ) ;
#8395 = CARTESIAN_POINT ( 'NONE',  ( 1.970168888348492908, -0.7022118421470834315, -0.3252409048719711038 ) ) ;
#8396 = ORIENTED_EDGE ( 'NONE', *, *, #9845, .T. ) ;
#8397 = ORIENTED_EDGE ( 'NONE', *, *, #7735, .F. ) ;
#8398 = CARTESIAN_POINT ( 'NONE',  ( 1.499999999999999556, -1.269999999999999796, 1.099999999999999867 ) ) ;
#8399 = LINE ( 'NONE', #2249, #5622 ) ;
#8400 = CIRCLE ( 'NONE', #9057, 0.04999999999999991257 ) ;
#8401 = DIRECTION ( 'NONE',  ( -0.4148739022949272104, -0.9098789178756584439, 0.000000000000000000 ) ) ;
#8402 = DIRECTION ( 'NONE',  ( 1.000000000000000000, 0.000000000000000000, -0.000000000000000000 ) ) ;
#8403 = DIRECTION ( 'NONE',  ( -0.000000000000000000, 1.000000000000000000, -0.000000000000000000 ) ) ;
#8404 = EDGE_CURVE ( 'NONE', #2944, #2439, #8100, .T. ) ;
#8405 = ORIENTED_EDGE ( 'NONE', *, *, #1632, .T. ) ;
#8406 = ORIENTED_EDGE ( 'NONE', *, *, #5459, .T. ) ;
#8407 = AXIS2_PLACEMENT_3D ( 'NONE', #5703, #7415, #8787 ) ;
#8408 = CARTESIAN_POINT ( 'NONE',  ( -2.080062634905711416, -0.8459206426339525020, -0.1447648332056547804 ) ) ;
#8409 = CARTESIAN_POINT ( 'NONE',  ( -1.917386645469350004, -0.6650180178729041547, -1.510468355502019744 ) ) ;
#8410 = CARTESIAN_POINT ( 'NONE',  ( 1.917386645469349338, -0.6650180178729042657, -0.3949867687062137978 ) ) ;
#8411 = CARTESIAN_POINT ( 'NONE',  ( -1.716903632388982803, -0.1187883687980193503, 1.389061926190493734 ) ) ;
#8412 = ORIENTED_EDGE ( 'NONE', *, *, #9309, .F. ) ;
#8413 = ADVANCED_FACE ( 'NONE', ( #4240 ), #4200, .T. ) ;
#8414 = CARTESIAN_POINT ( 'NONE',  ( 1.989074743118145472, -0.8874080328634452730, -0.1447648332056547804 ) ) ;
#8415 = VECTOR ( 'NONE', #4292, 1000.000000000000000 ) ;
#8416 = CARTESIAN_POINT ( 'NONE',  ( 1.224999999999999867, -0.5499999999999999334, 1.750000000000000000 ) ) ;
#8417 = ORIENTED_EDGE ( 'NONE', *, *, #1231, .F. ) ;
#8418 = ADVANCED_FACE ( 'NONE', ( #5778 ), #6527, .T. ) ;
#8419 = AXIS2_PLACEMENT_3D ( 'NONE', #257, #5563, #3219 ) ;
#8420 = PLANE ( 'NONE',  #6264 ) ;
#8421 = DIRECTION ( 'NONE',  ( 0.000000000000000000, 0.000000000000000000, 1.000000000000000000 ) ) ;
#8422 = DIRECTION ( 'NONE',  ( 0.000000000000000000, -1.000000000000000000, 0.000000000000000000 ) ) ;
#8423 = DIRECTION ( 'NONE',  ( 0.000000000000000000, 1.000000000000000000, 0.000000000000000000 ) ) ;
#8424 = CARTESIAN_POINT ( 'NONE',  ( 2.020923770351871429, -0.7024658309007485446, -0.3539183563363559881 ) ) ;
#8425 = ORIENTED_EDGE ( 'NONE', *, *, #1576, .F. ) ;
#8426 = ORIENTED_EDGE ( 'NONE', *, *, #9107, .F. ) ;
#8427 = AXIS2_PLACEMENT_3D ( 'NONE', #8364, #4545, #9986 ) ;
#8428 = VECTOR ( 'NONE', #3676, 1000.000000000000000 ) ;
#8429 = DIRECTION ( 'NONE',  ( 0.000000000000000000, -1.000000000000000000, 0.000000000000000000 ) ) ;
#8430 = ORIENTED_EDGE ( 'NONE', *, *, #712, .F. ) ;
#8431 = ORIENTED_EDGE ( 'NONE', *, *, #6270, .F. ) ;
#8432 = VECTOR ( 'NONE', #2719, 1000.000000000000000 ) ;
#8433 = ADVANCED_FACE ( 'NONE', ( #423 ), #2013, .F. ) ;
#8434 = PLANE ( 'NONE',  #3835 ) ;
#8435 = CARTESIAN_POINT ( 'NONE',  ( 1.274999999999999911, -1.100000000000000089, 2.083410071915997808 ) ) ;
#8436 = AXIS2_PLACEMENT_3D ( 'NONE', #2706, #1899, #9771 ) ;
#8437 = LINE ( 'NONE', #9060, #3241 ) ;
#8438 =( GEOMETRIC_REPRESENTATION_CONTEXT ( 3 ) GLOBAL_UNCERTAINTY_ASSIGNED_CONTEXT ( ( #6089 ) ) GLOBAL_UNIT_ASSIGNED_CONTEXT ( ( #2404, #4228, #4332 ) ) REPRESENTATION_CONTEXT ( 'NONE', 'WORKASPACE' ) );
#8439 = VERTEX_POINT ( 'NONE', #7444 ) ;
#8440 = CARTESIAN_POINT ( 'NONE',  ( 2.017386645469350537, -0.6650180178729041547, 0.2471919620098809445 ) ) ;
#8441 = EDGE_LOOP ( 'NONE', ( #3053, #8274, #1396, #8059, #7520, #8186 ) ) ;
#8442 = DIRECTION ( 'NONE',  ( 0.000000000000000000, 0.000000000000000000, -1.000000000000000000 ) ) ;
#8443 = VERTEX_POINT ( 'NONE', #9785 ) ;
#8444 = ORIENTED_EDGE ( 'NONE', *, *, #5200, .T. ) ;
#8445 = ADVANCED_FACE ( 'NONE', ( #526 ), #3592, .F. ) ;
#8446 = CARTESIAN_POINT ( 'NONE',  ( -1.224999999999999645, -0.4999999999999998890, 0.7000000000000000666 ) ) ;
#8447 = AXIS2_PLACEMENT_3D ( 'NONE', #9922, #2960, #3820 ) ;
#8448 = DIRECTION ( 'NONE',  ( 0.000000000000000000, 0.000000000000000000, -1.000000000000000000 ) ) ;
#8449 = CARTESIAN_POINT ( 'NONE',  ( -0.2595474544006036721, -1.392325851403162673, -1.246144590665586138 ) ) ;
#8450 = DIRECTION ( 'NONE',  ( -1.000000000000000000, -0.000000000000000000, -0.000000000000000000 ) ) ;
#8451 = DIRECTION ( 'NONE',  ( -0.4148739022949270994, 0.9098789178756585549, 0.000000000000000000 ) ) ;
#8452 = VECTOR ( 'NONE', #1355, 1000.000000000000000 ) ;
#8453 = EDGE_LOOP ( 'NONE', ( #2632, #7314, #9218 ) ) ;
#8454 = VERTEX_POINT ( 'NONE', #4438 ) ;
#8455 = VERTEX_POINT ( 'NONE', #4538 ) ;
#8456 = VECTOR ( 'NONE', #5441, 1000.000000000000000 ) ;
#8457 = LINE ( 'NONE', #6933, #1953 ) ;
#8458 = CARTESIAN_POINT ( 'NONE',  ( 0.9237652542620762297, -0.1000000000000000056, -1.399999999999999467 ) ) ;
#8459 = CYLINDRICAL_SURFACE ( 'NONE', #428, 0.4000000000000000222 ) ;
#8460 = ORIENTED_EDGE ( 'NONE', *, *, #7124, .F. ) ;
#8461 = FACE_OUTER_BOUND ( 'NONE', #7339, .T. ) ;
#8462 = LINE ( 'NONE', #3232, #4855 ) ;
#8463 = ADVANCED_FACE ( 'NONE', ( #2109 ), #3782, .F. ) ;
#8464 = ORIENTED_EDGE ( 'NONE', *, *, #7201, .T. ) ;
#8465 = VECTOR ( 'NONE', #975, 1000.000000000000000 ) ;
#8466 = EDGE_CURVE ( 'NONE', #6931, #6399, #1565, .T. ) ;
#8467 = LINE ( 'NONE', #1535, #7255 ) ;
#8468 = DIRECTION ( 'NONE',  ( -0.000000000000000000, 1.000000000000000000, -9.346570452461247140E-18 ) ) ;
#8469 = CARTESIAN_POINT ( 'NONE',  ( -1.922681326575585326, -0.7226515657355413458, -0.3378269596469247182 ) ) ;
#8470 = CARTESIAN_POINT ( 'NONE',  ( -2.061603504543325194, -0.9661284766555258141, -0.7661930767260548558 ) ) ;
#8471 = DIRECTION ( 'NONE',  ( 0.000000000000000000, 1.000000000000000000, 0.000000000000000000 ) ) ;
#8472 = ORIENTED_EDGE ( 'NONE', *, *, #891, .T. ) ;
#8473 = EDGE_CURVE ( 'NONE', #6399, #4376, #6871, .T. ) ;
#8474 = VERTEX_POINT ( 'NONE', #2870 ) ;
#8475 = DIRECTION ( 'NONE',  ( 0.000000000000000000, 0.000000000000000000, 1.000000000000000000 ) ) ;
#8476 = ORIENTED_EDGE ( 'NONE', *, *, #1576, .T. ) ;
#8477 = ORIENTED_EDGE ( 'NONE', *, *, #458, .T. ) ;
#8478 = ADVANCED_FACE ( 'NONE', ( #9977 ), #9166, .F. ) ;
#8479 = VECTOR ( 'NONE', #759, 1000.000000000000000 ) ;
#8480 = CARTESIAN_POINT ( 'NONE',  ( 2.017386645469349649, -0.6650180178729041547, -0.2471919620098809445 ) ) ;
#8481 = CARTESIAN_POINT ( 'NONE',  ( 1.817386645469349915, -0.4650180178729040326, 0.2774175960637573213 ) ) ;
#8482 = CARTESIAN_POINT ( 'NONE',  ( 1.900000000000000133, -0.6548169886614639834, -0.3499999999999999778 ) ) ;
#8483 = PLANE ( 'NONE',  #6486 ) ;
#8484 = CARTESIAN_POINT ( 'NONE',  ( 1.499999999999999556, -1.269999999999999796, -1.099999999999999867 ) ) ;
#8486 = ORIENTED_EDGE ( 'NONE', *, *, #8740, .F. ) ;
#8485 = CARTESIAN_POINT ( 'NONE',  ( 1.867386645469348405, 1.897353801849632760E-16, 0.9886127665261839059 ) ) ;
#8487 = EDGE_CURVE ( 'NONE', #5149, #7458, #9389, .T. ) ;
#8488 = CARTESIAN_POINT ( 'NONE',  ( -0.9237652542620762297, 0.000000000000000000, -1.399999999999999467 ) ) ;
#8489 = VERTEX_POINT ( 'NONE', #4588 ) ;
#8490 = AXIS2_PLACEMENT_3D ( 'NONE', #279, #9484, #8879 ) ;
#8491 = B_SPLINE_CURVE_WITH_KNOTS ( 'NONE', 3,
 ( #8680, #3958, #1741, #855, #4825, #7920, #7013, #995, #4055, #7161, #108, #1549, #4623, #7721, #5499, #802, #9347, #7769, #3860 ),
 .UNSPECIFIED., .F., .F.,
 ( 4, 3, 3, 3, 3, 3, 4 ),
 ( 2.477111323960298193E-18, 1.544858951580815664E-05, 3.010384374012190449E-05, 4.560926634118806026E-05, 6.011284459612708907E-05, 7.500935082713504256E-05, 8.980705738468720107E-05 ),
 .UNSPECIFIED. ) ;
#8492 = CARTESIAN_POINT ( 'NONE',  ( 0.6006347602098600635, -0.1499999999999999667, -1.399999999999999689 ) ) ;
#8493 = EDGE_LOOP ( 'NONE', ( #2420, #7409, #8430, #6164 ) ) ;
#8494 = ORIENTED_EDGE ( 'NONE', *, *, #6062, .T. ) ;
#8495 = AXIS2_PLACEMENT_3D ( 'NONE', #872, #6271, #4590 ) ;
#8496 = CARTESIAN_POINT ( 'NONE',  ( 1.274999999999999911, -0.5499999999999999334, 1.750000000000000000 ) ) ;
#8497 = DIRECTION ( 'NONE',  ( -1.000000000000000000, -3.252606517456510541E-15, -0.000000000000000000 ) ) ;
#8498 = B_SPLINE_CURVE_WITH_KNOTS ( 'NONE', 3,
 ( #4321, #6141, #5955, #5378, #1202, #3617, #7653 ),
 .UNSPECIFIED., .F., .F.,
 ( 4, 3, 4 ),
 ( 0.000000000000000000, 1.586960185195909848E-05, 2.628730335967694522E-05 ),
 .UNSPECIFIED. ) ;
#8499 = CARTESIAN_POINT ( 'NONE',  ( 0.000000000000000000, -0.1999999999999998168, 1.554961434174603196 ) ) ;
#8500 = DIRECTION ( 'NONE',  ( 0.000000000000000000, -0.000000000000000000, 1.000000000000000000 ) ) ;
#8501 = EDGE_CURVE ( 'NONE', #4167, #3095, #6126, .T. ) ;
#8502 = DIRECTION ( 'NONE',  ( -1.626303258728258032E-15, 0.000000000000000000, -1.000000000000000000 ) ) ;
#8503 = LINE ( 'NONE', #1567, #7606 ) ;
#8504 = ORIENTED_EDGE ( 'NONE', *, *, #2729, .F. ) ;
#8505 = VECTOR ( 'NONE', #9822, 1000.000000000000000 ) ;
#8506 = ORIENTED_EDGE ( 'NONE', *, *, #697, .T. ) ;
#8507 = VERTEX_POINT ( 'NONE', #24 ) ;
#8508 = DIRECTION ( 'NONE',  ( -0.9098789178756583329, -0.4148739022949274879, 1.459169954101415901E-16 ) ) ;
#8509 = CARTESIAN_POINT ( 'NONE',  ( -2.018396645469349604, -0.6800096386958233152, 0.3925358527719252644 ) ) ;
#8510 = AXIS2_PLACEMENT_3D ( 'NONE', #3549, #591, #8988 ) ;
#8511 = CARTESIAN_POINT ( 'NONE',  ( 1.899999999999999689, -0.6548169886614650936, -0.3500000000000000333 ) ) ;
#8512 = ORIENTED_EDGE ( 'NONE', *, *, #6447, .F. ) ;
#8513 = CARTESIAN_POINT ( 'NONE',  ( 1.900000000000000133, -0.6548169886614639834, 0.3499999999999999778 ) ) ;
#8514 = DIRECTION ( 'NONE',  ( 0.000000000000000000, 0.000000000000000000, 1.000000000000000000 ) ) ;
#8515 = CARTESIAN_POINT ( 'NONE',  ( 0.000000000000000000, 0.000000000000000000, 0.000000000000000000 ) ) ;
#8516 = ORIENTED_EDGE ( 'NONE', *, *, #2041, .F. ) ;
#8517 = VECTOR ( 'NONE', #1073, 1000.000000000000000 ) ;
#8518 = EDGE_CURVE ( 'NONE', #4140, #1560, #7687, .T. ) ;
#8519 = CARTESIAN_POINT ( 'NONE',  ( -1.920725336924328674, -0.7096506070018765433, -0.3252409048719890339 ) ) ;
#8520 = AXIS2_PLACEMENT_3D ( 'NONE', #3643, #1329, #5318 ) ;
#8521 = DIRECTION ( 'NONE',  ( 1.000000000000000000, -2.157041537713704703E-32, -2.775557561562891967E-17 ) ) ;
#8522 = VECTOR ( 'NONE', #6145, 1000.000000000000000 ) ;
#8523 = CARTESIAN_POINT ( 'NONE',  ( -1.949402302898350259, 0.000000000000000000, -0.2718284553639134793 ) ) ;
#8524 = ORIENTED_EDGE ( 'NONE', *, *, #4326, .T. ) ;
#8525 = EDGE_CURVE ( 'NONE', #6103, #5655, #4640, .T. ) ;
#8526 = LINE ( 'NONE', #849, #6511 ) ;
#8527 = VERTEX_POINT ( 'NONE', #2201 ) ;
#8528 = EDGE_LOOP ( 'NONE', ( #4513, #3816, #2635, #3723, #4978, #297 ) ) ;
#8529 = VECTOR ( 'NONE', #7639, 1000.000000000000000 ) ;
#8530 = ADVANCED_FACE ( 'NONE', ( #721 ), #7737, .F. ) ;
#8531 = CARTESIAN_POINT ( 'NONE',  ( 1.224999999999999867, -0.1038257139402040952, 2.118301270189221874 ) ) ;
#8532 = CARTESIAN_POINT ( 'NONE',  ( 2.020501923755043894, -0.6938971702909044748, 0.3744338400018483171 ) ) ;
#8533 = DIRECTION ( 'NONE',  ( 0.9098789178756583329, 0.4148739022949274324, 0.000000000000000000 ) ) ;
#8534 = DIRECTION ( 'NONE',  ( -1.000000000000000000, 0.000000000000000000, 0.000000000000000000 ) ) ;
#8535 = CARTESIAN_POINT ( 'NONE',  ( -1.956312538222585440, -0.5745186493193497057, -0.4816873910456420660 ) ) ;
#8537 = VERTEX_POINT ( 'NONE', #5218 ) ;
#8536 = CARTESIAN_POINT ( 'NONE',  ( -1.949402302898350259, -0.1000000000000000056, 0.4218284553639131129 ) ) ;
#8538 = LINE ( 'NONE', #65, #1532 ) ;
#8539 = ORIENTED_EDGE ( 'NONE', *, *, #722, .T. ) ;
#8540 = ADVANCED_FACE ( 'NONE', ( #6033 ), #1463, .F. ) ;
#8541 = AXIS2_PLACEMENT_3D ( 'NONE', #6471, #9568, #2008 ) ;
#8542 = LINE ( 'NONE', #7877, #2453 ) ;
#8543 = ORIENTED_EDGE ( 'NONE', *, *, #9539, .F. ) ;
#8544 = ORIENTED_EDGE ( 'NONE', *, *, #4875, .T. ) ;
#8545 = EDGE_CURVE ( 'NONE', #2042, #1125, #3877, .T. ) ;
#8546 = CARTESIAN_POINT ( 'NONE',  ( 1.920725336924328452, -0.7096506070018763213, -0.3252409048719886453 ) ) ;
#8547 = FACE_OUTER_BOUND ( 'NONE', #29, .T. ) ;
#8548 = CIRCLE ( 'NONE', #4164, 0.2999999999999999334 ) ;
#8549 = CARTESIAN_POINT ( 'NONE',  ( -2.299999999999999822, -1.269999999999999796, 0.4999999999999994449 ) ) ;
#8550 = DIRECTION ( 'NONE',  ( 9.035018104045875625E-17, 0.000000000000000000, -1.000000000000000000 ) ) ;
#8551 = CARTESIAN_POINT ( 'NONE',  ( 1.987876722234600324, -0.05950135640515871044, -0.9886127665261836839 ) ) ;
#8552 = DIRECTION ( 'NONE',  ( 3.333062883800339623E-16, -1.000000000000000000, 0.000000000000000000 ) ) ;
#8553 = CARTESIAN_POINT ( 'NONE',  ( -2.100000000000000089, -0.3653699307730465806, 0.3499999999999999778 ) ) ;
#8554 = VERTEX_POINT ( 'NONE', #2306 ) ;
#8555 = VERTEX_POINT ( 'NONE', #5415 ) ;
#8556 = VERTEX_POINT ( 'NONE', #2918 ) ;
#8557 = EDGE_CURVE ( 'NONE', #8944, #3156, #2156, .T. ) ;
#8558 = AXIS2_PLACEMENT_3D ( 'NONE', #2023, #678, #3600 ) ;
#8559 = CARTESIAN_POINT ( 'NONE',  ( -1.916386645469350114, -0.7079750834503685253, 0.9252032351977829139 ) ) ;
#8560 = DIRECTION ( 'NONE',  ( 0.000000000000000000, 0.000000000000000000, 1.000000000000000000 ) ) ;
#8561 = CARTESIAN_POINT ( 'NONE',  ( -1.917386645469350004, -0.6650180178729041547, 0.3949867687062135202 ) ) ;
#8562 = DIRECTION ( 'NONE',  ( -1.000000000000000000, -1.540743955509786493E-32, -2.775557561562887653E-17 ) ) ;
#8563 = CARTESIAN_POINT ( 'NONE',  ( -2.017386645469349649, -0.8062041643883313125, 0.3720215534283638492 ) ) ;
#8564 = VERTEX_POINT ( 'NONE', #2967 ) ;
#8565 = DIRECTION ( 'NONE',  ( -1.000000000000000000, 3.851859888774468969E-33, 5.551115123125779004E-17 ) ) ;
#8566 = DIRECTION ( 'NONE',  ( 0.000000000000000000, 1.000000000000000000, -9.346570452461245599E-18 ) ) ;
#8567 = CIRCLE ( 'NONE', #3047, 0.2999999999999999334 ) ;
#8568 = EDGE_CURVE ( 'NONE', #2074, #3999, #670, .T. ) ;
#8569 = CARTESIAN_POINT ( 'NONE',  ( -1.199999999999999956, -0.09999999999999976963, 1.875000000000000222 ) ) ;
#8570 = CARTESIAN_POINT ( 'NONE',  ( -1.700001432804958412, -0.1499999999999999667, 1.200757046848291099 ) ) ;
#8571 = CARTESIAN_POINT ( 'NONE',  ( -2.020910872749091869, -0.7034034264017138272, -0.3377732936954744858 ) ) ;
#8572 = AXIS2_PLACEMENT_3D ( 'NONE', #9583, #8984, #4353 ) ;
#8573 = DIRECTION ( 'NONE',  ( -0.7327703578209011637, -0.6804760118468750063, 0.000000000000000000 ) ) ;
#8574 = PLANE ( 'NONE',  #6563 ) ;
#8575 = EDGE_LOOP ( 'NONE', ( #9133, #1756, #7057, #7131 ) ) ;
#8576 = CARTESIAN_POINT ( 'NONE',  ( -1.224999999999999645, -0.1038257139402040952, 2.118301270189221874 ) ) ;
#8577 = ORIENTED_EDGE ( 'NONE', *, *, #7610, .T. ) ;
#8578 = ORIENTED_EDGE ( 'NONE', *, *, #1907, .F. ) ;
#8579 = VECTOR ( 'NONE', #7724, 1000.000000000000000 ) ;
#8580 = CARTESIAN_POINT ( 'NONE',  ( 1.224999999999999867, -0.1499999999999998002, 0.7500000000000002220 ) ) ;
#8581 = CARTESIAN_POINT ( 'NONE',  ( 1.817386645469349915, -0.8650180178729042213, -0.7718015200835190992 ) ) ;
#8582 = EDGE_CURVE ( 'NONE', #5410, #4284, #4898, .T. ) ;
#8583 = PLANE ( 'NONE',  #1786 ) ;
#8584 = CARTESIAN_POINT ( 'NONE',  ( 1.699999999999999734, -1.269999999999999796, -0.4999999999999998890 ) ) ;
#8585 = VECTOR ( 'NONE', #4859, 1000.000000000000000 ) ;
#8586 = DIRECTION ( 'NONE',  ( 0.000000000000000000, 0.000000000000000000, -1.000000000000000000 ) ) ;
#8587 = AXIS2_PLACEMENT_3D ( 'NONE', #2697, #4107, #1200 ) ;
#8589 = ORIENTED_EDGE ( 'NONE', *, *, #287, .F. ) ;
#8588 = CARTESIAN_POINT ( 'NONE',  ( -1.917386645469349782, -0.4676805559526505118, -0.4218284553639131129 ) ) ;
#8590 = CARTESIAN_POINT ( 'NONE',  ( -1.699999999999999734, -1.419999999999999929, -0.4999999999999997780 ) ) ;
#8591 = ORIENTED_EDGE ( 'NONE', *, *, #712, .T. ) ;
#8592 = DIRECTION ( 'NONE',  ( -0.9098789178756584439, 0.4148739022949274324, 1.715613499318137719E-16 ) ) ;
#8593 = ORIENTED_EDGE ( 'NONE', *, *, #7953, .F. ) ;
#8594 = ORIENTED_EDGE ( 'NONE', *, *, #8907, .F. ) ;
#8595 = CIRCLE ( 'NONE', #207, 0.1352350503700165685 ) ;
#8596 = CONICAL_SURFACE ( 'NONE', #3574, 0.1749999999999998224, 0.7853981633974473908 ) ;
#8597 = ADVANCED_FACE ( 'NONE', ( #7180 ), #3115, .T. ) ;
#8598 = DIRECTION ( 'NONE',  ( -0.000000000000000000, -0.000000000000000000, 1.000000000000000000 ) ) ;
#8599 = CARTESIAN_POINT ( 'NONE',  ( -2.100000000000000089, -0.6548169886614644275, 0.3499999999999999778 ) ) ;
#8600 = CARTESIAN_POINT ( 'NONE',  ( -1.499999999999999556, -1.419999999999999929, 1.099999999999999867 ) ) ;
#8601 = DIRECTION ( 'NONE',  ( 0.000000000000000000, -1.000000000000000000, 0.000000000000000000 ) ) ;
#8602 = AXIS2_PLACEMENT_3D ( 'NONE', #9806, #8278, #6099 ) ;
#8603 = VERTEX_POINT ( 'NONE', #7990 ) ;
#8604 = EDGE_CURVE ( 'NONE', #186, #7039, #5199, .T. ) ;
#8605 = ORIENTED_EDGE ( 'NONE', *, *, #5633, .F. ) ;
#8606 = EDGE_LOOP ( 'NONE', ( #3271, #2562, #9366, #3806 ) ) ;
#8607 = VECTOR ( 'NONE', #2087, 1000.000000000000000 ) ;
#8608 = LINE ( 'NONE', #2312, #4814 ) ;
#8609 = ADVANCED_FACE ( 'NONE', ( #5664 ), #3926, .F. ) ;
#8610 = DIRECTION ( 'NONE',  ( 0.000000000000000000, 0.000000000000000000, 1.000000000000000000 ) ) ;
#8611 = LINE ( 'NONE', #3436, #9283 ) ;
#8612 = DIRECTION ( 'NONE',  ( -0.000000000000000000, -1.000000000000000000, 0.000000000000000000 ) ) ;
#8613 = ORIENTED_EDGE ( 'NONE', *, *, #4674, .F. ) ;
#8614 = LINE ( 'NONE', #9226, #3810 ) ;
#8615 = DIRECTION ( 'NONE',  ( 0.000000000000000000, 0.000000000000000000, 1.000000000000000000 ) ) ;
#8616 = CIRCLE ( 'NONE', #4235, 0.4464636981603574695 ) ;
#8617 = EDGE_CURVE ( 'NONE', #4443, #4311, #122, .T. ) ;
#8618 = ORIENTED_EDGE ( 'NONE', *, *, #9957, .T. ) ;
#8619 = CARTESIAN_POINT ( 'NONE',  ( -1.799402302898350348, -0.1000000000000000056, -0.2718284553639134793 ) ) ;
#8620 =( LENGTH_UNIT ( ) NAMED_UNIT ( * ) SI_UNIT ( .MILLI., .METRE. ) );
#8621 = DIRECTION ( 'NONE',  ( 0.4148739022949280431, -0.9098789178756579998, 0.000000000000000000 ) ) ;
#8622 = CARTESIAN_POINT ( 'NONE',  ( 2.031274207354097250, -0.9799576066986011025, -0.5089130437326958578 ) ) ;
#8623 = ADVANCED_FACE ( 'NONE', ( #8146 ), #9719, .F. ) ;
#8624 = ORIENTED_EDGE ( 'NONE', *, *, #3779, .T. ) ;
#8625 = LINE ( 'NONE', #4818, #4895 ) ;
#8626 = ORIENTED_EDGE ( 'NONE', *, *, #5289, .T. ) ;
#8627 = ORIENTED_EDGE ( 'NONE', *, *, #1077, .F. ) ;
#8628 = DIRECTION ( 'NONE',  ( -1.000000000000000000, 0.000000000000000000, 0.000000000000000000 ) ) ;
#8629 = CARTESIAN_POINT ( 'NONE',  ( 2.817386645469349915, -0.3650180178729041658, 0.2774175960637573213 ) ) ;
#8630 = CARTESIAN_POINT ( 'NONE',  ( -0.4961224367392622625, -0.1000000000000000056, -1.201033706287569558 ) ) ;
#8631 = CARTESIAN_POINT ( 'NONE',  ( -2.091932801878031434, -0.9522993465461121465, 0.5089130437327010759 ) ) ;
#8632 = ORIENTED_EDGE ( 'NONE', *, *, #9455, .T. ) ;
#8633 = FACE_OUTER_BOUND ( 'NONE', #7573, .T. ) ;
#8634 = ORIENTED_EDGE ( 'NONE', *, *, #725, .T. ) ;
#8635 = CARTESIAN_POINT ( 'NONE',  ( -1.224999999999999645, -0.1499999999999998002, 2.149119630351393972 ) ) ;
#8636 = ORIENTED_EDGE ( 'NONE', *, *, #7723, .F. ) ;
#8637 = EDGE_LOOP ( 'NONE', ( #6918, #5071, #5092, #3966 ) ) ;
#8638 = CARTESIAN_POINT ( 'NONE',  ( -1.224999999999999867, -1.050000000000000044, 2.083410071915997808 ) ) ;
#8639 = CARTESIAN_POINT ( 'NONE',  ( 1.867386645469348405, -0.1499999999999996891, 0.9886127665261839059 ) ) ;
#8640 = EDGE_CURVE ( 'NONE', #7450, #9912, #614, .T. ) ;
#8641 = CARTESIAN_POINT ( 'NONE',  ( 2.172022516360312405, -1.288639156403750041, -1.280619391957610986 ) ) ;
#8642 = AXIS2_PLACEMENT_3D ( 'NONE', #7726, #3005, #4579 ) ;
#8643 = CARTESIAN_POINT ( 'NONE',  ( 1.995392560103486090, -0.07180482227990070410, 0.9886127665261839059 ) ) ;
#8644 = VERTEX_POINT ( 'NONE', #2240 ) ;
#8645 = ADVANCED_FACE ( 'NONE', ( #6715 ), #2751, .T. ) ;
#8646 = EDGE_LOOP ( 'NONE', ( #6983, #1049, #8925, #1711 ) ) ;
#8647 = ORIENTED_EDGE ( 'NONE', *, *, #8216, .T. ) ;
#8648 = VECTOR ( 'NONE', #2880, 1000.000000000000000 ) ;
#8649 = DIRECTION ( 'NONE',  ( 1.000000000000000000, 0.000000000000000000, 2.166632114861838388E-15 ) ) ;
#8650 = EDGE_CURVE ( 'NONE', #1807, #4421, #2741, .T. ) ;
#8651 = DIRECTION ( 'NONE',  ( -0.000000000000000000, 1.000000000000000000, -9.346570452461247140E-18 ) ) ;
#8652 = CARTESIAN_POINT ( 'NONE',  ( -1.499999999999999556, -1.419999999999999929, 0.6999999999999999556 ) ) ;
#8653 = CARTESIAN_POINT ( 'NONE',  ( 1.699999999999999734, -1.419999999999999929, -0.4999999999999998890 ) ) ;
#8654 = CARTESIAN_POINT ( 'NONE',  ( 1.699999999999999734, -1.269999999999999796, 0.4999999999999997780 ) ) ;
#8655 = CARTESIAN_POINT ( 'NONE',  ( 2.299999999999999378, -1.419999999999999929, -1.100000000000000089 ) ) ;
#8656 = ORIENTED_EDGE ( 'NONE', *, *, #5477, .F. ) ;
#8657 = CARTESIAN_POINT ( 'NONE',  ( -2.031274207352990135, -0.9799576066991059209, -0.5089130437326950807 ) ) ;
#8658 = AXIS2_PLACEMENT_3D ( 'NONE', #6476, #1172, #9475 ) ;
#8659 = CARTESIAN_POINT ( 'NONE',  ( -0.2595474544006036721, -1.392325851403162673, -1.246144590665586138 ) ) ;
#8660 = EDGE_CURVE ( 'NONE', #716, #6151, #2859, .T. ) ;
#8661 = VERTEX_POINT ( 'NONE', #4731 ) ;
#8662 = DIRECTION ( 'NONE',  ( 0.000000000000000000, -1.000000000000000000, 0.000000000000000000 ) ) ;
#8663 = AXIS2_PLACEMENT_3D ( 'NONE', #1874, #9485, #3393 ) ;
#8664 = ADVANCED_FACE ( 'NONE', ( #9400 ), #1696, .T. ) ;
#8665 = CARTESIAN_POINT ( 'NONE',  ( -1.923316182443943312, -0.7250599638551707971, -0.3543621333355672642 ) ) ;
#8666 = PLANE ( 'NONE',  #1132 ) ;
#8667 = CARTESIAN_POINT ( 'NONE',  ( -2.299999999999999822, -1.269999999999999796, -0.4999999999999995559 ) ) ;
#8668 = ORIENTED_EDGE ( 'NONE', *, *, #1077, .T. ) ;
#8669 = VECTOR ( 'NONE', #6088, 1000.000000000000114 ) ;
#8670 = VECTOR ( 'NONE', #4510, 1000.000000000000000 ) ;
#8671 = DIRECTION ( 'NONE',  ( -1.000000000000000000, 0.000000000000000000, 0.000000000000000000 ) ) ;
#8672 = EDGE_LOOP ( 'NONE', ( #4618, #7183, #3222, #9255 ) ) ;
#8673 = AXIS2_PLACEMENT_3D ( 'NONE', #380, #9687, #3489 ) ;
#8674 = EDGE_LOOP ( 'NONE', ( #1685, #5558, #7116, #3908 ) ) ;
#8675 = ADVANCED_FACE ( 'NONE', ( #7064 ), #3205, .F. ) ;
#8676 = DIRECTION ( 'NONE',  ( -1.000000000000000000, -0.000000000000000000, -0.000000000000000000 ) ) ;
#8677 = DIRECTION ( 'NONE',  ( 0.000000000000000000, 1.000000000000000000, -9.346570452461245599E-18 ) ) ;
#8678 = EDGE_CURVE ( 'NONE', #8091, #6707, #8683, .T. ) ;
#8679 = VECTOR ( 'NONE', #3656, 1000.000000000000000 ) ;
#8680 = CARTESIAN_POINT ( 'NONE',  ( -2.019612439772662249, -0.6947730772922339204, 0.3252409048719800411 ) ) ;
#8681 = DIRECTION ( 'NONE',  ( -0.000000000000000000, -0.000000000000000000, 1.000000000000000000 ) ) ;
#8682 = DIRECTION ( 'NONE',  ( -8.673617379884035472E-16, 0.9876840514173278462, 0.1564615434407230776 ) ) ;
#8684 = VERTEX_POINT ( 'NONE', #2393 ) ;
#8683 = LINE ( 'NONE', #8485, #8579 ) ;
#8685 = CARTESIAN_POINT ( 'NONE',  ( 1.401148175457528122, -0.09999999999999999167, 1.399999999999999689 ) ) ;
#8686 = ORIENTED_EDGE ( 'NONE', *, *, #5344, .F. ) ;
#8687 = CARTESIAN_POINT ( 'NONE',  ( 1.700000000000000178, -1.420000000000000151, -1.399999999999999689 ) ) ;
#8688 = EDGE_LOOP ( 'NONE', ( #6913, #5845, #9841, #4372 ) ) ;
#8689 = VERTEX_POINT ( 'NONE', #2343 ) ;
#8690 = AXIS2_PLACEMENT_3D ( 'NONE', #7495, #3635, #622 ) ;
#8691 =( BOUNDED_CURVE ( )  B_SPLINE_CURVE ( 3, ( #3662, #6751, #9856, #1395 ),
 .UNSPECIFIED., .F., .F. ) 
 B_SPLINE_CURVE_WITH_KNOTS ( ( 4, 4 ),
 ( 1.570796326794896780, 1.720125997871322365 ),
 .UNSPECIFIED. ) 
 CURVE ( )  GEOMETRIC_REPRESENTATION_ITEM ( )  RATIONAL_B_SPLINE_CURVE ( ( 1.000000000000000000, 0.9981425839180244619, 0.9981425839180244619, 1.000000000000000000 ) ) 
 REPRESENTATION_ITEM ( '' )  );
#8692 = EDGE_CURVE ( 'NONE', #1266, #7655, #9300, .T. ) ;
#8693 =( LENGTH_UNIT ( ) NAMED_UNIT ( * ) SI_UNIT ( .MILLI., .METRE. ) );
#8694 = CARTESIAN_POINT ( 'NONE',  ( -1.867386645469348405, 1.897353801849632760E-16, -1.060417588806084721 ) ) ;
#8695 = DIRECTION ( 'NONE',  ( 0.000000000000000000, 0.000000000000000000, -1.000000000000000000 ) ) ;
#8696 = CARTESIAN_POINT ( 'NONE',  ( 0.000000000000000000, -0.1199999999999998290, 1.208497736014245927 ) ) ;
#8697 = AXIS2_PLACEMENT_3D ( 'NONE', #1595, #7719, #9958 ) ;
#8698 = CARTESIAN_POINT ( 'NONE',  ( -1.301148175457528033, -0.6083740602123943741, 0.7000000000000001776 ) ) ;
#8699 = DIRECTION ( 'NONE',  ( 1.000000000000000000, 0.000000000000000000, 0.000000000000000000 ) ) ;
#8700 = VERTEX_POINT ( 'NONE', #7873 ) ;
#8701 =( NAMED_UNIT ( * ) PLANE_ANGLE_UNIT ( ) SI_UNIT ( $, .RADIAN. ) );
#8702 = ORIENTED_EDGE ( 'NONE', *, *, #1855, .T. ) ;
#8703 = B_SPLINE_SURFACE_WITH_KNOTS ( 'NONE', 1, 3, ( 
 ( #5273, #9325, #1427, #3838, #4707, #883 ),
 ( #3935, #6085, #5425, #7037, #6281, #9373 ),
 ( #9177, #2210, #4597, #5321, #34, #8410 ),
 ( #731, #3790, #6886, #3027, #9223, #1527 ) ),
 .UNSPECIFIED., .F., .F., .F.,
 ( 2, 1, 1, 2 ),
 ( 4, 2, 4 ),
 ( -0.01009999999999999960, 0.000000000000000000, 1.000000000000000000, 1.010000000000000009 ),
 ( 3.609056109832611511E-05, 8.109502145587878979E-05, 0.0001260994818134314780 ),
 .UNSPECIFIED. ) ;
#8704 = VECTOR ( 'NONE', #5126, 1000.000000000000000 ) ;
#8705 = DIRECTION ( 'NONE',  ( 0.000000000000000000, 1.000000000000000000, -0.000000000000000000 ) ) ;
#8706 = DIRECTION ( 'NONE',  ( -0.000000000000000000, -1.000000000000000000, 0.000000000000000000 ) ) ;
#8707 = EDGE_CURVE ( 'NONE', #7221, #8981, #7607, .T. ) ;
#8708 = DIRECTION ( 'NONE',  ( -1.000000000000000000, 0.000000000000000000, 0.000000000000000000 ) ) ;
#8709 = CARTESIAN_POINT ( 'NONE',  ( 5.467603388875720758E-17, -0.09999999999999982514, 0.7620340378538883463 ) ) ;
#8710 = CARTESIAN_POINT ( 'NONE',  ( 2.017386645469348316, -0.07973365157532141811, 0.4901886125309882769 ) ) ;
#8711 = DIRECTION ( 'NONE',  ( 0.000000000000000000, -0.9870278567456314267, 0.1605490890915466096 ) ) ;
#8712 = EDGE_LOOP ( 'NONE', ( #6366, #5170, #710, #3802 ) ) ;
#8713 = CARTESIAN_POINT ( 'NONE',  ( 0.4961224367392622625, -1.147765288697149000, -1.217537360445094086 ) ) ;
#8714 = PLANE ( 'NONE',  #4861 ) ;
#8715 = VERTEX_POINT ( 'NONE', #5503 ) ;
#8716 = AXIS2_PLACEMENT_3D ( 'NONE', #7496, #2869, #9072 ) ;
#8717 = DIRECTION ( 'NONE',  ( 0.000000000000000000, 1.000000000000000000, 0.000000000000000000 ) ) ;
#8718 = EDGE_CURVE ( 'NONE', #3451, #5921, #4679, .T. ) ;
#8719 = CARTESIAN_POINT ( 'NONE',  ( -1.917783065720395808, -0.6824105291607471813, 0.3918693390941140331 ) ) ;
#8720 = CARTESIAN_POINT ( 'NONE',  ( 1.884356122115069310, -0.0005728072820761798438, 1.036755824277823868 ) ) ;
#8721 = ORIENTED_EDGE ( 'NONE', *, *, #9190, .F. ) ;
#8722 = LINE ( 'NONE', #7966, #4869 ) ;
#8723 = ORIENTED_EDGE ( 'NONE', *, *, #6698, .F. ) ;
#8724 = EDGE_CURVE ( 'NONE', #2538, #9450, #7113, .T. ) ;
#8725 = ORIENTED_EDGE ( 'NONE', *, *, #6245, .T. ) ;
#8726 = DIRECTION ( 'NONE',  ( -1.000000000000000000, -0.000000000000000000, 0.000000000000000000 ) ) ;
#8727 = LINE ( 'NONE', #4102, #3974 ) ;
#8728 = EDGE_CURVE ( 'NONE', #1825, #2134, #4524, .T. ) ;
#8729 = LINE ( 'NONE', #6448, #5537 ) ;
#8730 = CARTESIAN_POINT ( 'NONE',  ( -2.017386645469349649, -0.4676805559526505118, -0.02182845536391307684 ) ) ;
#8731 = DIRECTION ( 'NONE',  ( 0.000000000000000000, 0.000000000000000000, 1.000000000000000000 ) ) ;
#8733 = ORIENTED_EDGE ( 'NONE', *, *, #8987, .F. ) ;
#8732 = LINE ( 'NONE', #7322, #3728 ) ;
#8734 = CARTESIAN_POINT ( 'NONE',  ( 1.374895322026362665, -0.09999999999999999167, 1.349999973752396221 ) ) ;
#8735 = VECTOR ( 'NONE', #4693, 1000.000000000000000 ) ;
#8736 = ORIENTED_EDGE ( 'NONE', *, *, #5896, .F. ) ;
#8737 = AXIS2_PLACEMENT_3D ( 'NONE', #4187, #1273, #1860 ) ;
#8738 = DIRECTION ( 'NONE',  ( -1.000000000000000000, 0.000000000000000000, 0.000000000000000000 ) ) ;
#8739 = VERTEX_POINT ( 'NONE', #8536 ) ;
#8740 = EDGE_CURVE ( 'NONE', #796, #1863, #1310, .T. ) ;
#8741 = VERTEX_POINT ( 'NONE', #3254 ) ;
#8742 = CARTESIAN_POINT ( 'NONE',  ( 1.716113456222767342, -0.1046564156212675539, 1.371800536751437205 ) ) ;
#8743 = AXIS2_PLACEMENT_3D ( 'NONE', #7902, #5578, #2372 ) ;
#8744 = LINE ( 'NONE', #7074, #5676 ) ;
#8745 = DIRECTION ( 'NONE',  ( -0.000000000000000000, -0.000000000000000000, -1.000000000000000000 ) ) ;
#8746 = LINE ( 'NONE', #6619, #1643 ) ;
#8747 = DIRECTION ( 'NONE',  ( 0.9098789178756582219, 0.4148739022949275435, 0.000000000000000000 ) ) ;
#8748 = DIRECTION ( 'NONE',  ( 0.000000000000000000, 0.000000000000000000, -1.000000000000000000 ) ) ;
#8749 = CARTESIAN_POINT ( 'NONE',  ( -1.344983577402405039, 0.000000000000000000, 1.400000000000000355 ) ) ;
#8750 = ORIENTED_EDGE ( 'NONE', *, *, #4354, .T. ) ;
#8751 = ADVANCED_FACE ( 'NONE', ( #9447 ), #5598, .T. ) ;
#8752 = VECTOR ( 'NONE', #9600, 1000.000000000000000 ) ;
#8753 = ORIENTED_EDGE ( 'NONE', *, *, #2603, .F. ) ;
#8754 = SURFACE_SIDE_STYLE ('',( #4846 ) ) ;
#8755 = VECTOR ( 'NONE', #657, 1000.000000000000000 ) ;
#8756 = PLANE ( 'NONE',  #10002 ) ;
#8757 = PRODUCT_DEFINITION_FORMATION_WITH_SPECIFIED_SOURCE ( 'ANY', '', #7168, .NOT_KNOWN. ) ;
#8758 = DIRECTION ( 'NONE',  ( 1.000000000000000000, -0.000000000000000000, -0.000000000000000000 ) ) ;
#8759 = DIRECTION ( 'NONE',  ( -0.000000000000000000, 1.000000000000000000, -9.346570452461247140E-18 ) ) ;
#8760 = PRESENTATION_LAYER_ASSIGNMENT (  '', '', ( #8118 ) ) ;
#8761 = PLANE ( 'NONE',  #178 ) ;
#8762 = VECTOR ( 'NONE', #6423, 1000.000000000000000 ) ;
#8763 = CARTESIAN_POINT ( 'NONE',  ( -1.949402302898350259, 0.000000000000000000, -0.4218284553639134460 ) ) ;
#8764 = CARTESIAN_POINT ( 'NONE',  ( 1.941436894908140864, -0.01946894387299262508, -0.4216741231714154492 ) ) ;
#8765 = DIRECTION ( 'NONE',  ( 1.000000000000000000, -0.000000000000000000, 0.000000000000000000 ) ) ;
#8766 = VERTEX_POINT ( 'NONE', #242 ) ;
#8767 = DIRECTION ( 'NONE',  ( -0.000000000000000000, -1.000000000000000000, 9.346570452461245599E-18 ) ) ;
#8768 = CARTESIAN_POINT ( 'NONE',  ( -2.100000000000000089, -0.3653699307730465806, -0.3499999999999999778 ) ) ;
#8769 = EDGE_LOOP ( 'NONE', ( #7489, #1757, #7211, #8109 ) ) ;
#8770 = CIRCLE ( 'NONE', #3902, 0.1499999999999999667 ) ;
#8771 = CARTESIAN_POINT ( 'NONE',  ( 1.274999999999999911, -0.5499999999999999334, 1.849999999999999867 ) ) ;
#8772 = AXIS2_PLACEMENT_3D ( 'NONE', #2135, #7662, #5241 ) ;
#8773 = ADVANCED_FACE ( 'NONE', ( #9498 ), #7270, .F. ) ;
#8774 = CARTESIAN_POINT ( 'NONE',  ( 0.9237652542620761187, -0.1000000000000000056, -1.201033706287569558 ) ) ;
#8775 = ORIENTED_EDGE ( 'NONE', *, *, #3442, .T. ) ;
#8776 = LINE ( 'NONE', #9693, #2178 ) ;
#8777 = ORIENTED_EDGE ( 'NONE', *, *, #9582, .T. ) ;
#8778 = ORIENTED_EDGE ( 'NONE', *, *, #6132, .F. ) ;
#8779 = ORIENTED_EDGE ( 'NONE', *, *, #6443, .T. ) ;
#8780 = ADVANCED_FACE ( 'NONE', ( #6506 ), #8025, .T. ) ;
#8781 = VECTOR ( 'NONE', #4503, 1000.000000000000000 ) ;
#8782 = DIRECTION ( 'NONE',  ( 1.000000000000000000, -0.000000000000000000, -0.000000000000000000 ) ) ;
#8783 = CARTESIAN_POINT ( 'NONE',  ( 1.926674489852814975, -0.7505551852821471526, 0.9204800932882366560 ) ) ;
#8784 = CARTESIAN_POINT ( 'NONE',  ( 2.100000000000000089, -0.3653699307730465806, -0.3499999999999999778 ) ) ;
#8785 = CARTESIAN_POINT ( 'NONE',  ( 0.4961224367392622625, -0.3619385925135183979, -1.398442674066171287 ) ) ;
#8786 = EDGE_CURVE ( 'NONE', #8343, #6864, #1789, .T. ) ;
#8787 = DIRECTION ( 'NONE',  ( -3.252606517456510147E-15, 1.000000000000000000, 0.000000000000000000 ) ) ;
#8788 = DIRECTION ( 'NONE',  ( 1.000000000000000000, -0.000000000000000000, -0.000000000000000000 ) ) ;
#8790 = ORIENTED_EDGE ( 'NONE', *, *, #5075, .T. ) ;
#8789 = DIRECTION ( 'NONE',  ( 1.000000000000000000, 3.252606517456514091E-15, 0.000000000000000000 ) ) ;
#8791 = DIRECTION ( 'NONE',  ( 0.000000000000000000, 0.000000000000000000, -1.000000000000000000 ) ) ;
#8792 = PRODUCT_DEFINITION_SHAPE ( 'NONE', 'NONE',  #480 ) ;
#8793 = ORIENTED_EDGE ( 'NONE', *, *, #7227, .F. ) ;
#8794 = CARTESIAN_POINT ( 'NONE',  ( -1.899999999999999689, -1.420000000000000151, -1.200000000000000178 ) ) ;
#8795 = VERTEX_POINT ( 'NONE', #5855 ) ;
#8796 = EDGE_LOOP ( 'NONE', ( #1138, #3566, #4271, #6693, #2753, #2364, #1628 ) ) ;
#8797 = ADVANCED_FACE ( 'NONE', ( #8952 ), #2597, .T. ) ;
#8798 = CARTESIAN_POINT ( 'NONE',  ( 1.716747282967098442, -0.1144196515417678639, 1.385571192242482708 ) ) ;
#8799 = CARTESIAN_POINT ( 'NONE',  ( 0.000000000000000000, 0.000000000000000000, -0.3499999999999999778 ) ) ;
#8800 = CARTESIAN_POINT ( 'NONE',  ( 1.344983577402405039, 0.000000000000000000, 1.400000000000000355 ) ) ;
#8801 = DIRECTION ( 'NONE',  ( 0.000000000000000000, 0.000000000000000000, -1.000000000000000000 ) ) ;
#8802 = EDGE_CURVE ( 'NONE', #1949, #2374, #4883, .T. ) ;
#8803 = CARTESIAN_POINT ( 'NONE',  ( 1.250000000000000000, -0.1066987298107779092, 2.075000000000000178 ) ) ;
#8804 = FACE_OUTER_BOUND ( 'NONE', #2728, .T. ) ;
#8805 = ORIENTED_EDGE ( 'NONE', *, *, #6796, .F. ) ;
#8806 = VERTEX_POINT ( 'NONE', #9547 ) ;
#8807 =( LENGTH_UNIT ( ) NAMED_UNIT ( * ) SI_UNIT ( .MILLI., .METRE. ) );
#8808 = FACE_OUTER_BOUND ( 'NONE', #6364, .T. ) ;
#8809 = VECTOR ( 'NONE', #1454, 1000.000000000000000 ) ;
#8810 = DIRECTION ( 'NONE',  ( -0.000000000000000000, 1.000000000000000000, -0.000000000000000000 ) ) ;
#8811 = LINE ( 'NONE', #1858, #1732 ) ;
#8812 = EDGE_CURVE ( 'NONE', #1702, #5655, #8106, .T. ) ;
#8813 = CARTESIAN_POINT ( 'NONE',  ( -1.301148175457528033, -0.1999999999999999833, 0.7000000000000001776 ) ) ;
#8814 = CARTESIAN_POINT ( 'NONE',  ( -1.865324646435018829, -0.6160060395488426987, -0.4816873910456421215 ) ) ;
#8815 = CARTESIAN_POINT ( 'NONE',  ( 1.401148175457528122, -0.1000000000000000472, -1.199999999999999734 ) ) ;
#8816 = FACE_OUTER_BOUND ( 'NONE', #8320, .T. ) ;
#8817 = VERTEX_POINT ( 'NONE', #1096 ) ;
#8818 = CARTESIAN_POINT ( 'NONE',  ( -2.017386645469349649, -0.6650180178729041547, -0.9299338753735266749 ) ) ;
#8819 = CARTESIAN_POINT ( 'NONE',  ( 1.917386645469348005, 6.561764951283327056E-15, 0.4218284553639131129 ) ) ;
#8820 = ADVANCED_FACE ( 'NONE', ( #5650 ), #8131, .T. ) ;
#8821 =( BOUNDED_SURFACE ( )  B_SPLINE_SURFACE ( 3, 3, ( 
 ( #1451, #9821, #3769, #5967 ),
 ( #2187, #9062, #1504, #2096 ),
 ( #5207, #6857, #9962, #3002 ),
 ( #6113, #8297, #1356, #613 ),
 ( #3671, #6760, #9865, #2904 ),
 ( #951, #5500, #6255, #6208 ),
 ( #1551, #803, #4005, #4730 ) ),
 .UNSPECIFIED., .T., .F., .F. ) 
 B_SPLINE_SURFACE_WITH_KNOTS ( ( 4, 3, 4 ),
 ( 4, 4 ),
 ( 0.000000000000000000, 0.5000000000000000000, 1.000000000000000000 ),
 ( 0.000000000000000000, 1.000000000000000000 ),
 .UNSPECIFIED. ) 
 GEOMETRIC_REPRESENTATION_ITEM ( )  RATIONAL_B_SPLINE_SURFACE ( (
 ( 1.000000000000000000, 1.000000000000000000, 1.000000000000000000, 1.000000000000000000),
 ( 0.3333333333333333703, 0.3333333333333333148, 0.3333333333333333148, 0.3333333333333333703),
 ( 0.3333333333333333703, 0.3333333333333333148, 0.3333333333333333148, 0.3333333333333333703),
 ( 1.000000000000000000, 1.000000000000000000, 1.000000000000000000, 1.000000000000000000),
 ( 0.3333333333333333703, 0.3333333333333333148, 0.3333333333333333148, 0.3333333333333333703),
 ( 0.3333333333333333703, 0.3333333333333333148, 0.3333333333333333148, 0.3333333333333333703),
 ( 1.000000000000000000, 1.000000000000000000, 1.000000000000000000, 1.000000000000000000) ) ) 
 REPRESENTATION_ITEM ( '' )  SURFACE ( )  );
#8822 = ORIENTED_EDGE ( 'NONE', *, *, #3416, .T. ) ;
#8823 = CARTESIAN_POINT ( 'NONE',  ( 1.900001432804957702, -1.419999999999999929, 0.5000000000000000000 ) ) ;
#8824 = LINE ( 'NONE', #4918, #1607 ) ;
#8825 = PLANE ( 'NONE',  #9653 ) ;
#8826 = DIRECTION ( 'NONE',  ( -1.000000000000000000, 0.000000000000000000, -0.000000000000000000 ) ) ;
#8827 = ORIENTED_EDGE ( 'NONE', *, *, #8201, .T. ) ;
#8828 = CARTESIAN_POINT ( 'NONE',  ( 0.000000000000000000, -1.269999999999999796, 0.000000000000000000 ) ) ;
#8829 = ORIENTED_EDGE ( 'NONE', *, *, #7981, .T. ) ;
#8830 = CARTESIAN_POINT ( 'NONE',  ( 0.000000000000000000, -1.269999999999999796, 4.336808689942017736E-16 ) ) ;
#8831 = EDGE_LOOP ( 'NONE', ( #4025, #7891, #1592, #942 ) ) ;
#8832 = ORIENTED_EDGE ( 'NONE', *, *, #869, .T. ) ;
#8833 = VECTOR ( 'NONE', #3353, 1000.000000000000000 ) ;
#8834 = EDGE_CURVE ( 'NONE', #2687, #3484, #8732, .T. ) ;
#8835 = LINE ( 'NONE', #2441, #6762 ) ;
#8836 = CARTESIAN_POINT ( 'NONE',  ( 1.899999999999999911, -0.1499999999999999667, -1.199999999999999734 ) ) ;
#8837 = DIRECTION ( 'NONE',  ( 0.000000000000000000, 0.9948089135539065486, -0.1017606285048205939 ) ) ;
#8838 = FACE_OUTER_BOUND ( 'NONE', #2873, .T. ) ;
#8839 = CYLINDRICAL_SURFACE ( 'NONE', #6458, 0.05000000000000002359 ) ;
#8840 = EDGE_CURVE ( 'NONE', #4145, #9595, #8843, .T. ) ;
#8841 = AXIS2_PLACEMENT_3D ( 'NONE', #90, #2267, #4654 ) ;
#8842 = CARTESIAN_POINT ( 'NONE',  ( 1.224999999999999867, -0.4499999999999999001, 0.7500000000000002220 ) ) ;
#8844 = ORIENTED_EDGE ( 'NONE', *, *, #4283, .F. ) ;
#8843 = LINE ( 'NONE', #4987, #3069 ) ;
#8845 = CYLINDRICAL_SURFACE ( 'NONE', #3781, 0.1499999999999999667 ) ;
#8846 = EDGE_LOOP ( 'NONE', ( #5985, #1284, #6709, #4408 ) ) ;
#8847 = CARTESIAN_POINT ( 'NONE',  ( 1.899999999999999911, -0.1499999999999999667, -1.199999999999999734 ) ) ;
#8848 = ORIENTED_EDGE ( 'NONE', *, *, #874, .F. ) ;
#8849 = VERTEX_POINT ( 'NONE', #1942 ) ;
#8850 = AXIS2_PLACEMENT_3D ( 'NONE', #3455, #7318, #1740 ) ;
#8851 = LINE ( 'NONE', #5103, #4540 ) ;
#8852 = CARTESIAN_POINT ( 'NONE',  ( -1.232826315133143780, -0.1003880007806745578, 1.836851302130139807 ) ) ;
#8853 = DIRECTION ( 'NONE',  ( 0.000000000000000000, 0.000000000000000000, 1.000000000000000000 ) ) ;
#8854 = ADVANCED_FACE ( 'NONE', ( #399 ), #6553, .T. ) ;
#8855 = CYLINDRICAL_SURFACE ( 'NONE', #9478, 0.1499999999999999667 ) ;
#8856 = VECTOR ( 'NONE', #1167, 1000.000000000000000 ) ;
#8857 = AXIS2_PLACEMENT_3D ( 'NONE', #2742, #5848, #641 ) ;
#8858 = DIRECTION ( 'NONE',  ( 0.000000000000000000, 0.1564615434407226058, -0.9876840514173280683 ) ) ;
#8859 = ORIENTED_EDGE ( 'NONE', *, *, #464, .F. ) ;
#8860 = EDGE_CURVE ( 'NONE', #5921, #8603, #5349, .T. ) ;
#8861 = DIRECTION ( 'NONE',  ( 0.000000000000000000, 0.000000000000000000, -1.000000000000000000 ) ) ;
#8862 = CARTESIAN_POINT ( 'NONE',  ( -1.899999999999999689, -1.269999999999999796, 0.5000000000000000000 ) ) ;
#8863 = DIRECTION ( 'NONE',  ( 1.000000000000000000, 3.252606517456510147E-15, -0.000000000000000000 ) ) ;
#8864 = CARTESIAN_POINT ( 'NONE',  ( 1.274999999999999911, -0.4499999999999999001, 0.7500000000000002220 ) ) ;
#8865 = CARTESIAN_POINT ( 'NONE',  ( -0.4961224367392622625, -0.2234557569309458258, -1.400000000000001243 ) ) ;
#8866 = DIRECTION ( 'NONE',  ( 0.7071067811865475727, 1.848892746611743135E-32, 0.7071067811865474617 ) ) ;
#8867 = ORIENTED_EDGE ( 'NONE', *, *, #1552, .F. ) ;
#8868 = LINE ( 'NONE', #4857, #4299 ) ;
#8869 = DIRECTION ( 'NONE',  ( -0.000000000000000000, 1.000000000000000000, 0.000000000000000000 ) ) ;
#8870 = CIRCLE ( 'NONE', #9514, 0.04999999999999991257 ) ;
#8871 = EDGE_LOOP ( 'NONE', ( #6840, #5838, #2438, #4724 ) ) ;
#8872 = EDGE_CURVE ( 'NONE', #7630, #726, #6161, .T. ) ;
#8873 = DIRECTION ( 'NONE',  ( 0.000000000000000000, 9.346570452461245599E-18, 1.000000000000000000 ) ) ;
#8874 = UNCERTAINTY_MEASURE_WITH_UNIT (LENGTH_MEASURE( 1.000000000000000082E-05 ), #2508, 'distance_accuracy_value', 'NONE');
#8875 = CARTESIAN_POINT ( 'NONE',  ( -2.017386645469349649, -0.6650180178729041547, 0.2471919620098809445 ) ) ;
#8876 = B_SPLINE_SURFACE_WITH_KNOTS ( 'NONE', 1, 3, ( 
 ( #3109, #4430, #2500, #9355 ),
 ( #114, #4784, #2550, #7117 ),
 ( #7829, #4833, #3159, #2398 ) ),
 .UNSPECIFIED., .F., .F., .F.,
 ( 2, 1, 2 ),
 ( 4, 4 ),
 ( -0.01000000000000000021, 0.000000000000000000, 1.000000000000000000 ),
 ( 0.000000000000000000, 1.000000000000000000 ),
 .UNSPECIFIED. ) ;
#8877 = CARTESIAN_POINT ( 'NONE',  ( 0.7737652542620763185, 0.000000000000000000, -1.351033706287569469 ) ) ;
#8878 = VECTOR ( 'NONE', #3089, 1000.000000000000000 ) ;
#8879 = DIRECTION ( 'NONE',  ( 1.445602896647339508E-15, 0.000000000000000000, -1.000000000000000000 ) ) ;
#8880 = VERTEX_POINT ( 'NONE', #296 ) ;
#8881 = CARTESIAN_POINT ( 'NONE',  ( -2.100000000000000089, -0.3653699307730465806, 0.3499999999999999778 ) ) ;
#8882 = EDGE_LOOP ( 'NONE', ( #8512, #2452, #3855, #5257, #14 ) ) ;
#8883 = ORIENTED_EDGE ( 'NONE', *, *, #4114, .F. ) ;
#8884 = EDGE_CURVE ( 'NONE', #8027, #9952, #7147, .T. ) ;
#8885 = ORIENTED_EDGE ( 'NONE', *, *, #7476, .T. ) ;
#8886 = DIRECTION ( 'NONE',  ( -0.000000000000000000, -0.000000000000000000, 1.000000000000000000 ) ) ;
#8887 = FACE_OUTER_BOUND ( 'NONE', #2424, .T. ) ;
#8888 = AXIS2_PLACEMENT_3D ( 'NONE', #7086, #9989, #3076 ) ;
#8889 = CARTESIAN_POINT ( 'NONE',  ( -1.699999999999999734, -1.419999999999999929, -0.5000000000000001110 ) ) ;
#8890 = CARTESIAN_POINT ( 'NONE',  ( -1.248126433214401754, -0.1056554684253916548, 2.089545163148863072 ) ) ;
#8891 = CARTESIAN_POINT ( 'NONE',  ( -1.499999999999999556, -1.269999999999999796, 0.6999999999999999556 ) ) ;
#8892 = FACE_OUTER_BOUND ( 'NONE', #9795, .T. ) ;
#8894 = ORIENTED_EDGE ( 'NONE', *, *, #5111, .T. ) ;
#8893 = DIRECTION ( 'NONE',  ( 0.000000000000000000, 1.000000000000000000, 0.000000000000000000 ) ) ;
#8895 = LINE ( 'NONE', #2749, #6862 ) ;
#8896 = EDGE_LOOP ( 'NONE', ( #2502, #9098, #8332, #2294 ) ) ;
#8897 = CARTESIAN_POINT ( 'NONE',  ( 0.5187220413816376885, -0.0009860933763776690009, -1.270809353736501057 ) ) ;
#8898 = ORIENTED_EDGE ( 'NONE', *, *, #5885, .F. ) ;
#8899 = AXIS2_PLACEMENT_3D ( 'NONE', #8891, #8075, #8997 ) ;
#8900 = EDGE_LOOP ( 'NONE', ( #7644, #9342, #7295, #7030, #299 ) ) ;
#8901 = ORIENTED_EDGE ( 'NONE', *, *, #276, .F. ) ;
#8902 = EDGE_CURVE ( 'NONE', #6356, #6850, #890, .T. ) ;
#8903 = CYLINDRICAL_SURFACE ( 'NONE', #5776, 0.04999999999999991257 ) ;
#8904 = DIRECTION ( 'NONE',  ( 0.000000000000000000, -1.000000000000000000, 0.000000000000000000 ) ) ;
#8905 = LINE ( 'NONE', #8800, #1803 ) ;
#8906 = DIRECTION ( 'NONE',  ( 0.000000000000000000, 1.000000000000000000, -0.000000000000000000 ) ) ;
#8907 = EDGE_CURVE ( 'NONE', #4856, #5545, #1727, .T. ) ;
#8908 = CARTESIAN_POINT ( 'NONE',  ( -2.017386645469349649, -0.6650180178729041547, -0.9299338753735266749 ) ) ;
#8909 = DIRECTION ( 'NONE',  ( -1.000000000000000000, 0.000000000000000000, 0.000000000000000000 ) ) ;
#8910 = CARTESIAN_POINT ( 'NONE',  ( -1.342569531694837615, -0.09999999999999985290, 1.350000000000000311 ) ) ;
#8911 = ORIENTED_EDGE ( 'NONE', *, *, #433, .F. ) ;
#8912 = ORIENTED_EDGE ( 'NONE', *, *, #3995, .F. ) ;
#8913 = APPLICATION_PROTOCOL_DEFINITION ( 'draft international standard', 'automotive_design', 1998, #2440 ) ;
#8914 = ADVANCED_FACE ( 'NONE', ( #5580 ), #2576, .F. ) ;
#8915 = VECTOR ( 'NONE', #1653, 1000.000000000000000 ) ;
#8916 = DIRECTION ( 'NONE',  ( -3.252606517456510147E-15, -1.000000000000000000, 0.000000000000000000 ) ) ;
#8917 = CARTESIAN_POINT ( 'NONE',  ( 1.956312538222585440, -0.5745186493193498167, -0.4816873910456424546 ) ) ;
#8918 = FACE_OUTER_BOUND ( 'NONE', #826, .T. ) ;
#8919 = FACE_OUTER_BOUND ( 'NONE', #4645, .T. ) ;
#8920 = DIRECTION ( 'NONE',  ( -1.000000000000000000, 0.000000000000000000, 0.000000000000000000 ) ) ;
#8921 = CARTESIAN_POINT ( 'NONE',  ( 1.922150581580902573, -0.7182691883758357543, 0.3515012169590154834 ) ) ;
#8922 = EDGE_CURVE ( 'NONE', #8741, #8394, #3399, .T. ) ;
#8923 = DIRECTION ( 'NONE',  ( 0.000000000000000000, 0.000000000000000000, -1.000000000000000000 ) ) ;
#8924 = CIRCLE ( 'NONE', #7128, 0.04999999999999991257 ) ;
#8925 = ORIENTED_EDGE ( 'NONE', *, *, #8253, .T. ) ;
#8926 = AXIS2_PLACEMENT_3D ( 'NONE', #6134, #2926, #2208 ) ;
#8927 = PLANE ( 'NONE',  #6733 ) ;
#8928 = AXIS2_PLACEMENT_3D ( 'NONE', #6337, #8662, #7810 ) ;
#8929 = FACE_OUTER_BOUND ( 'NONE', #247, .T. ) ;
#8930 = ORIENTED_EDGE ( 'NONE', *, *, #1120, .T. ) ;
#8931 = VECTOR ( 'NONE', #1515, 1000.000000000000000 ) ;
#8932 = ADVANCED_FACE ( 'NONE', ( #9481 ), #94, .F. ) ;
#8933 = AXIS2_PLACEMENT_3D ( 'NONE', #2902, #7669, #655 ) ;
#8934 = DIRECTION ( 'NONE',  ( 1.387778780781445676E-16, 1.232595164407829578E-32, -1.000000000000000000 ) ) ;
#8935 = CIRCLE ( 'NONE', #6329, 0.04999999999999999584 ) ;
#8936 = DIRECTION ( 'NONE',  ( 0.000000000000000000, 0.000000000000000000, -1.000000000000000000 ) ) ;
#8937 = DIRECTION ( 'NONE',  ( -0.000000000000000000, -1.000000000000000000, 1.583310275509380931E-14 ) ) ;
#8938 = EDGE_CURVE ( 'NONE', #6949, #560, #5485, .T. ) ;
#8939 = DIRECTION ( 'NONE',  ( -0.000000000000000000, -0.000000000000000000, 1.000000000000000000 ) ) ;
#8940 = ORIENTED_EDGE ( 'NONE', *, *, #1514, .T. ) ;
#8941 = CARTESIAN_POINT ( 'NONE',  ( 1.962081214048436273, -0.03366884045269506048, 0.9923583504424268176 ) ) ;
#8942 = ORIENTED_EDGE ( 'NONE', *, *, #4500, .F. ) ;
#8943 = ORIENTED_EDGE ( 'NONE', *, *, #1126, .F. ) ;
#8944 = VERTEX_POINT ( 'NONE', #7909 ) ;
#8945 = VECTOR ( 'NONE', #6342, 1000.000000000000000 ) ;
#8946 = DIRECTION ( 'NONE',  ( 8.659560562354926695E-17, 0.7071067811865482389, -0.7071067811865469066 ) ) ;
#8947 = CARTESIAN_POINT ( 'NONE',  ( -2.122262099140556302, -0.9384702164696131499, -1.510468355502019744 ) ) ;
#8948 = DIRECTION ( 'NONE',  ( 0.000000000000000000, 0.000000000000000000, -1.000000000000000000 ) ) ;
#8949 = EDGE_CURVE ( 'NONE', #9815, #823, #5031, .T. ) ;
#8950 = LINE ( 'NONE', #498, #5005 ) ;
#8951 = DIRECTION ( 'NONE',  ( 0.000000000000000000, 0.000000000000000000, -1.000000000000000000 ) ) ;
#8953 = ORIENTED_EDGE ( 'NONE', *, *, #7717, .F. ) ;
#8952 = FACE_OUTER_BOUND ( 'NONE', #4282, .T. ) ;
#8954 = CARTESIAN_POINT ( 'NONE',  ( 1.274999999999999911, -0.1499999999999998002, 0.000000000000000000 ) ) ;
#8955 = ORIENTED_EDGE ( 'NONE', *, *, #4647, .F. ) ;
#8956 = EDGE_CURVE ( 'NONE', #7712, #682, #7298, .T. ) ;
#8957 = FACE_OUTER_BOUND ( 'NONE', #2898, .T. ) ;
#8958 = VERTEX_POINT ( 'NONE', #8771 ) ;
#8959 = AXIS2_PLACEMENT_3D ( 'NONE', #5544, #3292, #8671 ) ;
#8960 = EDGE_LOOP ( 'NONE', ( #3929, #9983, #7424, #838 ) ) ;
#8961 = EDGE_LOOP ( 'NONE', ( #5962, #9339, #1192 ) ) ;
#8962 = CARTESIAN_POINT ( 'NONE',  ( 2.018552680935474353, -0.6867314980063208285, 0.3815783491883482648 ) ) ;
#8963 = CYLINDRICAL_SURFACE ( 'NONE', #8111, 0.1499999999999999667 ) ;
#8964 = FACE_OUTER_BOUND ( 'NONE', #8961, .T. ) ;
#8965 = DIRECTION ( 'NONE',  ( 1.000000000000000000, 0.000000000000000000, 0.000000000000000000 ) ) ;
#8966 = DIRECTION ( 'NONE',  ( -0.7071067811865472397, -9.244463733058726621E-33, 0.7071067811865479058 ) ) ;
#8967 = CARTESIAN_POINT ( 'NONE',  ( -1.867386645469348405, -0.09999999999999976963, 0.4218284553639131129 ) ) ;
#8968 = CARTESIAN_POINT ( 'NONE',  ( -1.333302514869668443, -0.1196668660553659586, 1.380333133944636304 ) ) ;
#8969 = ORIENTED_EDGE ( 'NONE', *, *, #8324, .T. ) ;
#8970 = AXIS2_PLACEMENT_3D ( 'NONE', #6183, #4651, #831 ) ;
#8971 = ORIENTED_EDGE ( 'NONE', *, *, #1382, .F. ) ;
#8972 = ADVANCED_FACE ( 'NONE', ( #4659 ), #7959, .F. ) ;
#8973 = CARTESIAN_POINT ( 'NONE',  ( -0.6006347602098600635, -0.1499999999999999667, -1.399999999999999689 ) ) ;
#8974 = DIRECTION ( 'NONE',  ( 1.000000000000000000, -0.000000000000000000, -0.000000000000000000 ) ) ;
#8975 = CARTESIAN_POINT ( 'NONE',  ( -1.917386645469349782, -0.4368187788597396870, -0.9559338944844643082 ) ) ;
#8976 = DIRECTION ( 'NONE',  ( 0.000000000000000000, 0.000000000000000000, -1.000000000000000000 ) ) ;
#8977 = CYLINDRICAL_SURFACE ( 'NONE', #6470, 0.4000000000000000222 ) ;
#8978 = DIRECTION ( 'NONE',  ( 0.000000000000000000, 1.000000000000000000, 0.000000000000000000 ) ) ;
#8979 = ADVANCED_FACE ( 'NONE', ( #4092 ), #4714, .T. ) ;
#8980 = CARTESIAN_POINT ( 'NONE',  ( 1.243797756012290590, -0.1036681063531565417, 2.099119630351393706 ) ) ;
#8981 = VERTEX_POINT ( 'NONE', #6288 ) ;
#8982 = AXIS2_PLACEMENT_3D ( 'NONE', #3593, #9026, #2060 ) ;
#8983 = EDGE_CURVE ( 'NONE', #5655, #2072, #7202, .T. ) ;
#8984 = DIRECTION ( 'NONE',  ( -0.000000000000000000, -1.000000000000000000, 0.000000000000000000 ) ) ;
#8985 = CARTESIAN_POINT ( 'NONE',  ( 1.918503671974816527, -0.6948837730822420289, 0.2992244930196150121 ) ) ;
#8986 = EDGE_LOOP ( 'NONE', ( #2363, #7661, #6200, #8223 ) ) ;
#8987 = EDGE_CURVE ( 'NONE', #3162, #5642, #936, .T. ) ;
#8988 = DIRECTION ( 'NONE',  ( 6.661338147750936284E-16, 2.465190328815660797E-32, 1.000000000000000000 ) ) ;
#8989 = CIRCLE ( 'NONE', #4594, 0.05000000000000012768 ) ;
#8990 = EDGE_LOOP ( 'NONE', ( #7547, #3158, #1025, #4754, #80 ) ) ;
#8991 = ORIENTED_EDGE ( 'NONE', *, *, #1621, .T. ) ;
#8992 = ADVANCED_FACE ( 'NONE', ( #9529 ), #3235, .F. ) ;
#8993 = VECTOR ( 'NONE', #3638, 1000.000000000000000 ) ;
#8994 = CARTESIAN_POINT ( 'NONE',  ( -2.217386645469349826, -0.6650180178729041547, -1.510468355502019744 ) ) ;
#8995 = CARTESIAN_POINT ( 'NONE',  ( -1.995392560103486090, -0.07180482227990070410, -0.9886127665261839059 ) ) ;
#8996 = B_SPLINE_CURVE_WITH_KNOTS ( 'NONE', 3,
 ( #4954, #8046, #2565, #58, #8250, #9247, #8531 ),
 .UNSPECIFIED., .F., .F.,
 ( 4, 3, 4 ),
 ( 0.000000000000000000, 1.369240903752003338E-05, 2.723892771185518441E-05 ),
 .UNSPECIFIED. ) ;
#8997 = DIRECTION ( 'NONE',  ( -0.7071067811865479058, 0.000000000000000000, -0.7071067811865470176 ) ) ;
#8998 = CARTESIAN_POINT ( 'NONE',  ( -1.684053312136017277, -0.3983513512062374917, -0.2774175960637576543 ) ) ;
#8999 = VERTEX_POINT ( 'NONE', #982 ) ;
#9000 = DIRECTION ( 'NONE',  ( 0.000000000000000000, 1.000000000000000000, -0.000000000000000000 ) ) ;
#9001 = ORIENTED_EDGE ( 'NONE', *, *, #8473, .T. ) ;
#9002 = VECTOR ( 'NONE', #6621, 1000.000000000000000 ) ;
#9003 = DIRECTION ( 'NONE',  ( 1.000000000000000000, 0.000000000000000000, 0.000000000000000000 ) ) ;
#9004 = ORIENTED_EDGE ( 'NONE', *, *, #5786, .F. ) ;
#9005 = ORIENTED_EDGE ( 'NONE', *, *, #4333, .F. ) ;
#9006 = VERTEX_POINT ( 'NONE', #278 ) ;
#9007 = EDGE_CURVE ( 'NONE', #9291, #4950, #4041, .T. ) ;
#9008 = EDGE_CURVE ( 'NONE', #2582, #8078, #4373, .T. ) ;
#9009 = CARTESIAN_POINT ( 'NONE',  ( 1.919619083296023598, -0.7090405293111092799, 0.3742185336602723567 ) ) ;
#9010 = AXIS2_PLACEMENT_3D ( 'NONE', #3496, #2581, #5741 ) ;
#9011 = DIRECTION ( 'NONE',  ( 1.000000000000000000, 0.000000000000000000, 0.000000000000000000 ) ) ;
#9012 = PLANE ( 'NONE',  #5061 ) ;
#9013 = FACE_OUTER_BOUND ( 'NONE', #9940, .T. ) ;
#9014 = CARTESIAN_POINT ( 'NONE',  ( 1.301148175457528033, -0.6083740602123934860, 0.7000000000000001776 ) ) ;
#9015 = ORIENTED_EDGE ( 'NONE', *, *, #93, .F. ) ;
#9016 = VERTEX_POINT ( 'NONE', #2427 ) ;
#9017 = VECTOR ( 'NONE', #9788, 1000.000000000000000 ) ;
#9018 = PRODUCT_CONTEXT ( 'NONE', #2440, 'mechanical' ) ;
#9019 = EDGE_CURVE ( 'NONE', #560, #1266, #7386, .T. ) ;
#9020 = DIRECTION ( 'NONE',  ( 0.000000000000000000, 1.000000000000000000, -0.000000000000000000 ) ) ;
#9021 = DIRECTION ( 'NONE',  ( 1.000000000000000000, 3.252606517456510541E-15, -0.000000000000000000 ) ) ;
#9022 = DIRECTION ( 'NONE',  ( 0.9098789178756583329, 0.4148739022949275435, -0.000000000000000000 ) ) ;
#9023 = VECTOR ( 'NONE', #2542, 1000.000000000000000 ) ;
#9024 = CARTESIAN_POINT ( 'NONE',  ( -0.4961224367392622625, -1.178293477248595122, -1.515980034511265950 ) ) ;
#9025 = DIRECTION ( 'NONE',  ( 0.000000000000000000, 0.000000000000000000, 1.000000000000000000 ) ) ;
#9026 = DIRECTION ( 'NONE',  ( 0.000000000000000000, 1.000000000000000000, 0.000000000000000000 ) ) ;
#9027 = CARTESIAN_POINT ( 'NONE',  ( -1.799402302898350348, 0.000000000000000000, 0.2718284553639131462 ) ) ;
#9028 = DIRECTION ( 'NONE',  ( -0.000000000000000000, -0.000000000000000000, -1.000000000000000000 ) ) ;
#9029 = VERTEX_POINT ( 'NONE', #4281 ) ;
#9030 = AXIS2_PLACEMENT_3D ( 'NONE', #5115, #1912, #8204 ) ;
#9031 = EDGE_CURVE ( 'NONE', #7674, #9511, #5679, .T. ) ;
#9032 = PLANE ( 'NONE',  #2850 ) ;
#9033 = FACE_OUTER_BOUND ( 'NONE', #4680, .T. ) ;
#9034 = VERTEX_POINT ( 'NONE', #5210 ) ;
#9035 = CARTESIAN_POINT ( 'NONE',  ( 2.005081564711294728, -0.7618219283721002766, -0.9157532022455883158 ) ) ;
#9036 = AXIS2_PLACEMENT_3D ( 'NONE', #6628, #5875, #8861 ) ;
#9037 = EDGE_CURVE ( 'NONE', #5329, #7114, #3527, .T. ) ;
#9038 = ORIENTED_EDGE ( 'NONE', *, *, #7363, .F. ) ;
#9039 = FACE_OUTER_BOUND ( 'NONE', #1456, .T. ) ;
#9040 = ORIENTED_EDGE ( 'NONE', *, *, #1006, .T. ) ;
#9041 = EDGE_CURVE ( 'NONE', #1207, #1237, #875, .T. ) ;
#9042 = VECTOR ( 'NONE', #1375, 1000.000000000000000 ) ;
#9043 = LINE ( 'NONE', #5897, #9846 ) ;
#9044 = CARTESIAN_POINT ( 'NONE',  ( -1.499999999999999556, -1.419999999999999929, 0.6999999999999999556 ) ) ;
#9045 = CARTESIAN_POINT ( 'NONE',  ( -2.299999999999999822, -1.419999999999999929, 0.4999999999999994449 ) ) ;
#9046 = CARTESIAN_POINT ( 'NONE',  ( -2.031274207352990135, -0.9799576066991059209, -1.510468355502019744 ) ) ;
#9047 = CARTESIAN_POINT ( 'NONE',  ( -0.5182054405218702309, -0.001057457213716849701, -1.271567351610725316 ) ) ;
#9048 = CARTESIAN_POINT ( 'NONE',  ( -1.750719978802683707, -0.4316846845395708177, -0.2774175960637575433 ) ) ;
#9049 = ORIENTED_EDGE ( 'NONE', *, *, #4614, .T. ) ;
#9050 = ADVANCED_FACE ( 'NONE', ( #2659 ), #4176, .T. ) ;
#9051 = LINE ( 'NONE', #5904, #736 ) ;
#9052 = ORIENTED_EDGE ( 'NONE', *, *, #3294, .F. ) ;
#9053 = DIRECTION ( 'NONE',  ( -0.000000000000000000, 1.000000000000000000, -0.000000000000000000 ) ) ;
#9054 = EDGE_LOOP ( 'NONE', ( #4338, #5030, #2735, #2455 ) ) ;
#9055 = ORIENTED_EDGE ( 'NONE', *, *, #9613, .T. ) ;
#9056 = ORIENTED_EDGE ( 'NONE', *, *, #5433, .F. ) ;
#9057 = AXIS2_PLACEMENT_3D ( 'NONE', #1330, #1376, #9745 ) ;
#9058 = EDGE_CURVE ( 'NONE', #9801, #3196, #1880, .T. ) ;
#9059 = CARTESIAN_POINT ( 'NONE',  ( 1.920337843033970371, -0.7137316643756853596, 0.3696794698583892869 ) ) ;
#9060 = CARTESIAN_POINT ( 'NONE',  ( -1.499999999999999556, -1.269999999999999796, 1.099999999999999867 ) ) ;
#9061 = CARTESIAN_POINT ( 'NONE',  ( 1.799402302898350348, -0.1000000000000000056, -0.4218284553639131129 ) ) ;
#9062 = CARTESIAN_POINT ( 'NONE',  ( -2.684053312136017055, -0.4316846845395708177, 0.2774175960637573213 ) ) ;
#9063 = EDGE_CURVE ( 'NONE', #8556, #8958, #9558, .T. ) ;
#9064 = DIRECTION ( 'NONE',  ( 0.000000000000000000, -9.346570452461245599E-18, -1.000000000000000000 ) ) ;
#9065 = VECTOR ( 'NONE', #9187, 1000.000000000000000 ) ;
#9066 = CARTESIAN_POINT ( 'NONE',  ( -0.9237652542620762297, -0.1000000000000000056, -1.399999999999999467 ) ) ;
#9067 = CARTESIAN_POINT ( 'NONE',  ( -1.301148175457528255, -0.1999999999999999833, 1.300000000000000266 ) ) ;
#9068 = VERTEX_POINT ( 'NONE', #6624 ) ;
#9069 = ORIENTED_EDGE ( 'NONE', *, *, #6236, .T. ) ;
#9070 = DIRECTION ( 'NONE',  ( -0.000000000000000000, 1.000000000000000000, -0.000000000000000000 ) ) ;
#9071 = LINE ( 'NONE', #6030, #5467 ) ;
#9072 = DIRECTION ( 'NONE',  ( 0.000000000000000000, 0.000000000000000000, 1.000000000000000000 ) ) ;
#9073 = EDGE_CURVE ( 'NONE', #650, #7980, #467, .T. ) ;
#9074 = CARTESIAN_POINT ( 'NONE',  ( -1.995392560103486090, 0.000000000000000000, 0.9886127665261836839 ) ) ;
#9075 = CARTESIAN_POINT ( 'NONE',  ( -2.017386645469348316, -0.09999999999999965861, -0.4218284553639131129 ) ) ;
#9076 = DIRECTION ( 'NONE',  ( 0.000000000000000000, 0.000000000000000000, 1.000000000000000000 ) ) ;
#9077 = AXIS2_PLACEMENT_3D ( 'NONE', #1158, #7126, #1063 ) ;
#9078 = AXIS2_PLACEMENT_3D ( 'NONE', #8355, #4486, #7590 ) ;
#9079 = ORIENTED_EDGE ( 'NONE', *, *, #3596, .F. ) ;
#9080 = LINE ( 'NONE', #9220, #5206 ) ;
#9081 = CARTESIAN_POINT ( 'NONE',  ( -2.017386645469349205, -0.6800860033465971899, 0.3925358233496943905 ) ) ;
#9082 = AXIS2_PLACEMENT_3D ( 'NONE', #9721, #5056, #2958 ) ;
#9083 = AXIS2_PLACEMENT_3D ( 'NONE', #4829, #4058, #7165 ) ;
#9084 = CARTESIAN_POINT ( 'NONE',  ( -0.6006347602098601746, -0.1499999999999999667, -1.200000000000000178 ) ) ;
#9085 = ORIENTED_EDGE ( 'NONE', *, *, #2189, .F. ) ;
#9086 = CARTESIAN_POINT ( 'NONE',  ( 2.061603504576257961, -0.9661284766405215940, -0.7661930767260305419 ) ) ;
#9087 = AXIS2_PLACEMENT_3D ( 'NONE', #522, #2010, #576 ) ;
#9088 = DIRECTION ( 'NONE',  ( -0.9098789178756583329, -0.4148739022949275435, 2.997831225401742127E-16 ) ) ;
#9089 = ORIENTED_EDGE ( 'NONE', *, *, #1044, .T. ) ;
#9090 = AXIS2_PLACEMENT_3D ( 'NONE', #2544, #1884, #3404 ) ;
#9091 = CIRCLE ( 'NONE', #6809, 0.5000000000000000000 ) ;
#9092 = ADVANCED_FACE ( 'NONE', ( #1959 ), #6237, .T. ) ;
#9093 = DIRECTION ( 'NONE',  ( -1.000000000000000000, 3.252606517456518824E-15, 0.000000000000000000 ) ) ;
#9094 = CARTESIAN_POINT ( 'NONE',  ( -1.905617809753798353, -0.004549435756814385577, -1.017591108001171030 ) ) ;
#9095 = CIRCLE ( 'NONE', #3086, 0.2278784632047899938 ) ;
#9096 = CARTESIAN_POINT ( 'NONE',  ( -0.4996388146046897294, -0.01668046205683360386, -1.318745187486983550 ) ) ;
#9097 = DIRECTION ( 'NONE',  ( -0.7071067811865479058, -0.000000000000000000, -0.7071067811865471286 ) ) ;
#9098 = ORIENTED_EDGE ( 'NONE', *, *, #7511, .T. ) ;
#9099 = ORIENTED_EDGE ( 'NONE', *, *, #3012, .F. ) ;
#9100 = ADVANCED_FACE ( 'NONE', ( #5971 ), #515, .T. ) ;
#9101 = DIRECTION ( 'NONE',  ( -0.000000000000000000, -1.000000000000000000, -0.000000000000000000 ) ) ;
#9102 = VERTEX_POINT ( 'NONE', #8492 ) ;
#9103 = ORIENTED_EDGE ( 'NONE', *, *, #5079, .T. ) ;
#9104 = ORIENTED_EDGE ( 'NONE', *, *, #4019, .T. ) ;
#9105 = AXIS2_PLACEMENT_3D ( 'NONE', #8496, #5462, #7833 ) ;
#9106 = VECTOR ( 'NONE', #8738, 1000.000000000000000 ) ;
#9107 = EDGE_CURVE ( 'NONE', #4464, #8233, #6214, .T. ) ;
#9108 = CARTESIAN_POINT ( 'NONE',  ( 1.921707228018566527, -0.7157635255050101009, 0.3659697877904978802 ) ) ;
#9109 = CARTESIAN_POINT ( 'NONE',  ( -2.017386645469349649, -0.6650180178729041547, -0.3949867687062132982 ) ) ;
#9110 = CARTESIAN_POINT ( 'NONE',  ( -1.938660725303336330, -0.01739309451821583960, -0.4218284553639134460 ) ) ;
#9111 = CARTESIAN_POINT ( 'NONE',  ( -1.199999999999999956, -0.1152839163088416191, 2.125000000000000000 ) ) ;
#9112 = VERTEX_POINT ( 'NONE', #6165 ) ;
#9113 = VECTOR ( 'NONE', #4063, 1000.000000000000000 ) ;
#9114 = CARTESIAN_POINT ( 'NONE',  ( -0.4961224367392622625, -0.1500000000000002998, -1.250000000000000000 ) ) ;
#9115 = DIRECTION ( 'NONE',  ( 0.000000000000000000, 0.000000000000000000, 1.000000000000000000 ) ) ;
#9116 = EDGE_CURVE ( 'NONE', #5353, #5110, #1955, .T. ) ;
#9117 = CARTESIAN_POINT ( 'NONE',  ( -0.2464402437188723538, 0.000000000000000000, 1.346488774451193748 ) ) ;
#9118 = EDGE_LOOP ( 'NONE', ( #177, #9809, #861, #439, #6335, #8029 ) ) ;
#9119 = ADVANCED_FACE ( 'NONE', ( #2910 ), #7583, .T. ) ;
#9120 = DIRECTION ( 'NONE',  ( -0.000000000000000000, 1.000000000000000000, -0.000000000000000000 ) ) ;
#9121 = DIRECTION ( 'NONE',  ( 1.000000000000000000, -0.000000000000000000, 0.000000000000000000 ) ) ;
#9122 = DIRECTION ( 'NONE',  ( -0.000000000000000000, -0.000000000000000000, 1.000000000000000000 ) ) ;
#9123 = DIRECTION ( 'NONE',  ( 5.222030135508703414E-16, -0.1605490890915466096, -0.9870278567456314267 ) ) ;
#9124 = LINE ( 'NONE', #9787, #3477 ) ;
#9125 = CARTESIAN_POINT ( 'NONE',  ( -2.017386645469349649, -0.6650180178729041547, 0.2471919620098809445 ) ) ;
#9126 = ORIENTED_EDGE ( 'NONE', *, *, #5223, .F. ) ;
#9127 = VERTEX_POINT ( 'NONE', #8347 ) ;
#9128 = EDGE_CURVE ( 'NONE', #4971, #9642, #4528, .T. ) ;
#9129 = ADVANCED_FACE ( 'NONE', ( #7633 ), #5254, .T. ) ;
#9130 = DIRECTION ( 'NONE',  ( 0.000000000000000000, 0.9876840514173278462, 0.1564615434407230776 ) ) ;
#9131 = CARTESIAN_POINT ( 'NONE',  ( -1.920725336924323567, -0.7096506070019189538, 0.3252409048719711038 ) ) ;
#9132 = CARTESIAN_POINT ( 'NONE',  ( -1.716747282967096888, -0.1144196515417678639, 1.385571192242482708 ) ) ;
#9133 = ORIENTED_EDGE ( 'NONE', *, *, #8922, .F. ) ;
#9134 = CARTESIAN_POINT ( 'NONE',  ( 1.944422970103176995, -0.7894801885629675331, -0.9157532022455930898 ) ) ;
#9135 = DIRECTION ( 'NONE',  ( -1.000000000000000000, 0.000000000000000000, -0.000000000000000000 ) ) ;
#9136 = DIRECTION ( 'NONE',  ( 0.000000000000000000, 0.01745240643728366084, -0.9998476951563912696 ) ) ;
#9137 = VECTOR ( 'NONE', #3818, 1000.000000000000000 ) ;
#9138 = DIRECTION ( 'NONE',  ( -0.000000000000000000, 1.000000000000000000, -0.000000000000000000 ) ) ;
#9139 = DIRECTION ( 'NONE',  ( -1.000000000000000000, 0.000000000000000000, 0.000000000000000000 ) ) ;
#9140 = DIRECTION ( 'NONE',  ( 1.000000000000000000, 0.000000000000000000, 0.000000000000000000 ) ) ;
#9141 = CARTESIAN_POINT ( 'NONE',  ( -2.817386645469349915, -0.3650180178729042213, -0.2774175960637573213 ) ) ;
#9142 = VERTEX_POINT ( 'NONE', #661 ) ;
#9143 = B_SPLINE_CURVE_WITH_KNOTS ( 'NONE', 3,
 ( #5700, #8783, #8175, #1244 ),
 .UNSPECIFIED., .F., .F.,
 ( 4, 4 ),
 ( 0.000000000000000000, 1.000000000000000000 ),
 .UNSPECIFIED. ) ;
#9144 = ORIENTED_EDGE ( 'NONE', *, *, #5707, .T. ) ;
#9145 = DIRECTION ( 'NONE',  ( 0.000000000000000000, 0.000000000000000000, -1.000000000000000000 ) ) ;
#9146 = ORIENTED_EDGE ( 'NONE', *, *, #4891, .F. ) ;
#9147 = VERTEX_POINT ( 'NONE', #2148 ) ;
#9148 = AXIS2_PLACEMENT_3D ( 'NONE', #8011, #7307, #8826 ) ;
#9149 = CARTESIAN_POINT ( 'NONE',  ( 1.917386645469350004, -0.6766399652042210944, 0.3909982452980924061 ) ) ;
#9150 = ADVANCED_FACE ( 'NONE', ( #4630 ), #6917, .T. ) ;
#9151 = CARTESIAN_POINT ( 'NONE',  ( 1.249869949049011719, -0.1066239048057621291, 1.871396087979849465 ) ) ;
#9152 = FACE_OUTER_BOUND ( 'NONE', #8896, .T. ) ;
#9153 = DIRECTION ( 'NONE',  ( -0.000000000000000000, -1.000000000000000000, 0.000000000000000000 ) ) ;
#9154 = AXIS2_PLACEMENT_3D ( 'NONE', #77, #8403, #6128 ) ;
#9155 = ORIENTED_EDGE ( 'NONE', *, *, #788, .T. ) ;
#9156 = CARTESIAN_POINT ( 'NONE',  ( -2.299999999999999822, -1.419999999999999929, 0.4999999999999994449 ) ) ;
#9157 = ORIENTED_EDGE ( 'NONE', *, *, #3504, .F. ) ;
#9158 = CARTESIAN_POINT ( 'NONE',  ( 0.000000000000000000, 0.000000000000000000, 0.3499999999999999778 ) ) ;
#9159 = ORIENTED_EDGE ( 'NONE', *, *, #7883, .T. ) ;
#9160 = VERTEX_POINT ( 'NONE', #9259 ) ;
#9161 = VECTOR ( 'NONE', #7912, 1000.000000000000000 ) ;
#9162 = EDGE_CURVE ( 'NONE', #3631, #6749, #5846, .T. ) ;
#9163 = LINE ( 'NONE', #5307, #685 ) ;
#9164 = LINE ( 'NONE', #1366, #2049 ) ;
#9165 = DIRECTION ( 'NONE',  ( -1.000000000000000000, 4.237045877651918192E-33, 3.330669073875468635E-16 ) ) ;
#9166 = PLANE ( 'NONE',  #1466 ) ;
#9167 = CARTESIAN_POINT ( 'NONE',  ( 1.250000000000000000, 0.000000000000000000, 0.000000000000000000 ) ) ;
#9168 = CARTESIAN_POINT ( 'NONE',  ( 1.867386645469348405, -0.1499999999999996891, -0.9886127665261832398 ) ) ;
#9169 = AXIS2_PLACEMENT_3D ( 'NONE', #6634, #5120, #8261 ) ;
#9170 = AXIS2_PLACEMENT_3D ( 'NONE', #4104, #293, #1886 ) ;
#9171 = EDGE_CURVE ( 'NONE', #9801, #4361, #617, .T. ) ;
#9172 = CIRCLE ( 'NONE', #8673, 0.04999999999999991257 ) ;
#9173 = ORIENTED_EDGE ( 'NONE', *, *, #6934, .T. ) ;
#9174 = VERTEX_POINT ( 'NONE', #9117 ) ;
#9175 = CARTESIAN_POINT ( 'NONE',  ( 2.100000000000000089, -0.6548169886614644275, 0.3499999999999999778 ) ) ;
#9176 = CARTESIAN_POINT ( 'NONE',  ( -1.917386645469349338, -0.6650180178729042657, 0.3949867687062137978 ) ) ;
#9177 = CARTESIAN_POINT ( 'NONE',  ( 1.920725336924323567, -0.7096506070019189538, -0.3252409048719711038 ) ) ;
#9178 = PLANE ( 'NONE',  #4927 ) ;
#9179 = ORIENTED_EDGE ( 'NONE', *, *, #9849, .F. ) ;
#9180 = CARTESIAN_POINT ( 'NONE',  ( -2.299999999999999378, -1.269999999999999796, 1.099999999999999867 ) ) ;
#9181 = ADVANCED_FACE ( 'NONE', ( #7678 ), #3007, .T. ) ;
#9182 = VECTOR ( 'NONE', #6279, 1000.000000000000000 ) ;
#9183 = CARTESIAN_POINT ( 'NONE',  ( -1.899999999999999689, -7.560171795458674460, -1.200000000000000178 ) ) ;
#9184 = ORIENTED_EDGE ( 'NONE', *, *, #5450, .T. ) ;
#9185 = LINE ( 'NONE', #3847, #5483 ) ;
#9186 = CARTESIAN_POINT ( 'NONE',  ( 5.467603388875719526E-17, -0.1999999999999998168, 0.7620340378538883463 ) ) ;
#9187 = DIRECTION ( 'NONE',  ( 0.9098789178756583329, 0.4148739022949275435, -0.000000000000000000 ) ) ;
#9188 = CARTESIAN_POINT ( 'NONE',  ( -1.921685661992098781, -0.7156663480444203085, -0.3319555044828285673 ) ) ;
#9189 = ORIENTED_EDGE ( 'NONE', *, *, #5100, .F. ) ;
#9190 = EDGE_CURVE ( 'NONE', #3551, #1702, #5354, .T. ) ;
#9191 = ORIENTED_EDGE ( 'NONE', *, *, #5896, .T. ) ;
#9192 = DIRECTION ( 'NONE',  ( 0.000000000000000000, 0.000000000000000000, 1.000000000000000000 ) ) ;
#9193 = EDGE_LOOP ( 'NONE', ( #8943, #3784, #1920, #4178 ) ) ;
#9194 = EDGE_LOOP ( 'NONE', ( #9859, #2323, #4325, #7205, #1709 ) ) ;
#9195 = VECTOR ( 'NONE', #993, 1000.000000000000000 ) ;
#9196 = FACE_OUTER_BOUND ( 'NONE', #2478, .T. ) ;
#9197 = LINE ( 'NONE', #8435, #1256 ) ;
#9198 = DIRECTION ( 'NONE',  ( -1.387778780781444443E-16, 1.232595164407829851E-32, -1.000000000000000000 ) ) ;
#9199 = CARTESIAN_POINT ( 'NONE',  ( -0.4961224367392622625, -0.3365381571031996200, -1.300519108644608623 ) ) ;
#9200 = LINE ( 'NONE', #2858, #8755 ) ;
#9201 = CARTESIAN_POINT ( 'NONE',  ( 1.922125184699684075, -0.7181279960706978827, 0.3547501486222020550 ) ) ;
#9202 = ORIENTED_EDGE ( 'NONE', *, *, #6698, .T. ) ;
#9203 = LINE ( 'NONE', #1603, #7998 ) ;
#9204 = EDGE_LOOP ( 'NONE', ( #7522, #9951, #615, #517 ) ) ;
#9205 = CARTESIAN_POINT ( 'NONE',  ( -2.017386645469348316, -0.1499999999999991895, -0.4218284553639131129 ) ) ;
#9206 = ORIENTED_EDGE ( 'NONE', *, *, #5574, .F. ) ;
#9207 = CONICAL_SURFACE ( 'NONE', #329, 0.1749999999999998224, 0.7853981633974469467 ) ;
#9208 = VERTEX_POINT ( 'NONE', #7535 ) ;
#9209 = DIRECTION ( 'NONE',  ( 0.000000000000000000, -0.000000000000000000, -1.000000000000000000 ) ) ;
#9210 = EDGE_CURVE ( 'NONE', #851, #594, #6815, .T. ) ;
#9211 = LINE ( 'NONE', #5310, #3675 ) ;
#9212 = AXIS2_PLACEMENT_3D ( 'NONE', #1389, #4460, #2082 ) ;
#9213 = CARTESIAN_POINT ( 'NONE',  ( -1.914825147993090892, -0.4835307575317847606, -0.5089130437326949696 ) ) ;
#9214 = CARTESIAN_POINT ( 'NONE',  ( -2.299999999999999378, -1.269999999999999796, -1.099999999999999867 ) ) ;
#9215 = DIRECTION ( 'NONE',  ( 0.000000000000000000, -0.000000000000000000, 1.000000000000000000 ) ) ;
#9216 = EDGE_LOOP ( 'NONE', ( #283, #5682, #70, #8867, #5803 ) ) ;
#9217 = EDGE_CURVE ( 'NONE', #6614, #6864, #4581, .T. ) ;
#9218 = ORIENTED_EDGE ( 'NONE', *, *, #6146, .F. ) ;
#9219 = ORIENTED_EDGE ( 'NONE', *, *, #7823, .F. ) ;
#9220 = CARTESIAN_POINT ( 'NONE',  ( 1.301148175457528033, -0.6083740602123934860, 0.7000000000000001776 ) ) ;
#9221 = ADVANCED_FACE ( 'NONE', ( #3867 ), #1457, .T. ) ;
#9222 = CARTESIAN_POINT ( 'NONE',  ( -0.4961224367392622625, -1.157941351547631115, -1.317018251800484707 ) ) ;
#9223 = CARTESIAN_POINT ( 'NONE',  ( 1.916386645469349448, -0.6877224684239866548, -0.3925328811266083351 ) ) ;
#9224 = CARTESIAN_POINT ( 'NONE',  ( -0.9749999999999999778, -1.919999999999999929, 0.5750000000000001776 ) ) ;
#9225 = ORIENTED_EDGE ( 'NONE', *, *, #8724, .F. ) ;
#9226 = CARTESIAN_POINT ( 'NONE',  ( 1.700000000000000178, -7.560171795458674460, -1.399999999999999689 ) ) ;
#9227 = DIRECTION ( 'NONE',  ( 0.000000000000000000, 1.000000000000000000, 0.000000000000000000 ) ) ;
#9228 = EDGE_CURVE ( 'NONE', #7729, #4166, #15, .T. ) ;
#9229 = CARTESIAN_POINT ( 'NONE',  ( 1.845392560103486179, -0.1000000000000000056, 1.399999999999999245 ) ) ;
#9230 = VECTOR ( 'NONE', #4021, 1000.000000000000000 ) ;
#9231 = VECTOR ( 'NONE', #231, 1000.000000000000000 ) ;
#9232 = ADVANCED_FACE ( 'NONE', ( #67 ), #8876, .T. ) ;
#9233 = DIRECTION ( 'NONE',  ( 0.7071067811865479058, -0.000000000000000000, 0.7071067811865471286 ) ) ;
#9234 = CARTESIAN_POINT ( 'NONE',  ( -1.918501613580710252, -0.6948700914675076667, -0.2993942391300363215 ) ) ;
#9235 = DIRECTION ( 'NONE',  ( -0.4148739022949270994, -0.9098789178756585549, 0.000000000000000000 ) ) ;
#9236 = LINE ( 'NONE', #1539, #9972 ) ;
#9237 = ORIENTED_EDGE ( 'NONE', *, *, #7145, .F. ) ;
#9238 = VECTOR ( 'NONE', #6993, 1000.000000000000000 ) ;
#9239 = ORIENTED_EDGE ( 'NONE', *, *, #6721, .F. ) ;
#9240 = MECHANICAL_DESIGN_GEOMETRIC_PRESENTATION_REPRESENTATION (  '', ( #4863 ), #6969 ) ;
#9241 = FACE_OUTER_BOUND ( 'NONE', #6202, .T. ) ;
#9242 = VERTEX_POINT ( 'NONE', #300 ) ;
#9243 = ORIENTED_EDGE ( 'NONE', *, *, #9037, .F. ) ;
#9244 = VECTOR ( 'NONE', #8810, 1000.000000000000000 ) ;
#9245 = AXIS2_PLACEMENT_3D ( 'NONE', #6416, #4603, #1016 ) ;
#9246 = EDGE_CURVE ( 'NONE', #4550, #5410, #3358, .T. ) ;
#9247 = CARTESIAN_POINT ( 'NONE',  ( 1.228830111379499046, -0.1029070930463471673, 2.116089954353241875 ) ) ;
#9248 = DIRECTION ( 'NONE',  ( -9.035018104045875625E-17, -0.000000000000000000, 1.000000000000000000 ) ) ;
#9249 = VECTOR ( 'NONE', #1954, 1000.000000000000000 ) ;
#9250 = LINE ( 'NONE', #904, #9897 ) ;
#9251 = PRESENTATION_LAYER_ASSIGNMENT (  '', '', ( #7951 ) ) ;
#9252 = LINE ( 'NONE', #156, #7643 ) ;
#9253 = LINE ( 'NONE', #2445, #7627 ) ;
#9254 = CYLINDRICAL_SURFACE ( 'NONE', #6729, 0.04999999999999991257 ) ;
#9255 = ORIENTED_EDGE ( 'NONE', *, *, #6940, .F. ) ;
#9256 = EDGE_CURVE ( 'NONE', #8082, #9642, #2126, .T. ) ;
#9257 = CARTESIAN_POINT ( 'NONE',  ( 1.499999999999999556, -1.269999999999999796, -0.6999999999999999556 ) ) ;
#9258 = ORIENTED_EDGE ( 'NONE', *, *, #6365, .F. ) ;
#9259 = CARTESIAN_POINT ( 'NONE',  ( 1.699999999999999734, -1.419999999999999929, -0.5000000000000001110 ) ) ;
#9260 = AXIS2_PLACEMENT_3D ( 'NONE', #254, #4170, #6408 ) ;
#9261 = ORIENTED_EDGE ( 'NONE', *, *, #7605, .T. ) ;
#9262 = ORIENTED_EDGE ( 'NONE', *, *, #2695, .F. ) ;
#9263 = AXIS2_PLACEMENT_3D ( 'NONE', #8182, #1, #5393 ) ;
#9264 = CARTESIAN_POINT ( 'NONE',  ( 1.890823655704770401, -0.001406018879603513055, 0.4105110784948639568 ) ) ;
#9265 = DIRECTION ( 'NONE',  ( 0.000000000000000000, 1.000000000000000000, 0.000000000000000000 ) ) ;
#9266 = CARTESIAN_POINT ( 'NONE',  ( 1.679389374268562163, -1.178293477248595122, -1.515980034511265950 ) ) ;
#9267 = CARTESIAN_POINT ( 'NONE',  ( 1.200000000000000178, 0.000000000000000000, 2.125000000000000000 ) ) ;
#9268 = ORIENTED_EDGE ( 'NONE', *, *, #7813, .T. ) ;
#9269 = ORIENTED_EDGE ( 'NONE', *, *, #4114, .T. ) ;
#9270 = VERTEX_POINT ( 'NONE', #9501 ) ;
#9271 = VECTOR ( 'NONE', #7512, 1000.000000000000000 ) ;
#9272 = EDGE_CURVE ( 'NONE', #4099, #9174, #203, .T. ) ;
#9273 = CARTESIAN_POINT ( 'NONE',  ( -1.944422970106652437, -0.7894801885613825787, 0.9157532022455918685 ) ) ;
#9274 = CARTESIAN_POINT ( 'NONE',  ( 1.401148175457528344, -0.1499999999999999667, 1.400000000000000133 ) ) ;
#9275 = ADVANCED_FACE ( 'NONE', ( #9551 ), #1657, .T. ) ;
#9276 = CARTESIAN_POINT ( 'NONE',  ( 1.301148175457528033, -0.6083740602123934860, 0.7000000000000001776 ) ) ;
#9277 = DIRECTION ( 'NONE',  ( 0.000000000000000000, 0.000000000000000000, -1.000000000000000000 ) ) ;
#9278 = CARTESIAN_POINT ( 'NONE',  ( 1.274999999999999911, -0.4999999999999998890, 0.7500000000000002220 ) ) ;
#9279 = ORIENTED_EDGE ( 'NONE', *, *, #1930, .F. ) ;
#9280 = CARTESIAN_POINT ( 'NONE',  ( -1.849999999999999645, -0.1000000000000000472, -1.200000000000000178 ) ) ;
#9281 = LINE ( 'NONE', #2526, #2757 ) ;
#9282 = EDGE_CURVE ( 'NONE', #1687, #9208, #217, .T. ) ;
#9283 = VECTOR ( 'NONE', #1022, 1000.000000000000000 ) ;
#9284 = CARTESIAN_POINT ( 'NONE',  ( -0.9749999999999999778, -1.419999999999999929, 0.3750000000000000000 ) ) ;
#9285 = DIRECTION ( 'NONE',  ( -4.237045877651918877E-33, 1.000000000000000000, -1.213335864963958587E-32 ) ) ;
#9286 = EDGE_CURVE ( 'NONE', #8739, #224, #8542, .T. ) ;
#9287 = DIRECTION ( 'NONE',  ( 0.9098789178756583329, 0.4148739022949274879, -1.669681180172905078E-16 ) ) ;
#9288 = CARTESIAN_POINT ( 'NONE',  ( -1.401148175457528122, -7.560171795458674460, 1.400000000000000133 ) ) ;
#9289 = ORIENTED_EDGE ( 'NONE', *, *, #1187, .T. ) ;
#9290 = DIRECTION ( 'NONE',  ( -0.000000000000000000, -1.000000000000000000, -0.000000000000000000 ) ) ;
#9291 = VERTEX_POINT ( 'NONE', #2451 ) ;
#9292 = EDGE_CURVE ( 'NONE', #1513, #6482, #5507, .T. ) ;
#9293 = ORIENTED_EDGE ( 'NONE', *, *, #473, .F. ) ;
#9294 = VECTOR ( 'NONE', #3814, 1000.000000000000000 ) ;
#9295 = CARTESIAN_POINT ( 'NONE',  ( 2.031274207352990135, -0.9799576066991059209, 0.5089130437326672141 ) ) ;
#9296 = CARTESIAN_POINT ( 'NONE',  ( 2.018396645469350048, -0.6650180178729038216, 0.3949867687062131871 ) ) ;
#9297 = DIRECTION ( 'NONE',  ( 1.000000000000000000, -0.000000000000000000, -2.166632114861838388E-15 ) ) ;
#9298 = DIRECTION ( 'NONE',  ( -5.421010862427532031E-16, 0.000000000000000000, 1.000000000000000000 ) ) ;
#9299 = FACE_OUTER_BOUND ( 'NONE', #2180, .T. ) ;
#9301 = VERTEX_POINT ( 'NONE', #8687 ) ;
#9300 = LINE ( 'NONE', #4780, #7286 ) ;
#9302 = DIRECTION ( 'NONE',  ( -1.000000000000000000, 4.237045877651918192E-33, 3.330669073875468635E-16 ) ) ;
#9303 = ORIENTED_EDGE ( 'NONE', *, *, #314, .T. ) ;
#9304 = VECTOR ( 'NONE', #8521, 1000.000000000000000 ) ;
#9305 = DIRECTION ( 'NONE',  ( 1.000000000000000000, 0.000000000000000000, -0.000000000000000000 ) ) ;
#9306 = VERTEX_POINT ( 'NONE', #958 ) ;
#9307 = EDGE_CURVE ( 'NONE', #9006, #3999, #3257, .T. ) ;
#9308 = ORIENTED_EDGE ( 'NONE', *, *, #4634, .T. ) ;
#9309 = EDGE_CURVE ( 'NONE', #5546, #2149, #4112, .T. ) ;
#9310 = AXIS2_PLACEMENT_3D ( 'NONE', #9364, #2307, #3220 ) ;
#9311 = LINE ( 'NONE', #2505, #5357 ) ;
#9312 = LINE ( 'NONE', #2354, #2609 ) ;
#9313 = DIRECTION ( 'NONE',  ( 1.000000000000000000, -1.770863548392990996E-14, 0.000000000000000000 ) ) ;
#9314 = CARTESIAN_POINT ( 'NONE',  ( 1.881656416144345201, -0.0004850465540951547322, -1.039958222443709390 ) ) ;
#9315 = DIRECTION ( 'NONE',  ( 0.000000000000000000, 0.000000000000000000, 1.000000000000000000 ) ) ;
#9316 = ORIENTED_EDGE ( 'NONE', *, *, #7435, .T. ) ;
#9317 = EDGE_CURVE ( 'NONE', #6586, #9535, #7170, .T. ) ;
#9318 = CIRCLE ( 'NONE', #9010, 0.1499999999999999667 ) ;
#9319 = ORIENTED_EDGE ( 'NONE', *, *, #9228, .F. ) ;
#9320 = VERTEX_POINT ( 'NONE', #8635 ) ;
#9321 = PRODUCT_DEFINITION ( 'UNKNOWN', '', #1796, #4173 ) ;
#9322 = CARTESIAN_POINT ( 'NONE',  ( 1.274999999999999911, -0.09999999999999982514, 0.7000000000000001776 ) ) ;
#9323 = DIRECTION ( 'NONE',  ( 0.000000000000000000, 0.000000000000000000, 1.000000000000000000 ) ) ;
#9324 = MECHANICAL_DESIGN_GEOMETRIC_PRESENTATION_REPRESENTATION (  '', ( #6893 ), #6571 ) ;
#9325 = CARTESIAN_POINT ( 'NONE',  ( 2.021892826188541381, -0.7031414562147322300, -0.3376743873175932498 ) ) ;
#9326 = CARTESIAN_POINT ( 'NONE',  ( 1.917386645469350004, -0.6650180178729041547, -1.510468355502019744 ) ) ;
#9327 = ORIENTED_EDGE ( 'NONE', *, *, #7501, .F. ) ;
#9328 = CARTESIAN_POINT ( 'NONE',  ( 3.263239150410483087E-17, -0.09999999999999982514, 0.9420340378538883952 ) ) ;
#9329 = CARTESIAN_POINT ( 'NONE',  ( -0.2595474544006036721, -1.129758684204758445, -1.305797609947138227 ) ) ;
#9330 = ORIENTED_EDGE ( 'NONE', *, *, #9171, .T. ) ;
#9331 = ADVANCED_FACE ( 'NONE', ( #246 ), #5654, .T. ) ;
#9332 = COLOUR_RGB ( '',0.7921568627450980005, 0.8196078431372548767, 0.9333333333333333481 ) ;
#9333 = DIRECTION ( 'NONE',  ( 0.000000000000000000, 0.000000000000000000, -1.000000000000000000 ) ) ;
#9334 = CARTESIAN_POINT ( 'NONE',  ( 1.274999999999999911, -0.4499999999999999001, 0.000000000000000000 ) ) ;
#9335 = CARTESIAN_POINT ( 'NONE',  ( -1.200000000000000178, -0.05000000000000002359, 2.075000000000000178 ) ) ;
#9336 = CIRCLE ( 'NONE', #6101, 0.04999999999999991257 ) ;
#9337 = CARTESIAN_POINT ( 'NONE',  ( 0.9749999999999999778, -1.419999999999999929, 1.125000000000000222 ) ) ;
#9338 = AXIS2_PLACEMENT_3D ( 'NONE', #4257, #8886, #6743 ) ;
#9339 = ORIENTED_EDGE ( 'NONE', *, *, #1545, .T. ) ;
#9340 = DIRECTION ( 'NONE',  ( -1.000000000000000000, 3.252606517456510541E-15, 0.000000000000000000 ) ) ;
#9341 = ORIENTED_EDGE ( 'NONE', *, *, #5450, .F. ) ;
#9342 = ORIENTED_EDGE ( 'NONE', *, *, #3938, .T. ) ;
#9343 = EDGE_CURVE ( 'NONE', #6103, #9636, #1605, .T. ) ;
#9344 = AXIS2_PLACEMENT_3D ( 'NONE', #6987, #7190, #5623 ) ;
#9345 = CARTESIAN_POINT ( 'NONE',  ( 2.035410861894213497, -0.7479927983318882534, 0.9157532022455923126 ) ) ;
#9346 = CARTESIAN_POINT ( 'NONE',  ( 2.217386645469349826, -0.3650180178729041658, 0.2774175960637573213 ) ) ;
#9347 = CARTESIAN_POINT ( 'NONE',  ( -2.017573512165822702, -0.6746909890969962076, 0.3925184911853430436 ) ) ;
#9348 = LINE ( 'NONE', #2341, #3888 ) ;
#9349 = EDGE_CURVE ( 'NONE', #956, #8817, #1339, .T. ) ;
#9350 = DIRECTION ( 'NONE',  ( -0.4148739022949270994, -0.9098789178756585549, 0.000000000000000000 ) ) ;
#9351 = ORIENTED_EDGE ( 'NONE', *, *, #8692, .T. ) ;
#9352 = DIRECTION ( 'NONE',  ( -3.330669073875468635E-16, 1.218150689824925582E-32, -1.000000000000000000 ) ) ;
#9353 = VERTEX_POINT ( 'NONE', #3304 ) ;
#9354 = VECTOR ( 'NONE', #3533, 1000.000000000000000 ) ;
#9355 = CARTESIAN_POINT ( 'NONE',  ( 1.916386645469350114, -0.6650180178729040437, 0.9299338753735262308 ) ) ;
#9356 = ORIENTED_EDGE ( 'NONE', *, *, #7451, .T. ) ;
#9357 = ORIENTED_EDGE ( 'NONE', *, *, #5997, .T. ) ;
#9358 = EDGE_CURVE ( 'NONE', #3233, #1970, #5540, .T. ) ;
#9359 = FACE_OUTER_BOUND ( 'NONE', #4795, .T. ) ;
#9360 = DIRECTION ( 'NONE',  ( 0.000000000000000000, -0.000000000000000000, -1.000000000000000000 ) ) ;
#9361 = CIRCLE ( 'NONE', #9338, 0.04999999999999991257 ) ;
#9362 = ADVANCED_FACE ( 'NONE', ( #1050 ), #3463, .T. ) ;
#9363 = DIRECTION ( 'NONE',  ( 0.000000000000000000, 0.000000000000000000, -1.000000000000000000 ) ) ;
#9364 = CARTESIAN_POINT ( 'NONE',  ( -1.865324646435019273, -0.6160060395488424767, -0.4816873910456421215 ) ) ;
#9365 = VERTEX_POINT ( 'NONE', #5146 ) ;
#9366 = ORIENTED_EDGE ( 'NONE', *, *, #518, .T. ) ;
#9367 = ORIENTED_EDGE ( 'NONE', *, *, #4184, .F. ) ;
#9368 = AXIS2_PLACEMENT_3D ( 'NONE', #1129, #3337, #6435 ) ;
#9369 = CARTESIAN_POINT ( 'NONE',  ( -2.017386645469349649, -0.6935606511791652107, 0.9252032796654279245 ) ) ;
#9370 = FACE_OUTER_BOUND ( 'NONE', #6544, .T. ) ;
#9371 = EDGE_CURVE ( 'NONE', #633, #9102, #557, .T. ) ;
#9372 = PRESENTATION_STYLE_ASSIGNMENT (( #6280 ) ) ;
#9373 = CARTESIAN_POINT ( 'NONE',  ( 2.017386645469349205, -0.6650180178729042657, -0.3949867687062137978 ) ) ;
#9374 = DIRECTION ( 'NONE',  ( 0.000000000000000000, 0.000000000000000000, 1.000000000000000000 ) ) ;
#9375 = ORIENTED_EDGE ( 'NONE', *, *, #2828, .T. ) ;
#9376 = CARTESIAN_POINT ( 'NONE',  ( -0.9749999999999999778, -1.919999999999999929, 0.9249999999999998224 ) ) ;
#9377 = DIRECTION ( 'NONE',  ( 0.000000000000000000, 0.000000000000000000, -1.000000000000000000 ) ) ;
#9378 = CIRCLE ( 'NONE', #4017, 0.2000000000000000944 ) ;
#9379 = ORIENTED_EDGE ( 'NONE', *, *, #621, .T. ) ;
#9380 = DIRECTION ( 'NONE',  ( 0.000000000000000000, 0.000000000000000000, 1.000000000000000000 ) ) ;
#9381 = SURFACE_STYLE_USAGE ( .BOTH. , #3139 ) ;
#9382 = CYLINDRICAL_SURFACE ( 'NONE', #7842, 0.4000000000000000222 ) ;
#9383 = CARTESIAN_POINT ( 'NONE',  ( 2.019479786773761276, -0.6940671962680247109, -0.3774944805068107256 ) ) ;
#9384 = ORIENTED_EDGE ( 'NONE', *, *, #2907, .T. ) ;
#9385 = LINE ( 'NONE', #7102, #8945 ) ;
#9386 = ORIENTED_EDGE ( 'NONE', *, *, #4008, .F. ) ;
#9387 = CIRCLE ( 'NONE', #3553, 0.04999999999999991257 ) ;
#9388 = VERTEX_POINT ( 'NONE', #4165 ) ;
#9389 = CIRCLE ( 'NONE', #4849, 0.05000000000000002359 ) ;
#9390 = EDGE_CURVE ( 'NONE', #8689, #7104, #1101, .T. ) ;
#9391 = CARTESIAN_POINT ( 'NONE',  ( -0.9237652542620762297, 0.000000000000000000, -1.351033706287569469 ) ) ;
#9392 = CARTESIAN_POINT ( 'NONE',  ( 1.617386645469349959, -0.3650180178729041658, 0.2774175960637573213 ) ) ;
#9393 = LINE ( 'NONE', #2492, #5851 ) ;
#9394 = LINE ( 'NONE', #3202, #5041 ) ;
#9395 = CIRCLE ( 'NONE', #7771, 0.3750000000000001665 ) ;
#9396 = EDGE_CURVE ( 'NONE', #6636, #9160, #7422, .T. ) ;
#9397 = CIRCLE ( 'NONE', #7617, 0.04999999999999991257 ) ;
#9398 = CARTESIAN_POINT ( 'NONE',  ( -1.974752267315693199, -0.7756510585110569789, 0.9157532022444522246 ) ) ;
#9399 = AXIS2_PLACEMENT_3D ( 'NONE', #2747, #5802, #9651 ) ;
#9401 = ORIENTED_EDGE ( 'NONE', *, *, #5330, .F. ) ;
#9400 = FACE_OUTER_BOUND ( 'NONE', #6343, .T. ) ;
#9402 = DIRECTION ( 'NONE',  ( 0.000000000000000000, 1.000000000000000000, -1.583310275509380931E-14 ) ) ;
#9403 = ORIENTED_EDGE ( 'NONE', *, *, #6307, .F. ) ;
#9404 = DIRECTION ( 'NONE',  ( 0.000000000000000000, 1.000000000000000000, 0.000000000000000000 ) ) ;
#9405 = EDGE_LOOP ( 'NONE', ( #4817, #9262, #5632, #4349 ) ) ;
#9406 = CIRCLE ( 'NONE', #7132, 0.04999999999999991257 ) ;
#9407 = ORIENTED_EDGE ( 'NONE', *, *, #3266, .T. ) ;
#9408 = ADVANCED_FACE ( 'NONE', ( #2701 ), #6558, .F. ) ;
#9409 = AXIS2_PLACEMENT_3D ( 'NONE', #1092, #1041, #8837 ) ;
#9410 = VECTOR ( 'NONE', #2493, 1000.000000000000000 ) ;
#9411 = CARTESIAN_POINT ( 'NONE',  ( 1.499999999999999556, -1.419999999999999929, 1.099999999999999867 ) ) ;
#9412 = DIRECTION ( 'NONE',  ( 0.000000000000000000, 0.000000000000000000, -1.000000000000000000 ) ) ;
#9413 = CARTESIAN_POINT ( 'NONE',  ( 1.917386645469349560, -0.4676805559526494571, 0.4218284553639131129 ) ) ;
#9414 = ADVANCED_FACE ( 'NONE', ( #503 ), #6705, .F. ) ;
#9415 = DIRECTION ( 'NONE',  ( 0.000000000000000000, 0.000000000000000000, 1.000000000000000000 ) ) ;
#9416 = VECTOR ( 'NONE', #550, 1000.000000000000000 ) ;
#9417 = ORIENTED_EDGE ( 'NONE', *, *, #5228, .F. ) ;
#9418 = ORIENTED_EDGE ( 'NONE', *, *, #7965, .T. ) ;
#9419 = VERTEX_POINT ( 'NONE', #8794 ) ;
#9420 = EDGE_CURVE ( 'NONE', #9464, #6554, #6497, .T. ) ;
#9421 = AXIS2_PLACEMENT_3D ( 'NONE', #4735, #9404, #912 ) ;
#9422 = FACE_OUTER_BOUND ( 'NONE', #4768, .T. ) ;
#9423 = CARTESIAN_POINT ( 'NONE',  ( -1.224999999999999645, -0.09999999999999976963, 2.149999999999999911 ) ) ;
#9424 = CARTESIAN_POINT ( 'NONE',  ( -1.944422970106652437, -0.7894801885613825787, 0.9157532022455918685 ) ) ;
#9425 = PLANE ( 'NONE',  #1486 ) ;
#9426 = CARTESIAN_POINT ( 'NONE',  ( 1.925965292663617712, -0.01131737686935446394, -0.4204224364844058037 ) ) ;
#9427 = VECTOR ( 'NONE', #3001, 1000.000000000000000 ) ;
#9428 = VERTEX_POINT ( 'NONE', #5860 ) ;
#9429 = CARTESIAN_POINT ( 'NONE',  ( 1.921667068453590810, -0.7155565542097994669, -0.3318434472618932429 ) ) ;
#9430 = CARTESIAN_POINT ( 'NONE',  ( -1.871682523018476596, -4.318959937004326460E-05, 1.053690914965435654 ) ) ;
#9431 = AXIS2_PLACEMENT_3D ( 'NONE', #5640, #2333, #2437 ) ;
#9432 = ORIENTED_EDGE ( 'NONE', *, *, #6626, .F. ) ;
#9433 = EDGE_CURVE ( 'NONE', #8454, #3707, #1947, .T. ) ;
#9434 = EDGE_CURVE ( 'NONE', #9511, #6803, #9657, .T. ) ;
#9435 = DIRECTION ( 'NONE',  ( 0.000000000000000000, 0.000000000000000000, 1.000000000000000000 ) ) ;
#9436 = ADVANCED_FACE ( 'NONE', ( #8957 ), #8234, .F. ) ;
#9437 = DIRECTION ( 'NONE',  ( -0.000000000000000000, -0.000000000000000000, -1.000000000000000000 ) ) ;
#9438 = DIRECTION ( 'NONE',  ( 0.1501478781677598739, -0.3292961744590264805, 0.9322122312909061348 ) ) ;
#9439 = ORIENTED_EDGE ( 'NONE', *, *, #9613, .F. ) ;
#9440 = CARTESIAN_POINT ( 'NONE',  ( -1.823837256205785406, -0.5250181477611588488, 0.5089130437326878642 ) ) ;
#9441 = VERTEX_POINT ( 'NONE', #9607 ) ;
#9442 = ORIENTED_EDGE ( 'NONE', *, *, #2021, .F. ) ;
#9443 = DIRECTION ( 'NONE',  ( -0.1501478781677598739, -0.3292961744590264805, -0.9322122312909061348 ) ) ;
#9444 = LINE ( 'NONE', #4878, #4967 ) ;
#9445 = LINE ( 'NONE', #5594, #2766 ) ;
#9446 = DIRECTION ( 'NONE',  ( 0.000000000000000000, -9.346570452461245599E-18, -1.000000000000000000 ) ) ;
#9448 = VERTEX_POINT ( 'NONE', #5047 ) ;
#9447 = FACE_OUTER_BOUND ( 'NONE', #1841, .T. ) ;
#9449 = FACE_OUTER_BOUND ( 'NONE', #301, .T. ) ;
#9450 = VERTEX_POINT ( 'NONE', #5759 ) ;
#9451 = CARTESIAN_POINT ( 'NONE',  ( -1.867386645469348405, -0.1499999999999996891, -0.4218284553639137235 ) ) ;
#9452 = ORIENTED_EDGE ( 'NONE', *, *, #473, .T. ) ;
#9453 = ORIENTED_EDGE ( 'NONE', *, *, #1249, .F. ) ;
#9454 = VECTOR ( 'NONE', #8147, 1000.000000000000227 ) ;
#9455 = EDGE_CURVE ( 'NONE', #1287, #4311, #4374, .T. ) ;
#9456 = FACE_OUTER_BOUND ( 'NONE', #6055, .T. ) ;
#9457 = CARTESIAN_POINT ( 'NONE',  ( 1.943513091188777242, -0.7898950624636775775, -0.9157532022455927567 ) ) ;
#9458 = CARTESIAN_POINT ( 'NONE',  ( -0.6006347602098601746, -0.1499999999999999667, -1.200000000000000178 ) ) ;
#9459 = LINE ( 'NONE', #7025, #4478 ) ;
#9460 = AXIS2_PLACEMENT_3D ( 'NONE', #3411, #6400, #955 ) ;
#9461 = DIRECTION ( 'NONE',  ( -0.000000000000000000, -0.000000000000000000, -1.000000000000000000 ) ) ;
#9462 = LINE ( 'NONE', #8089, #5923 ) ;
#9463 = DIRECTION ( 'NONE',  ( -0.000000000000000000, 1.000000000000000000, -0.000000000000000000 ) ) ;
#9464 = VERTEX_POINT ( 'NONE', #4268 ) ;
#9465 = ORIENTED_EDGE ( 'NONE', *, *, #6148, .F. ) ;
#9466 = ORIENTED_EDGE ( 'NONE', *, *, #6020, .F. ) ;
#9467 = EDGE_CURVE ( 'NONE', #4145, #8554, #7374, .T. ) ;
#9468 = AXIS2_PLACEMENT_3D ( 'NONE', #2682, #4144, #2733 ) ;
#9469 = B_SPLINE_CURVE_WITH_KNOTS ( 'NONE', 3,
 ( #2533, #5025, #8720, #281, #1188, #4251, #7357, #2736, #2122, #8941, #5177, #3695, #1380, #5232, #8321, #4306 ),
 .UNSPECIFIED., .F., .F.,
 ( 4, 3, 3, 3, 3, 4 ),
 ( 0.000000000000000000, 4.325237360678474939E-05, 8.683504394338677581E-05, 0.0001265152838319787306, 0.0001653978884064867929, 0.0001772195740447809196 ),
 .UNSPECIFIED. ) ;
#9470 = CARTESIAN_POINT ( 'NONE',  ( -1.916386645469350114, -0.6650180178729041547, 0.9299338753735262308 ) ) ;
#9471 = CARTESIAN_POINT ( 'NONE',  ( 2.299999999999999378, -1.419999999999999929, -1.100000000000000089 ) ) ;
#9472 = DIRECTION ( 'NONE',  ( -1.000000000000000000, 0.000000000000000000, -5.421010862427532031E-16 ) ) ;
#9473 = CARTESIAN_POINT ( 'NONE',  ( 2.017386645469349649, -0.6650180178729041547, 0.9299338753735262308 ) ) ;
#9474 = ADVANCED_FACE ( 'NONE', ( #6658 ), #9765, .T. ) ;
#9475 = DIRECTION ( 'NONE',  ( 0.000000000000000000, 0.000000000000000000, 1.000000000000000000 ) ) ;
#9476 = ORIENTED_EDGE ( 'NONE', *, *, #4411, .F. ) ;
#9477 = CARTESIAN_POINT ( 'NONE',  ( 1.918465010133653781, -0.6904317135554139950, -0.3884236839443520606 ) ) ;
#9478 = AXIS2_PLACEMENT_3D ( 'NONE', #5720, #4948, #6411 ) ;
#9479 = CARTESIAN_POINT ( 'NONE',  ( 1.679389374268562163, -1.209585785936739821, -1.318443224227800581 ) ) ;
#9480 = ORIENTED_EDGE ( 'NONE', *, *, #3009, .F. ) ;
#9481 = FACE_OUTER_BOUND ( 'NONE', #8882, .T. ) ;
#9482 = CIRCLE ( 'NONE', #2675, 0.3464636981603574362 ) ;
#9483 = EDGE_CURVE ( 'NONE', #5747, #7238, #8300, .T. ) ;
#9484 = DIRECTION ( 'NONE',  ( -0.000000000000000000, 1.000000000000000000, -0.000000000000000000 ) ) ;
#9485 = DIRECTION ( 'NONE',  ( -0.7071067811865471286, 1.155557966632340554E-32, -0.7071067811865479058 ) ) ;
#9486 = VERTEX_POINT ( 'NONE', #7523 ) ;
#9487 = VECTOR ( 'NONE', #3793, 1000.000000000000000 ) ;
#9488 = CARTESIAN_POINT ( 'NONE',  ( -1.401148175457528122, -0.1000000000000000472, 0.7000000000000001776 ) ) ;
#9489 = VERTEX_POINT ( 'NONE', #5195 ) ;
#9490 = VECTOR ( 'NONE', #7898, 1000.000000000000000 ) ;
#9491 = ORIENTED_EDGE ( 'NONE', *, *, #6137, .F. ) ;
#9492 = DIRECTION ( 'NONE',  ( -0.9098789178756582219, 0.4148739022949275435, 0.000000000000000000 ) ) ;
#9493 = PLANE ( 'NONE',  #5943 ) ;
#9494 = DIRECTION ( 'NONE',  ( -0.6804760118468750063, 0.7327703578209011637, 0.000000000000000000 ) ) ;
#9495 = CARTESIAN_POINT ( 'NONE',  ( -1.499999999999999556, -1.269999999999999796, 0.6999999999999999556 ) ) ;
#9496 = EDGE_CURVE ( 'NONE', #6107, #1511, #7714, .T. ) ;
#9497 = CARTESIAN_POINT ( 'NONE',  ( -2.217386645469349826, -0.8650180178729043323, 0.7718015200835192102 ) ) ;
#9499 = ORIENTED_EDGE ( 'NONE', *, *, #2169, .T. ) ;
#9498 = FACE_OUTER_BOUND ( 'NONE', #7716, .T. ) ;
#9500 = CARTESIAN_POINT ( 'NONE',  ( 0.000000000000000000, 0.000000000000000000, 0.3499999999999999778 ) ) ;
#9501 = CARTESIAN_POINT ( 'NONE',  ( -0.6506347602098601079, -0.1000000000000000472, -1.349999999999999867 ) ) ;
#9502 = ORIENTED_EDGE ( 'NONE', *, *, #9539, .T. ) ;
#9503 = ORIENTED_EDGE ( 'NONE', *, *, #3607, .T. ) ;
#9504 = VECTOR ( 'NONE', #8497, 1000.000000000000000 ) ;
#9505 = DIRECTION ( 'NONE',  ( 3.614007241618346306E-16, 0.000000000000000000, -1.000000000000000000 ) ) ;
#9506 = CARTESIAN_POINT ( 'NONE',  ( 1.944422970106652881, -0.7894801885613825787, -0.9157532022455927567 ) ) ;
#9507 = CYLINDRICAL_SURFACE ( 'NONE', #6017, 0.3750000000000001110 ) ;
#9508 = AXIS2_PLACEMENT_3D ( 'NONE', #8580, #4672, #3808 ) ;
#9509 = CARTESIAN_POINT ( 'NONE',  ( -2.020883121874541111, -0.7022530798970554322, -0.3584415144049351576 ) ) ;
#9510 = LINE ( 'NONE', #8749, #4199 ) ;
#9511 = VERTEX_POINT ( 'NONE', #8289 ) ;
#9512 = VERTEX_POINT ( 'NONE', #6053 ) ;
#9513 = CARTESIAN_POINT ( 'NONE',  ( -1.867386645469348405, 1.897353801849632760E-16, -0.3974207797200597914 ) ) ;
#9514 = AXIS2_PLACEMENT_3D ( 'NONE', #5699, #8782, #5749 ) ;
#9515 = ADVANCED_FACE ( 'NONE', ( #5339 ), #795, .T. ) ;
#9516 = DIRECTION ( 'NONE',  ( 0.000000000000000000, 0.000000000000000000, 1.000000000000000000 ) ) ;
#9517 = LINE ( 'NONE', #5671, #5784 ) ;
#9518 = DIRECTION ( 'NONE',  ( -0.000000000000000000, -1.000000000000000000, 0.000000000000000000 ) ) ;
#9519 =( LENGTH_UNIT ( ) NAMED_UNIT ( * ) SI_UNIT ( .MILLI., .METRE. ) );
#9520 = CARTESIAN_POINT ( 'NONE',  ( -1.342569531694837615, -0.1499999999999999944, 1.399999999999999911 ) ) ;
#9521 = LINE ( 'NONE', #2571, #9634 ) ;
#9522 = ORIENTED_EDGE ( 'NONE', *, *, #8660, .T. ) ;
#9523 = ADVANCED_FACE ( 'NONE', ( #8333 ), #1347, .T. ) ;
#9524 = LINE ( 'NONE', #3231, #8359 ) ;
#9525 = DIRECTION ( 'NONE',  ( 0.7071067811865477948, 0.000000000000000000, -0.7071067811865473507 ) ) ;
#9526 =( BOUNDED_CURVE ( )  B_SPLINE_CURVE ( 3, ( #3289, #986, #7206, #5638 ),
 .UNSPECIFIED., .F., .F. ) 
 B_SPLINE_CURVE_WITH_KNOTS ( ( 4, 4 ),
 ( 3.141592653589793116, 4.712388980384689674 ),
 .UNSPECIFIED. ) 
 CURVE ( )  GEOMETRIC_REPRESENTATION_ITEM ( )  RATIONAL_B_SPLINE_CURVE ( ( 1.000000000000000000, 0.8047378541243649375, 0.8047378541243649375, 1.000000000000000000 ) ) 
 REPRESENTATION_ITEM ( '' )  );
#9527 = ORIENTED_EDGE ( 'NONE', *, *, #6132, .T. ) ;
#9528 = EDGE_CURVE ( 'NONE', #7323, #7376, #6881, .T. ) ;
#9529 = FACE_OUTER_BOUND ( 'NONE', #1047, .T. ) ;
#9530 = DIRECTION ( 'NONE',  ( 0.000000000000000000, -0.000000000000000000, -1.000000000000000000 ) ) ;
#9531 = VECTOR ( 'NONE', #7709, 1000.000000000000000 ) ;
#9532 = ORIENTED_EDGE ( 'NONE', *, *, #79, .T. ) ;
#9533 = EDGE_CURVE ( 'NONE', #5058, #6931, #4616, .T. ) ;
#9534 = DIRECTION ( 'NONE',  ( -1.805093951117126478E-16, 0.000000000000000000, 1.000000000000000000 ) ) ;
#9535 = VERTEX_POINT ( 'NONE', #6800 ) ;
#9536 = DIRECTION ( 'NONE',  ( 0.000000000000000000, 1.000000000000000000, -9.346570452461245599E-18 ) ) ;
#9537 = ORIENTED_EDGE ( 'NONE', *, *, #4326, .F. ) ;
#9538 = ORIENTED_EDGE ( 'NONE', *, *, #8324, .F. ) ;
#9539 = EDGE_CURVE ( 'NONE', #7980, #763, #4567, .T. ) ;
#9540 = CLOSED_SHELL ( 'NONE', ( #3161, #5136, #6069, #8171, #1261, #4312, #7135 ) ) ;
#9541 = CARTESIAN_POINT ( 'NONE',  ( -2.299999999999999822, -1.419999999999999929, -0.4999999999999995559 ) ) ;
#9542 = LINE ( 'NONE', #7214, #620 ) ;
#9543 = CARTESIAN_POINT ( 'NONE',  ( 1.949402302898350259, -0.1000000000000000056, -0.2718284553639131462 ) ) ;
#9544 = CARTESIAN_POINT ( 'NONE',  ( 1.401148175457528122, -0.1000000000000000472, 1.350000000000000533 ) ) ;
#9545 = FACE_OUTER_BOUND ( 'NONE', #5856, .T. ) ;
#9546 = CARTESIAN_POINT ( 'NONE',  ( -2.217386645469349826, -0.9316846845395709842, 0.7718015200835192102 ) ) ;
#9548 = VERTEX_POINT ( 'NONE', #6152 ) ;
#9547 = CARTESIAN_POINT ( 'NONE',  ( 0.000000000000000000, -0.09999999999999982514, 1.654961434174603285 ) ) ;
#9549 = CARTESIAN_POINT ( 'NONE',  ( 1.200000000000000178, 0.000000000000000000, 1.875000000000000222 ) ) ;
#9550 = ORIENTED_EDGE ( 'NONE', *, *, #1327, .F. ) ;
#9551 = FACE_OUTER_BOUND ( 'NONE', #260, .T. ) ;
#9552 = EDGE_LOOP ( 'NONE', ( #9997, #717, #8539, #7765, #9933 ) ) ;
#9553 = ORIENTED_EDGE ( 'NONE', *, *, #5840, .F. ) ;
#9554 = EDGE_CURVE ( 'NONE', #3707, #4152, #1542, .T. ) ;
#9555 = CARTESIAN_POINT ( 'NONE',  ( 1.715862279209795949, -0.1024644999893361552, 1.366482065140470770 ) ) ;
#9556 = VECTOR ( 'NONE', #4275, 1000.000000000000000 ) ;
#9557 = DIRECTION ( 'NONE',  ( 0.000000000000000000, 1.000000000000000000, -9.346570452461245599E-18 ) ) ;
#9558 = CIRCLE ( 'NONE', #6008, 0.04999999999999991257 ) ;
#9559 = SPHERICAL_SURFACE ( 'NONE', #6984, 0.05000000000000000278 ) ;
#9560 = CYLINDRICAL_SURFACE ( 'NONE', #3409, 0.1499999999999999667 ) ;
#9561 = CARTESIAN_POINT ( 'NONE',  ( 1.917386645469348450, -0.1499999999999995226, 0.4218284553639135015 ) ) ;
#9562 = DIRECTION ( 'NONE',  ( 0.000000000000000000, 0.000000000000000000, 1.000000000000000000 ) ) ;
#9563 = ORIENTED_EDGE ( 'NONE', *, *, #9662, .T. ) ;
#9564 = AXIS2_PLACEMENT_3D ( 'NONE', #2340, #8533, #1597 ) ;
#9565 = ORIENTED_EDGE ( 'NONE', *, *, #1782, .T. ) ;
#9566 = FILL_AREA_STYLE ('',( #786 ) ) ;
#9567 = CIRCLE ( 'NONE', #848, 0.4000000000000000222 ) ;
#9568 = DIRECTION ( 'NONE',  ( 0.000000000000000000, 1.000000000000000000, 0.000000000000000000 ) ) ;
#9569 = CARTESIAN_POINT ( 'NONE',  ( -1.917386645469350004, -0.6650180178729041547, 0.2471919620098809445 ) ) ;
#9570 = CARTESIAN_POINT ( 'NONE',  ( -0.4961224367392622625, -0.3314104039620722753, -1.099999999999999423 ) ) ;
#9571 = AXIS2_PLACEMENT_3D ( 'NONE', #2080, #7517, #5186 ) ;
#9572 = CARTESIAN_POINT ( 'NONE',  ( -1.917386645469350004, -0.6650180178729041547, 0.9299338753735262308 ) ) ;
#9573 = CARTESIAN_POINT ( 'NONE',  ( 1.224999999999999867, -0.1499999999999997446, 2.099119630351394150 ) ) ;
#9574 = CARTESIAN_POINT ( 'NONE',  ( 1.901844315696993526, -0.004011408108431519133, -0.4140896160978098095 ) ) ;
#9575 = DIRECTION ( 'NONE',  ( -0.000000000000000000, 1.000000000000000000, -0.000000000000000000 ) ) ;
#9576 = ORIENTED_EDGE ( 'NONE', *, *, #7756, .F. ) ;
#9577 = CARTESIAN_POINT ( 'NONE',  ( 1.917386645469351558, -0.6650180178729041547, 0.2471919620098807779 ) ) ;
#9578 = DIRECTION ( 'NONE',  ( 0.000000000000000000, 0.000000000000000000, -1.000000000000000000 ) ) ;
#9579 = EDGE_CURVE ( 'NONE', #4924, #8218, #2847, .T. ) ;
#9580 = ORIENTED_EDGE ( 'NONE', *, *, #1737, .F. ) ;
#9581 = VECTOR ( 'NONE', #4689, 1000.000000000000000 ) ;
#9582 = EDGE_CURVE ( 'NONE', #7571, #4421, #699, .T. ) ;
#9583 = CARTESIAN_POINT ( 'NONE',  ( 1.995392560103486090, 0.000000000000000000, 1.138612766526183817 ) ) ;
#9584 = LINE ( 'NONE', #4300, #8704 ) ;
#9585 = CARTESIAN_POINT ( 'NONE',  ( -2.299999999999999822, -1.419999999999999929, -0.4999999999999995559 ) ) ;
#9586 = VECTOR ( 'NONE', #3244, 1000.000000000000000 ) ;
#9587 = CARTESIAN_POINT ( 'NONE',  ( -1.921004205070208304, -0.7115962608877373086, 0.3744159520546347375 ) ) ;
#9588 = VERTEX_POINT ( 'NONE', #3761 ) ;
#9589 = CARTESIAN_POINT ( 'NONE',  ( -0.4961224367392622625, -1.178293477248595122, -1.215980034511265906 ) ) ;
#9590 = B_SPLINE_CURVE_WITH_KNOTS ( 'NONE', 3,
 ( #6289, #7096, #2277, #7812, #6196, #7759, #4764 ),
 .UNSPECIFIED., .F., .F.,
 ( 4, 3, 4 ),
 ( 0.000000000000000000, 1.582964981030695635E-05, 2.624653690366640901E-05 ),
 .UNSPECIFIED. ) ;
#9591 = EDGE_CURVE ( 'NONE', #3293, #594, #8691, .T. ) ;
#9592 = EDGE_LOOP ( 'NONE', ( #3317, #1984, #1405, #5712 ) ) ;
#9593 = DIRECTION ( 'NONE',  ( -1.000000000000000000, 2.465190328815661071E-32, -6.106226635438355056E-16 ) ) ;
#9594 = ORIENTED_EDGE ( 'NONE', *, *, #3644, .T. ) ;
#9595 = VERTEX_POINT ( 'NONE', #2896 ) ;
#9596 =( GEOMETRIC_REPRESENTATION_CONTEXT ( 3 ) GLOBAL_UNCERTAINTY_ASSIGNED_CONTEXT ( ( #2657 ) ) GLOBAL_UNIT_ASSIGNED_CONTEXT ( ( #315, #4903, #3370 ) ) REPRESENTATION_CONTEXT ( 'NONE', 'WORKASPACE' ) );
#9597 = EDGE_CURVE ( 'NONE', #1540, #9489, #6009, .T. ) ;
#9598 = FACE_OUTER_BOUND ( 'NONE', #4916, .T. ) ;
#9599 = CARTESIAN_POINT ( 'NONE',  ( 0.7737652542620763185, -0.1000000000000000056, -1.351033706287569469 ) ) ;
#9600 = DIRECTION ( 'NONE',  ( 0.000000000000000000, -1.000000000000000000, 0.000000000000000000 ) ) ;
#9601 = FACE_OUTER_BOUND ( 'NONE', #313, .T. ) ;
#9602 = DIRECTION ( 'NONE',  ( 1.000000000000000000, 0.000000000000000000, 0.000000000000000000 ) ) ;
#9603 = CARTESIAN_POINT ( 'NONE',  ( 2.017386645469349649, -0.4676805559526490685, -0.02182845536391307684 ) ) ;
#9604 = ADVANCED_FACE ( 'NONE', ( #2993 ), #6105, .T. ) ;
#9605 = FACE_OUTER_BOUND ( 'NONE', #8371, .T. ) ;
#9606 = ORIENTED_EDGE ( 'NONE', *, *, #6861, .T. ) ;
#9607 = CARTESIAN_POINT ( 'NONE',  ( 0.000000000000000000, -0.1199999999999998290, 1.474961434174603347 ) ) ;
#9608 = ORIENTED_EDGE ( 'NONE', *, *, #8582, .F. ) ;
#9609 = ORIENTED_EDGE ( 'NONE', *, *, #8201, .F. ) ;
#9610 = CARTESIAN_POINT ( 'NONE',  ( 0.000000000000000000, -0.1999999999999998168, 1.208497736014245927 ) ) ;
#9611 = LINE ( 'NONE', #5866, #7479 ) ;
#9612 = FACE_OUTER_BOUND ( 'NONE', #1779, .T. ) ;
#9613 = EDGE_CURVE ( 'NONE', #7753, #5639, #9908, .T. ) ;
#9614 = DIRECTION ( 'NONE',  ( 0.1501478781677598739, 0.3292961744590264805, -0.9322122312909061348 ) ) ;
#9615 = CARTESIAN_POINT ( 'NONE',  ( 2.017386645469349649, -0.5000000000000000000, -0.4218284553639131129 ) ) ;
#9616 = DIRECTION ( 'NONE',  ( 0.000000000000000000, 0.000000000000000000, -1.000000000000000000 ) ) ;
#9617 = EDGE_LOOP ( 'NONE', ( #532, #8504, #4390, #6858 ) ) ;
#9618 = ORIENTED_EDGE ( 'NONE', *, *, #9037, .T. ) ;
#9619 = CARTESIAN_POINT ( 'NONE',  ( 1.845392560103486179, 0.000000000000000000, -1.138612766526183595 ) ) ;
#9620 = VECTOR ( 'NONE', #9867, 1000.000000000000000 ) ;
#9621 = CARTESIAN_POINT ( 'NONE',  ( 1.799402302898350348, 0.000000000000000000, -0.2718284553639131462 ) ) ;
#9622 = DIRECTION ( 'NONE',  ( -3.252606517456510147E-15, 1.000000000000000000, 0.000000000000000000 ) ) ;
#9623 = DIRECTION ( 'NONE',  ( -1.000000000000000000, 0.000000000000000000, 0.000000000000000000 ) ) ;
#9624 = CARTESIAN_POINT ( 'NONE',  ( -1.699999999999999734, -1.269999999999999796, -0.4999999999999997780 ) ) ;
#9625 = LINE ( 'NONE', #8865, #2489 ) ;
#9626 = ADVANCED_FACE ( 'NONE', ( #9241 ), #4466, .T. ) ;
#9627 = FACE_OUTER_BOUND ( 'NONE', #30, .T. ) ;
#9628 = ORIENTED_EDGE ( 'NONE', *, *, #7754, .T. ) ;
#9629 = CARTESIAN_POINT ( 'NONE',  ( -2.023578541724993407, -0.7220427961457328569, -0.9204800932882368780 ) ) ;
#9630 = DIRECTION ( 'NONE',  ( 0.000000000000000000, -0.9870278567456314267, 0.1605490890915466096 ) ) ;
#9631 = AXIS2_PLACEMENT_3D ( 'NONE', #4664, #5389, #7150 ) ;
#9632 = ORIENTED_EDGE ( 'NONE', *, *, #8518, .T. ) ;
#9633 = DIRECTION ( 'NONE',  ( 0.000000000000000000, 1.000000000000000000, -0.000000000000000000 ) ) ;
#9634 = VECTOR ( 'NONE', #5013, 1000.000000000000000 ) ;
#9635 = FACE_OUTER_BOUND ( 'NONE', #437, .T. ) ;
#9636 = VERTEX_POINT ( 'NONE', #3997 ) ;
#9637 = PLANE ( 'NONE',  #8663 ) ;
#9638 = ORIENTED_EDGE ( 'NONE', *, *, #48, .T. ) ;
#9639 = EDGE_CURVE ( 'NONE', #1247, #6318, #9385, .T. ) ;
#9640 = CARTESIAN_POINT ( 'NONE',  ( 2.019640871271074722, -0.6950349419303305520, 0.3733474475816102034 ) ) ;
#9641 = ORIENTED_EDGE ( 'NONE', *, *, #3453, .T. ) ;
#9642 = VERTEX_POINT ( 'NONE', #7764 ) ;
#9643 = AXIS2_PLACEMENT_3D ( 'NONE', #8523, #51, #940 ) ;
#9644 = ADVANCED_FACE ( 'NONE', ( #193 ), #3194, .F. ) ;
#9645 = DIRECTION ( 'NONE',  ( -1.000000000000000000, 0.000000000000000000, 0.000000000000000000 ) ) ;
#9646 = CARTESIAN_POINT ( 'NONE',  ( -1.920725336924328674, -0.7096506070018765433, -0.3252409048719890339 ) ) ;
#9647 = FACE_OUTER_BOUND ( 'NONE', #5736, .T. ) ;
#9648 = FACE_OUTER_BOUND ( 'NONE', #6816, .T. ) ;
#9649 = VECTOR ( 'NONE', #1971, 1000.000000000000000 ) ;
#9650 = PLANE ( 'NONE',  #9818 ) ;
#9652 = ORIENTED_EDGE ( 'NONE', *, *, #5022, .T. ) ;
#9651 = DIRECTION ( 'NONE',  ( -1.000000000000000000, 0.000000000000000000, 0.000000000000000000 ) ) ;
#9653 = AXIS2_PLACEMENT_3D ( 'NONE', #5583, #1773, #3287 ) ;
#9654 = CARTESIAN_POINT ( 'NONE',  ( 0.6506347602098605520, -0.1000000000000000472, -1.199999999999997957 ) ) ;
#9655 = VERTEX_POINT ( 'NONE', #7864 ) ;
#9656 = EDGE_CURVE ( 'NONE', #272, #4699, #6295, .T. ) ;
#9657 = LINE ( 'NONE', #1839, #4229 ) ;
#9658 = ORIENTED_EDGE ( 'NONE', *, *, #50, .F. ) ;
#9659 = VERTEX_POINT ( 'NONE', #988 ) ;
#9660 = ORIENTED_EDGE ( 'NONE', *, *, #9985, .T. ) ;
#9661 = AXIS2_PLACEMENT_3D ( 'NONE', #1988, #5948, #549 ) ;
#9662 = EDGE_CURVE ( 'NONE', #7983, #4090, #8526, .T. ) ;
#9663 = CARTESIAN_POINT ( 'NONE',  ( 0.4961224367392618184, -1.225231940280812060, -1.219674819086067563 ) ) ;
#9664 = CARTESIAN_POINT ( 'NONE',  ( -2.100000000000000089, -0.6548169886614644275, -0.3499999999999999778 ) ) ;
#9665 = FACE_OUTER_BOUND ( 'NONE', #280, .T. ) ;
#9666 = CARTESIAN_POINT ( 'NONE',  ( -2.023578541724992963, -0.7220427961457327459, 0.9204800932882366560 ) ) ;
#9667 = UNCERTAINTY_MEASURE_WITH_UNIT (LENGTH_MEASURE( 1.000000000000000082E-05 ), #8807, 'distance_accuracy_value', 'NONE');
#9668 = ADVANCED_FACE ( 'NONE', ( #1778 ), #4050, .F. ) ;
#9669 = CIRCLE ( 'NONE', #1104, 0.3999999999999999112 ) ;
#9670 = CARTESIAN_POINT ( 'NONE',  ( -0.2595474544006036721, -1.098466375516613969, -1.503334420230603596 ) ) ;
#9671 = ORIENTED_EDGE ( 'NONE', *, *, #9724, .T. ) ;
#9672 = ORIENTED_EDGE ( 'NONE', *, *, #7620, .T. ) ;
#9673 = EDGE_CURVE ( 'NONE', #334, #1646, #7006, .T. ) ;
#9674 = DIRECTION ( 'NONE',  ( -2.465190328815661892E-32, 1.000000000000000000, -2.465190328815661892E-32 ) ) ;
#9675 = VECTOR ( 'NONE', #817, 1000.000000000000000 ) ;
#9676 = DIRECTION ( 'NONE',  ( -1.000000000000000000, 0.000000000000000000, 0.000000000000000000 ) ) ;
#9677 = DIRECTION ( 'NONE',  ( 0.000000000000000000, 0.000000000000000000, 1.000000000000000000 ) ) ;
#9678 = FACE_OUTER_BOUND ( 'NONE', #1677, .T. ) ;
#9679 = CARTESIAN_POINT ( 'NONE',  ( 1.699999999999999734, -1.269999999999999796, -0.4999999999999998890 ) ) ;
#9680 = DIRECTION ( 'NONE',  ( 1.000000000000000000, 3.252606517456510541E-15, -0.000000000000000000 ) ) ;
#9681 = ORIENTED_EDGE ( 'NONE', *, *, #1682, .T. ) ;
#9682 = DIRECTION ( 'NONE',  ( -0.000000000000000000, -1.000000000000000000, -0.000000000000000000 ) ) ;
#9683 = CARTESIAN_POINT ( 'NONE',  ( -0.7737652542620763185, 0.000000000000000000, -1.201033706287569558 ) ) ;
#9684 = AXIS2_PLACEMENT_3D ( 'NONE', #3402, #1830, #1039 ) ;
#9685 = ORIENTED_EDGE ( 'NONE', *, *, #5330, .T. ) ;
#9686 = EDGE_CURVE ( 'NONE', #8527, #1825, #3096, .T. ) ;
#9687 = DIRECTION ( 'NONE',  ( -0.000000000000000000, 1.000000000000000000, 0.000000000000000000 ) ) ;
#9688 = CARTESIAN_POINT ( 'NONE',  ( 2.263010408147878572, -1.247151766174257270, -1.280619391957610986 ) ) ;
#9689 = EDGE_CURVE ( 'NONE', #8218, #8689, #8722, .T. ) ;
#9690 = CIRCLE ( 'NONE', #1114, 0.1749999999999998224 ) ;
#9691 = FACE_OUTER_BOUND ( 'NONE', #4527, .T. ) ;
#9692 = VERTEX_POINT ( 'NONE', #6389 ) ;
#9693 = CARTESIAN_POINT ( 'NONE',  ( -1.699999999999999734, -1.269999999999999796, 0.5000000000000001110 ) ) ;
#9694 = CIRCLE ( 'NONE', #9368, 0.04999999999999991257 ) ;
#9695 = EDGE_LOOP ( 'NONE', ( #6761, #7329, #4613, #5299 ) ) ;
#9696 = CARTESIAN_POINT ( 'NONE',  ( 2.020460806029069190, -0.6999741646849380050, 0.3446869719097349627 ) ) ;
#9697 = ORIENTED_EDGE ( 'NONE', *, *, #8525, .T. ) ;
#9698 = ORIENTED_EDGE ( 'NONE', *, *, #7201, .F. ) ;
#9699 = DIRECTION ( 'NONE',  ( -1.000000000000000000, 0.000000000000000000, 0.000000000000000000 ) ) ;
#9700 = CARTESIAN_POINT ( 'NONE',  ( 0.4961224367392622625, -0.3365381571031996200, -1.300519108644608623 ) ) ;
#9701 = MECHANICAL_DESIGN_GEOMETRIC_PRESENTATION_REPRESENTATION (  '', ( #8239 ), #7099 ) ;
#9702 = LINE ( 'NONE', #8784, #6979 ) ;
#9703 = CARTESIAN_POINT ( 'NONE',  ( 1.401148175457528122, -0.6083740602123934860, 1.300000000000000266 ) ) ;
#9704 = CARTESIAN_POINT ( 'NONE',  ( 1.867386645469348405, -0.1499999999999996891, -0.4218284553639131129 ) ) ;
#9705 = ORIENTED_EDGE ( 'NONE', *, *, #684, .T. ) ;
#9706 = CARTESIAN_POINT ( 'NONE',  ( -1.949402302898350259, -0.1000000000000000056, 0.2718284553639131462 ) ) ;
#9707 = ORIENTED_EDGE ( 'NONE', *, *, #9789, .T. ) ;
#9708 = DIRECTION ( 'NONE',  ( 1.000000000000000000, -2.465190328815661892E-32, -2.220446049250313081E-16 ) ) ;
#9709 = ORIENTED_EDGE ( 'NONE', *, *, #4947, .F. ) ;
#9710 = ADVANCED_FACE ( 'NONE', ( #4872 ), #6201, .T. ) ;
#9711 = AXIS2_PLACEMENT_3D ( 'NONE', #2130, #3657, #2940 ) ;
#9712 = ORIENTED_EDGE ( 'NONE', *, *, #3884, .T. ) ;
#9713 = ORIENTED_EDGE ( 'NONE', *, *, #7783, .F. ) ;
#9714 = CARTESIAN_POINT ( 'NONE',  ( 1.921477287975225989, -0.7146486316980549258, 0.3355760658932243068 ) ) ;
#9715 = EDGE_CURVE ( 'NONE', #3664, #4971, #8625, .T. ) ;
#9716 = DIRECTION ( 'NONE',  ( -0.4148739022949276545, 0.9098789178756583329, -1.734723475976807094E-15 ) ) ;
#9717 = CARTESIAN_POINT ( 'NONE',  ( 1.200000000000000178, -0.05000000000000002359, 0.000000000000000000 ) ) ;
#9718 = AXIS2_PLACEMENT_3D ( 'NONE', #10, #3672, #5403 ) ;
#9719 = PLANE ( 'NONE',  #4027 ) ;
#9720 = DIRECTION ( 'NONE',  ( 0.000000000000000000, -1.000000000000000000, 9.346570452461245599E-18 ) ) ;
#9721 = CARTESIAN_POINT ( 'NONE',  ( 1.200000000000000178, -0.05000000000000002359, 1.875000000000000222 ) ) ;
#9722 = CARTESIAN_POINT ( 'NONE',  ( -1.301148175457528255, -0.1737471464775019736, 1.313126426761247689 ) ) ;
#9723 = VERTEX_POINT ( 'NONE', #1036 ) ;
#9724 = EDGE_CURVE ( 'NONE', #2134, #8739, #102, .T. ) ;
#9725 = ORIENTED_EDGE ( 'NONE', *, *, #697, .F. ) ;
#9726 = AXIS2_PLACEMENT_3D ( 'NONE', #6604, #6452, #8077 ) ;
#9727 = DIRECTION ( 'NONE',  ( 1.000000000000000000, 0.000000000000000000, 0.000000000000000000 ) ) ;
#9728 = EDGE_CURVE ( 'NONE', #6614, #4699, #6038, .T. ) ;
#9729 = CARTESIAN_POINT ( 'NONE',  ( 2.017386645469348316, -0.1499999999999991895, 0.4218284553639131129 ) ) ;
#9730 = LINE ( 'NONE', #523, #5140 ) ;
#9731 = B_SPLINE_CURVE_WITH_KNOTS ( 'NONE', 3,
 ( #1939, #7266, #8890, #7216, #5648, #3405, #1042 ),
 .UNSPECIFIED., .F., .F.,
 ( 4, 3, 4 ),
 ( 0.000000000000000000, 1.587750794576107895E-05, 2.522955427669577104E-05 ),
 .UNSPECIFIED. ) ;
#9732 = DIRECTION ( 'NONE',  ( 0.000000000000000000, 0.000000000000000000, 1.000000000000000000 ) ) ;
#9733 = CARTESIAN_POINT ( 'NONE',  ( -1.845392560103486179, 0.000000000000000000, 1.399999999999999245 ) ) ;
#9734 = CYLINDRICAL_SURFACE ( 'NONE', #1241, 0.04999999999999999584 ) ;
#9735 = DIRECTION ( 'NONE',  ( 2.465190328815661618E-32, -1.000000000000000000, 1.232595164407830672E-32 ) ) ;
#9736 = AXIS2_PLACEMENT_3D ( 'NONE', #7176, #7121, #4839 ) ;
#9737 = VERTEX_POINT ( 'NONE', #9488 ) ;
#9738 = LINE ( 'NONE', #4399, #9017 ) ;
#9739 = VECTOR ( 'NONE', #840, 1000.000000000000000 ) ;
#9740 = EDGE_CURVE ( 'NONE', #8439, #4432, #2536, .T. ) ;
#9741 = VERTEX_POINT ( 'NONE', #3144 ) ;
#9742 = AXIS2_PLACEMENT_3D ( 'NONE', #6768, #9782, #9877 ) ;
#9743 = VECTOR ( 'NONE', #9011, 1000.000000000000000 ) ;
#9744 = CARTESIAN_POINT ( 'NONE',  ( -1.799402302898350348, 0.000000000000000000, -0.2718284553639134793 ) ) ;
#9745 = DIRECTION ( 'NONE',  ( -1.000000000000000000, 0.000000000000000000, 0.000000000000000000 ) ) ;
#9746 = CARTESIAN_POINT ( 'NONE',  ( 1.084202172485504434E-15, -1.269999999999999796, 4.336808689942017736E-16 ) ) ;
#9747 = ORIENTED_EDGE ( 'NONE', *, *, #8466, .F. ) ;
#9748 = CARTESIAN_POINT ( 'NONE',  ( 2.091932801876343007, -0.9522993465468819752, -0.5089130437326638834 ) ) ;
#9749 = EDGE_CURVE ( 'NONE', #7373, #2537, #1734, .T. ) ;
#9750 = VERTEX_POINT ( 'NONE', #8576 ) ;
#9751 = EDGE_CURVE ( 'NONE', #1970, #5657, #3601, .T. ) ;
#9752 = PLANE ( 'NONE',  #7328 ) ;
#9753 = ORIENTED_EDGE ( 'NONE', *, *, #1713, .T. ) ;
#9754 = VECTOR ( 'NONE', #1747, 1000.000000000000000 ) ;
#9755 = CARTESIAN_POINT ( 'NONE',  ( -1.699999999999999734, -0.1000000000000000472, -1.350000000000000311 ) ) ;
#9756 = DIRECTION ( 'NONE',  ( 0.000000000000000000, 0.000000000000000000, 1.000000000000000000 ) ) ;
#9757 = DIRECTION ( 'NONE',  ( -4.996003610813194571E-16, 6.162975822039142414E-33, 1.000000000000000000 ) ) ;
#9758 = SPHERICAL_SURFACE ( 'NONE', #2681, 0.05000000000000000278 ) ;
#9759 = DIRECTION ( 'NONE',  ( -2.465190328815661892E-32, 1.000000000000000000, 1.848892746611746419E-32 ) ) ;
#9760 = LINE ( 'NONE', #5902, #8023 ) ;
#9761 = ORIENTED_EDGE ( 'NONE', *, *, #9839, .F. ) ;
#9762 = EDGE_CURVE ( 'NONE', #7942, #3832, #896, .T. ) ;
#9763 = DIRECTION ( 'NONE',  ( -1.000000000000000000, 0.000000000000000000, 0.000000000000000000 ) ) ;
#9764 = ORIENTED_EDGE ( 'NONE', *, *, #8724, .T. ) ;
#9765 = SPHERICAL_SURFACE ( 'NONE', #3598, 0.05000000000000000278 ) ;
#9766 = ORIENTED_EDGE ( 'NONE', *, *, #7850, .F. ) ;
#9767 = AXIS2_PLACEMENT_3D ( 'NONE', #1190, #7260, #337 ) ;
#9768 = ORIENTED_EDGE ( 'NONE', *, *, #6272, .T. ) ;
#9769 = ORIENTED_EDGE ( 'NONE', *, *, #5319, .F. ) ;
#9770 = DIRECTION ( 'NONE',  ( 1.000000000000000000, 0.000000000000000000, 0.000000000000000000 ) ) ;
#9771 = DIRECTION ( 'NONE',  ( 1.000000000000000000, 0.000000000000000000, 0.000000000000000000 ) ) ;
#9772 = DIRECTION ( 'NONE',  ( 1.000000000000000000, 0.000000000000000000, -0.000000000000000000 ) ) ;
#9773 = CYLINDRICAL_SURFACE ( 'NONE', #2768, 0.1499999999999999667 ) ;
#9774 = LINE ( 'NONE', #5158, #9620 ) ;
#9775 = CARTESIAN_POINT ( 'NONE',  ( -1.945017623016813024, -0.02095437914461631065, 0.9967050608698309055 ) ) ;
#9776 = VERTEX_POINT ( 'NONE', #388 ) ;
#9777 = VECTOR ( 'NONE', #6230, 1000.000000000000000 ) ;
#9778 = ORIENTED_EDGE ( 'NONE', *, *, #4433, .T. ) ;
#9779 = ADVANCED_FACE ( 'NONE', ( #5082 ), #5134, .F. ) ;
#9780 = APPLICATION_PROTOCOL_DEFINITION ( 'draft international standard', 'automotive_design', 1998, #1100 ) ;
#9781 = CARTESIAN_POINT ( 'NONE',  ( 2.091932801878037207, -0.9522993465461093709, 0.5089130437326299106 ) ) ;
#9782 = DIRECTION ( 'NONE',  ( 0.9098789178756583329, -0.4148739022949274324, -0.000000000000000000 ) ) ;
#9783 = LINE ( 'NONE', #8975, #6108 ) ;
#9784 = DIRECTION ( 'NONE',  ( -6.106226635438355056E-16, -2.465190328815659702E-32, 1.000000000000000000 ) ) ;
#9785 = CARTESIAN_POINT ( 'NONE',  ( 0.000000000000000000, -0.09999999999999982514, 1.474961434174603347 ) ) ;
#9786 = CARTESIAN_POINT ( 'NONE',  ( 1.920133797416756050, -0.7055241201862609834, 0.3767024259372538930 ) ) ;
#9787 = CARTESIAN_POINT ( 'NONE',  ( -1.899999999999999689, -0.6548169886614644275, 0.3499999999999999778 ) ) ;
#9788 = DIRECTION ( 'NONE',  ( -1.000000000000000000, 0.000000000000000000, 0.000000000000000000 ) ) ;
#9789 = EDGE_CURVE ( 'NONE', #8806, #8235, #8616, .T. ) ;
#9790 = VERTEX_POINT ( 'NONE', #5694 ) ;
#9791 = VECTOR ( 'NONE', #9966, 1000.000000000000000 ) ;
#9792 = DIRECTION ( 'NONE',  ( -0.000000000000000000, -0.1564615434407232442, 0.9876840514173278462 ) ) ;
#9793 = EDGE_CURVE ( 'NONE', #1863, #272, #6542, .T. ) ;
#9794 = FACE_OUTER_BOUND ( 'NONE', #5494, .T. ) ;
#9795 = EDGE_LOOP ( 'NONE', ( #6401, #3147, #9705, #2466, #7308 ) ) ;
#9796 = CARTESIAN_POINT ( 'NONE',  ( 3.035766082959412415E-15, -1.419999999999999929, -5.421010862427522170E-16 ) ) ;
#9797 = CIRCLE ( 'NONE', #1060, 0.1499999999999999667 ) ;
#9798 = ORIENTED_EDGE ( 'NONE', *, *, #4674, .T. ) ;
#9799 = EDGE_CURVE ( 'NONE', #7312, #1348, #8222, .T. ) ;
#9800 = DIRECTION ( 'NONE',  ( 0.000000000000000000, 0.000000000000000000, -1.000000000000000000 ) ) ;
#9801 = VERTEX_POINT ( 'NONE', #6595 ) ;
#9802 = AXIS2_PLACEMENT_3D ( 'NONE', #582, #2110, #6682 ) ;
#9803 = ADVANCED_FACE ( 'NONE', ( #4309 ), #4975, .T. ) ;
#9804 = PLANE ( 'NONE',  #8857 ) ;
#9805 = FACE_OUTER_BOUND ( 'NONE', #9871, .T. ) ;
#9806 = CARTESIAN_POINT ( 'NONE',  ( 0.4961224367392622625, 0.000000000000000000, 1.382258232211409421 ) ) ;
#9807 = FACE_OUTER_BOUND ( 'NONE', #1892, .T. ) ;
#9808 = CARTESIAN_POINT ( 'NONE',  ( 2.020050259433376016, -0.6976831516569782510, -0.3294667111494865019 ) ) ;
#9809 = ORIENTED_EDGE ( 'NONE', *, *, #6127, .F. ) ;
#9810 = DIRECTION ( 'NONE',  ( 2.710505431213762564E-16, 0.000000000000000000, -1.000000000000000000 ) ) ;
#9811 = ORIENTED_EDGE ( 'NONE', *, *, #4075, .T. ) ;
#9812 = CARTESIAN_POINT ( 'NONE',  ( -1.899999999999999689, -0.6548169886614644275, -0.3499999999999999778 ) ) ;
#9813 = ORIENTED_EDGE ( 'NONE', *, *, #7859, .T. ) ;
#9814 = ORIENTED_EDGE ( 'NONE', *, *, #89, .T. ) ;
#9815 = VERTEX_POINT ( 'NONE', #4150 ) ;
#9816 = ADVANCED_FACE ( 'NONE', ( #491 ), #228, .T. ) ;
#9817 = DIRECTION ( 'NONE',  ( 0.000000000000000000, 1.000000000000000000, 0.000000000000000000 ) ) ;
#9818 = AXIS2_PLACEMENT_3D ( 'NONE', #9704, #6451, #4215 ) ;
#9819 = CARTESIAN_POINT ( 'NONE',  ( 1.240738127466182172, -0.1024072179130548627, 1.845548325274800838 ) ) ;
#9820 = DIRECTION ( 'NONE',  ( 0.000000000000000000, 0.9998476951563913806, 0.01745240643728366084 ) ) ;
#9821 = CARTESIAN_POINT ( 'NONE',  ( -2.217386645469349826, -0.4316846845395707621, 0.2774175960637573213 ) ) ;
#9822 = DIRECTION ( 'NONE',  ( 0.000000000000000000, 1.000000000000000000, 0.000000000000000000 ) ) ;
#9823 = CARTESIAN_POINT ( 'NONE',  ( -1.401148175457528122, -0.1000000000000002137, 1.399999999999999911 ) ) ;
#9824 = ORIENTED_EDGE ( 'NONE', *, *, #5224, .F. ) ;
#9825 = ORIENTED_EDGE ( 'NONE', *, *, #4091, .F. ) ;
#9826 = AXIS2_PLACEMENT_3D ( 'NONE', #2623, #5734, #4963 ) ;
#9827 = CARTESIAN_POINT ( 'NONE',  ( 0.6213454383285147431, -0.09999999999999996392, -1.379289321881345565 ) ) ;
#9828 = AXIS2_PLACEMENT_3D ( 'NONE', #7609, #7758, #7001 ) ;
#9829 = DIRECTION ( 'NONE',  ( 0.000000000000000000, 6.982962677686266711E-15, -1.000000000000000000 ) ) ;
#9830 = CARTESIAN_POINT ( 'NONE',  ( -1.917386645469349782, -0.7766002279829631316, 0.9172206883889949536 ) ) ;
#9831 = CARTESIAN_POINT ( 'NONE',  ( 1.919566138733227456, -0.7013583735267767683, 0.3796142388993317685 ) ) ;
#9832 = CARTESIAN_POINT ( 'NONE',  ( 0.2595474544006036721, -1.145404838548830684, -1.207029204805405431 ) ) ;
#9833 = DIRECTION ( 'NONE',  ( 0.000000000000000000, 0.000000000000000000, 1.000000000000000000 ) ) ;
#9834 = ORIENTED_EDGE ( 'NONE', *, *, #5976, .T. ) ;
#9835 = ADVANCED_FACE ( 'NONE', ( #5745 ), #9752, .F. ) ;
#9836 = VECTOR ( 'NONE', #5570, 1000.000000000000000 ) ;
#9837 = PLANE ( 'NONE',  #133 ) ;
#9838 = CARTESIAN_POINT ( 'NONE',  ( 1.995392560103486090, -0.1000000000000000056, 1.138612766526183817 ) ) ;
#9839 = EDGE_CURVE ( 'NONE', #7740, #3255, #3817, .T. ) ;
#9840 = CARTESIAN_POINT ( 'NONE',  ( -1.716333248810662182, -0.1076264815836660560, 1.376542135125506272 ) ) ;
#9841 = ORIENTED_EDGE ( 'NONE', *, *, #1382, .T. ) ;
#9842 = DIRECTION ( 'NONE',  ( 0.000000000000000000, 0.000000000000000000, -1.000000000000000000 ) ) ;
#9843 = CIRCLE ( 'NONE', #3680, 0.05000000000000012768 ) ;
#9844 = EDGE_LOOP ( 'NONE', ( #4504, #9351, #1445, #9401, #3110 ) ) ;
#9845 = EDGE_CURVE ( 'NONE', #6785, #4725, #4555, .T. ) ;
#9846 = VECTOR ( 'NONE', #8174, 1000.000000000000000 ) ;
#9847 = DIRECTION ( 'NONE',  ( 1.000000000000000000, -0.000000000000000000, -0.000000000000000000 ) ) ;
#9848 = DIRECTION ( 'NONE',  ( -1.000000000000000000, -0.000000000000000000, -3.944829737176227913E-16 ) ) ;
#9849 = EDGE_CURVE ( 'NONE', #9419, #1807, #3608, .T. ) ;
#9850 = CARTESIAN_POINT ( 'NONE',  ( 1.717386645469347606, -1.420000000000000151, 1.400000000000000133 ) ) ;
#9851 = CARTESIAN_POINT ( 'NONE',  ( -1.917386645469348450, -0.1499999999999995226, -0.4218284553639131129 ) ) ;
#9852 = DIRECTION ( 'NONE',  ( 0.000000000000000000, 0.000000000000000000, 1.000000000000000000 ) ) ;
#9853 = CARTESIAN_POINT ( 'NONE',  ( -2.217386645469349826, -0.3983513512062374917, -0.2774175960637574323 ) ) ;
#9854 = ORIENTED_EDGE ( 'NONE', *, *, #3990, .T. ) ;
#9855 = ORIENTED_EDGE ( 'NONE', *, *, #4022, .T. ) ;
#9856 = CARTESIAN_POINT ( 'NONE',  ( 1.918501613580710474, -0.6948700914675075557, -0.2993942391300360994 ) ) ;
#9857 = ORIENTED_EDGE ( 'NONE', *, *, #1563, .F. ) ;
#9858 = EDGE_CURVE ( 'NONE', #825, #5293, #6090, .T. ) ;
#9859 = ORIENTED_EDGE ( 'NONE', *, *, #2161, .T. ) ;
#9860 = ORIENTED_EDGE ( 'NONE', *, *, #5516, .T. ) ;
#9861 = VECTOR ( 'NONE', #5624, 1000.000000000000000 ) ;
#9862 = CARTESIAN_POINT ( 'NONE',  ( 1.917386645469350004, -0.6650180178729041547, 0.3949867687062131871 ) ) ;
#9863 = DIRECTION ( 'NONE',  ( 2.465190328815661071E-32, -1.000000000000000000, -1.232595164407830125E-32 ) ) ;
#9864 = FACE_OUTER_BOUND ( 'NONE', #3044, .T. ) ;
#9865 = CARTESIAN_POINT ( 'NONE',  ( -1.684053312136017277, -0.9316846845395710952, -0.7718015200835196543 ) ) ;
#9866 = EDGE_LOOP ( 'NONE', ( #7892, #9537 ) ) ;
#9867 = DIRECTION ( 'NONE',  ( 0.000000000000000000, 0.000000000000000000, 1.000000000000000000 ) ) ;
#9868 = CIRCLE ( 'NONE', #5496, 0.1000000000000000472 ) ;
#9869 = FACE_OUTER_BOUND ( 'NONE', #1230, .T. ) ;
#9870 = DIRECTION ( 'NONE',  ( 0.000000000000000000, 0.000000000000000000, -1.000000000000000000 ) ) ;
#9871 = EDGE_LOOP ( 'NONE', ( #990, #1468, #2258, #9126 ) ) ;
#9872 = ADVANCED_FACE ( 'NONE', ( #5179 ), #2217, .T. ) ;
#9873 = ORIENTED_EDGE ( 'NONE', *, *, #8834, .F. ) ;
#9874 = EDGE_CURVE ( 'NONE', #8556, #9353, #2460, .T. ) ;
#9875 = B_SPLINE_CURVE_WITH_KNOTS ( 'NONE', 3,
 ( #5154, #9110, #612, #5248, #8242, #4522, #3670, #6759, #7628, #6663 ),
 .UNSPECIFIED., .F., .F.,
 ( 4, 3, 3, 4 ),
 ( 1.355252715606880543E-20, 3.848730360427968255E-05, 7.706982756232626025E-05, 9.093846203317905257E-05 ),
 .UNSPECIFIED. ) ;
#9876 = ADVANCED_FACE ( 'NONE', ( #9039 ), #2836, .F. ) ;
#9877 = DIRECTION ( 'NONE',  ( -0.4148739022949274879, -0.9098789178756583329, 0.000000000000000000 ) ) ;
#9879 = VECTOR ( 'NONE', #6485, 1000.000000000000000 ) ;
#9878 = CARTESIAN_POINT ( 'NONE',  ( 1.274999999999999911, -0.1499999999999998002, 0.7000000000000001776 ) ) ;
#9880 = DIRECTION ( 'NONE',  ( 0.000000000000000000, -0.9948089135539065486, 0.1017606285048205939 ) ) ;
#9881 = DIRECTION ( 'NONE',  ( 1.000000000000000000, 0.000000000000000000, -0.000000000000000000 ) ) ;
#9882 = ORIENTED_EDGE ( 'NONE', *, *, #1972, .T. ) ;
#9883 = AXIS2_PLACEMENT_3D ( 'NONE', #3315, #363, #6412 ) ;
#9884 = AXIS2_PLACEMENT_3D ( 'NONE', #805, #953, #6349 ) ;
#9885 = ORIENTED_EDGE ( 'NONE', *, *, #5387, .F. ) ;
#9886 = ORIENTED_EDGE ( 'NONE', *, *, #12, .F. ) ;
#9887 = DIRECTION ( 'NONE',  ( -0.1501478781677598739, 0.3292961744590264805, 0.9322122312909061348 ) ) ;
#9888 = CARTESIAN_POINT ( 'NONE',  ( -1.922673550877665116, -0.7225998826769935990, 0.3377769259671095092 ) ) ;
#9889 = VECTOR ( 'NONE', #377, 1000.000000000000000 ) ;
#9890 = VECTOR ( 'NONE', #715, 1000.000000000000000 ) ;
#9891 = CARTESIAN_POINT ( 'NONE',  ( 1.700000000000000178, -0.1000000000000000472, 1.350000000000000533 ) ) ;
#9892 = CARTESIAN_POINT ( 'NONE',  ( -1.715492542398819875, -0.1007422863593639001, 1.358865060221046139 ) ) ;
#9893 = VERTEX_POINT ( 'NONE', #1288 ) ;
#9894 = CARTESIAN_POINT ( 'NONE',  ( 2.061603504612126159, -0.9661284766241521327, -0.5089130437326802037 ) ) ;
#9895 = LINE ( 'NONE', #2933, #8138 ) ;
#9896 = VERTEX_POINT ( 'NONE', #3748 ) ;
#9897 = VECTOR ( 'NONE', #3152, 1000.000000000000000 ) ;
#9898 = ADVANCED_FACE ( 'NONE', ( #8375 ), #3697, .F. ) ;
#9899 = AXIS2_PLACEMENT_3D ( 'NONE', #3104, #8, #8682 ) ;
#9900 = LINE ( 'NONE', #6241, #7558 ) ;
#9901 = LINE ( 'NONE', #495, #8679 ) ;
#9902 = CARTESIAN_POINT ( 'NONE',  ( 0.000000000000000000, -0.1199999999999998290, 1.208497736014245927 ) ) ;
#9903 = CIRCLE ( 'NONE', #3417, 0.05000000000000012768 ) ;
#9904 = CARTESIAN_POINT ( 'NONE',  ( 2.080062634905711416, -0.8459206426339526130, 0.1447648332056534759 ) ) ;
#9905 = CARTESIAN_POINT ( 'NONE',  ( -1.918763214590938349, -0.6937242285320422974, -0.3869630593269962060 ) ) ;
#9906 = ORIENTED_EDGE ( 'NONE', *, *, #9190, .T. ) ;
#9907 = VERTEX_POINT ( 'NONE', #5944 ) ;
#9908 = LINE ( 'NONE', #648, #73 ) ;
#9909 = ORIENTED_EDGE ( 'NONE', *, *, #4897, .T. ) ;
#9910 = ORIENTED_EDGE ( 'NONE', *, *, #3826, .F. ) ;
#9911 = EDGE_CURVE ( 'NONE', #3156, #5180, #737, .T. ) ;
#9912 = VERTEX_POINT ( 'NONE', #5233 ) ;
#9913 = VECTOR ( 'NONE', #606, 1000.000000000000000 ) ;
#9914 = CARTESIAN_POINT ( 'NONE',  ( -1.199999999999999956, -0.05000000000000002359, 2.075000000000000178 ) ) ;
#9915 = CARTESIAN_POINT ( 'NONE',  ( 1.229587512267589444, -0.09999999999999976963, 1.834347331253381563 ) ) ;
#9916 = CARTESIAN_POINT ( 'NONE',  ( 1.917386645469348450, -0.1131169872250361169, -0.9928150550226966242 ) ) ;
#9917 = FACE_OUTER_BOUND ( 'NONE', #4024, .T. ) ;
#9918 = EDGE_CURVE ( 'NONE', #1823, #825, #9895, .T. ) ;
#9919 = EDGE_LOOP ( 'NONE', ( #2750, #9906, #5567, #5769 ) ) ;
#9920 = VECTOR ( 'NONE', #4769, 1000.000000000000000 ) ;
#9921 = PLANE ( 'NONE',  #7835 ) ;
#9922 = CARTESIAN_POINT ( 'NONE',  ( 1.224999999999999867, 0.000000000000000000, 1.849999999999999867 ) ) ;
#9923 = ORIENTED_EDGE ( 'NONE', *, *, #837, .T. ) ;
#9924 = ORIENTED_EDGE ( 'NONE', *, *, #4317, .T. ) ;
#9925 = DIRECTION ( 'NONE',  ( 0.000000000000000000, 0.000000000000000000, 1.000000000000000000 ) ) ;
#9926 = DIRECTION ( 'NONE',  ( -0.4148739022949270994, -0.9098789178756585549, 1.776356839400250859E-15 ) ) ;
#9927 = EDGE_CURVE ( 'NONE', #8880, #2660, #1028, .T. ) ;
#9928 = CARTESIAN_POINT ( 'NONE',  ( 0.000000000000000000, -1.269999999999999796, 0.000000000000000000 ) ) ;
#9929 = CARTESIAN_POINT ( 'NONE',  ( -1.224999999999999645, -0.4499999999999999001, 0.7500000000000002220 ) ) ;
#9930 = DIRECTION ( 'NONE',  ( -1.734723475976807094E-15, 0.9876840514173278462, 0.1564615434407230776 ) ) ;
#9931 = DIRECTION ( 'NONE',  ( 1.000000000000000000, 0.000000000000000000, 0.000000000000000000 ) ) ;
#9932 = ORIENTED_EDGE ( 'NONE', *, *, #3596, .T. ) ;
#9933 = ORIENTED_EDGE ( 'NONE', *, *, #2729, .T. ) ;
#9934 = FACE_OUTER_BOUND ( 'NONE', #5305, .T. ) ;
#9935 = CARTESIAN_POINT ( 'NONE',  ( 1.301148175457527589, -0.1707106781186547018, 1.358578643762690330 ) ) ;
#9936 = EDGE_CURVE ( 'NONE', #1702, #8454, #2073, .T. ) ;
#9937 = DIRECTION ( 'NONE',  ( 1.387778780781445182E-16, -1.232595164407830399E-32, -1.000000000000000000 ) ) ;
#9938 = CARTESIAN_POINT ( 'NONE',  ( -1.845392560103486179, -0.1000000000000000056, -1.399999999999999245 ) ) ;
#9939 = CARTESIAN_POINT ( 'NONE',  ( -1.850000358201239647, -0.1499999999999999667, 1.200189261712071964 ) ) ;
#9940 = EDGE_LOOP ( 'NONE', ( #1591, #808, #214, #8516, #3760 ) ) ;
#9941 = DIRECTION ( 'NONE',  ( 0.000000000000000000, 0.000000000000000000, 1.000000000000000000 ) ) ;
#9942 = UNCERTAINTY_MEASURE_WITH_UNIT (LENGTH_MEASURE( 1.000000000000000082E-05 ), #7943, 'distance_accuracy_value', 'NONE');
#9943 = CARTESIAN_POINT ( 'NONE',  ( 2.020024856900107135, -0.9552861420438116813, 0.3369225578399871468 ) ) ;
#9944 = ORIENTED_EDGE ( 'NONE', *, *, #1534, .F. ) ;
#9945 = CARTESIAN_POINT ( 'NONE',  ( 0.9749999999999999778, -1.919999999999999929, 0.9249999999999998224 ) ) ;
#9946 = DIRECTION ( 'NONE',  ( -0.000000000000000000, 1.000000000000000000, -0.000000000000000000 ) ) ;
#9947 = AXIS2_PLACEMENT_3D ( 'NONE', #7777, #13, #3918 ) ;
#9948 = CARTESIAN_POINT ( 'NONE',  ( -2.019277449907997735, -0.6931143001725725838, -0.3822878226370939325 ) ) ;
#9949 = CYLINDRICAL_SURFACE ( 'NONE', #8246, 0.04999999999999991257 ) ;
#9950 = CARTESIAN_POINT ( 'NONE',  ( -1.922767486831765682, -0.7215860654434330668, -0.3490703432461000899 ) ) ;
#9951 = ORIENTED_EDGE ( 'NONE', *, *, #1364, .F. ) ;
#9952 = VERTEX_POINT ( 'NONE', #4409 ) ;
#9953 = CARTESIAN_POINT ( 'NONE',  ( 2.017386645469348316, -0.1131169872250357838, -0.9928150550226966242 ) ) ;
#9954 = ORIENTED_EDGE ( 'NONE', *, *, #6986, .T. ) ;
#9955 = EDGE_LOOP ( 'NONE', ( #6129, #8460, #724, #5049 ) ) ;
#9956 = AXIS2_PLACEMENT_3D ( 'NONE', #8563, #1676, #3936 ) ;
#9957 = EDGE_CURVE ( 'NONE', #5442, #5746, #3034, .T. ) ;
#9958 = DIRECTION ( 'NONE',  ( 1.000000000000000000, 0.000000000000000000, 0.000000000000000000 ) ) ;
#9959 = CARTESIAN_POINT ( 'NONE',  ( 2.217386645469349826, -0.4316846845395707621, 0.2774175960637573213 ) ) ;
#9960 = LINE ( 'NONE', #3624, #3887 ) ;
#9961 = CARTESIAN_POINT ( 'NONE',  ( -1.944422970106652437, -0.7894801885613823567, -1.510468355502019744 ) ) ;
#9962 = CARTESIAN_POINT ( 'NONE',  ( -2.750719978802683929, -0.9316846845395710952, -0.7718015200835193212 ) ) ;
#9963 = EDGE_CURVE ( 'NONE', #286, #6224, #7492, .T. ) ;
#9964 = AXIS2_PLACEMENT_3D ( 'NONE', #5312, #8552, #2252 ) ;
#9965 = ORIENTED_EDGE ( 'NONE', *, *, #3416, .F. ) ;
#9966 = DIRECTION ( 'NONE',  ( -0.000000000000000000, -1.000000000000000000, -0.000000000000000000 ) ) ;
#9967 = ORIENTED_EDGE ( 'NONE', *, *, #6324, .F. ) ;
#9968 = CARTESIAN_POINT ( 'NONE',  ( -2.031274207352990135, -0.9799576066991059209, -1.510468355502019744 ) ) ;
#9969 = ORIENTED_EDGE ( 'NONE', *, *, #3729, .F. ) ;
#9970 = ORIENTED_EDGE ( 'NONE', *, *, #7351, .F. ) ;
#9971 = EDGE_CURVE ( 'NONE', #7502, #5304, #8322, .T. ) ;
#9972 = VECTOR ( 'NONE', #4611, 1000.000000000000000 ) ;
#9973 = LINE ( 'NONE', #8446, #8931 ) ;
#9974 = DIRECTION ( 'NONE',  ( -1.000000000000000000, 0.000000000000000000, 3.614007241618346306E-16 ) ) ;
#9975 = EDGE_CURVE ( 'NONE', #4844, #9655, #2885, .T. ) ;
#9976 = DIRECTION ( 'NONE',  ( -1.000000000000000000, 0.000000000000000000, 0.000000000000000000 ) ) ;
#9977 = FACE_OUTER_BOUND ( 'NONE', #5910, .T. ) ;
#9978 = CARTESIAN_POINT ( 'NONE',  ( 0.4961224367392622625, -0.3314104039620769382, -1.399999999999999467 ) ) ;
#9979 = DIRECTION ( 'NONE',  ( 0.000000000000000000, 0.000000000000000000, 1.000000000000000000 ) ) ;
#9980 = VECTOR ( 'NONE', #1123, 1000.000000000000000 ) ;
#9981 = VECTOR ( 'NONE', #8681, 1000.000000000000000 ) ;
#9982 = ORIENTED_EDGE ( 'NONE', *, *, #518, .F. ) ;
#9983 = ORIENTED_EDGE ( 'NONE', *, *, #7509, .T. ) ;
#9984 = ORIENTED_EDGE ( 'NONE', *, *, #3607, .F. ) ;
#9985 = EDGE_CURVE ( 'NONE', #2072, #3551, #2269, .T. ) ;
#9986 = DIRECTION ( 'NONE',  ( 0.000000000000000000, 0.000000000000000000, -1.000000000000000000 ) ) ;
#9987 = VECTOR ( 'NONE', #4456, 1000.000000000000000 ) ;
#9988 = CARTESIAN_POINT ( 'NONE',  ( 0.000000000000000000, -0.1999999999999998168, 1.474961434174603347 ) ) ;
#9989 = DIRECTION ( 'NONE',  ( 0.000000000000000000, 1.000000000000000000, 0.000000000000000000 ) ) ;
#9990 = CARTESIAN_POINT ( 'NONE',  ( 1.899999999999999911, -1.420000000000000151, -1.199999999999999734 ) ) ;
#9991 = CARTESIAN_POINT ( 'NONE',  ( -1.899999999999999467, -0.1499999999999999667, -1.200000000000000178 ) ) ;
#9992 = ORIENTED_EDGE ( 'NONE', *, *, #4459, .T. ) ;
#9993 = LINE ( 'NONE', #3081, #2842 ) ;
#9994 = LINE ( 'NONE', #9654, #7666 ) ;
#9995 = VECTOR ( 'NONE', #5826, 1000.000000000000000 ) ;
#9996 = CARTESIAN_POINT ( 'NONE',  ( -1.224999999999999867, -1.050000000000000044, 1.849999999999999867 ) ) ;
#9997 = ORIENTED_EDGE ( 'NONE', *, *, #6813, .T. ) ;
#9998 = EDGE_CURVE ( 'NONE', #1097, #482, #3844, .T. ) ;
#9999 = EDGE_CURVE ( 'NONE', #7067, #1301, #711, .T. ) ;
#10000 = DIRECTION ( 'NONE',  ( 5.421010862427532031E-16, -0.000000000000000000, -1.000000000000000000 ) ) ;
#10001 = DIRECTION ( 'NONE',  ( 0.000000000000000000, 1.000000000000000000, 0.000000000000000000 ) ) ;
#10002 = AXIS2_PLACEMENT_3D ( 'NONE', #1268, #1219, #1115 ) ;
#10003 = DIRECTION ( 'NONE',  ( -2.166632114861838388E-15, 0.000000000000000000, 1.000000000000000000 ) ) ;
#10004 = CARTESIAN_POINT ( 'NONE',  ( 2.017386645469349649, -0.6650180178729041547, -0.3949867687062132982 ) ) ;
#10005 = VERTEX_POINT ( 'NONE', #9513 ) ;
#10006 = NEXT_ASSEMBLY_USAGE_OCCURRENCE ( 'NAUO1', ' ', ' ', #480, #9321, $ ) ;
ENDSEC;
END-ISO-10303-21;
